N,K,Min Ratio,Average Ratio,Max Ratio,Min Time,Average Time,Max Time,Standard Deviation (Ratio),Standard Deviation (Time)
20,2,1.028,1.028,1.028,0.005,0.005,0.005,0.000,0.000
20,2,1.137,1.137,1.137,0.004,0.004,0.004,0.000,0.000
20,2,1.165,1.165,1.165,0.006,0.006,0.006,0.000,0.000
20,2,1.055,1.055,1.055,0.006,0.006,0.006,0.000,0.000
20,2,1.152,1.152,1.152,0.004,0.004,0.004,0.000,0.000
20,2,1.159,1.159,1.159,0.004,0.004,0.004,0.000,0.000
20,2,1.233,1.233,1.233,0.004,0.004,0.004,0.000,0.000
20,2,1.026,1.026,1.026,0.005,0.005,0.005,0.000,0.000
20,2,1.173,1.173,1.173,0.005,0.005,0.005,0.000,0.000
20,2,1.106,1.106,1.106,0.004,0.004,0.004,0.000,0.000
20,2,1.003,1.003,1.003,0.005,0.005,0.005,0.000,0.000
20,2,1.279,1.279,1.279,0.004,0.004,0.004,0.000,0.000
20,2,1.156,1.156,1.156,0.004,0.004,0.004,0.000,0.000
20,2,1.243,1.243,1.243,0.004,0.004,0.004,0.000,0.000
20,2,1.044,1.044,1.044,0.004,0.004,0.004,0.000,0.000
20,2,1.019,1.019,1.019,0.004,0.004,0.004,0.000,0.000
20,2,1.098,1.098,1.098,0.005,0.005,0.005,0.000,0.000
20,2,1.208,1.208,1.208,0.004,0.004,0.004,0.000,0.000
20,2,1.047,1.047,1.047,0.006,0.006,0.006,0.000,0.000
20,2,1.412,1.412,1.412,0.005,0.005,0.005,0.000,0.000
20,2,1.048,1.048,1.048,0.004,0.004,0.004,0.000,0.000
20,2,1.043,1.043,1.043,0.006,0.006,0.006,0.000,0.000
20,2,1.045,1.045,1.045,0.004,0.004,0.004,0.000,0.000
20,2,1.075,1.075,1.075,0.004,0.004,0.004,0.000,0.000
20,2,1.008,1.008,1.008,0.004,0.004,0.004,0.000,0.000
20,2,1.049,1.049,1.049,0.005,0.005,0.005,0.000,0.000
20,2,1.250,1.250,1.250,0.005,0.005,0.005,0.000,0.000
20,2,1.129,1.129,1.129,0.004,0.004,0.004,0.000,0.000
20,2,1.105,1.105,1.105,0.004,0.004,0.004,0.000,0.000
20,2,1.045,1.045,1.045,0.006,0.006,0.006,0.000,0.000
20,2,1.081,1.081,1.081,0.004,0.004,0.004,0.000,0.000
20,2,1.267,1.267,1.267,0.005,0.005,0.005,0.000,0.000
20,2,1.027,1.027,1.027,0.004,0.004,0.004,0.000,0.000
20,2,1.098,1.098,1.098,0.004,0.004,0.004,0.000,0.000
20,2,1.167,1.167,1.167,0.008,0.008,0.008,0.000,0.000
20,2,1.004,1.004,1.004,0.004,0.004,0.004,0.000,0.000
20,2,1.064,1.064,1.064,0.004,0.004,0.004,0.000,0.000
20,2,1.109,1.109,1.109,0.005,0.005,0.005,0.000,0.000
20,2,1.086,1.086,1.086,0.004,0.004,0.004,0.000,0.000
20,2,1.116,1.116,1.116,0.005,0.005,0.005,0.000,0.000
20,2,1.296,1.296,1.296,0.004,0.004,0.004,0.000,0.000
20,2,1.003,1.003,1.003,0.005,0.005,0.005,0.000,0.000
20,2,1.126,1.126,1.126,0.004,0.004,0.004,0.000,0.000
20,2,1.261,1.261,1.261,0.004,0.004,0.004,0.000,0.000
20,2,1.104,1.104,1.104,0.004,0.004,0.004,0.000,0.000
20,2,1.200,1.200,1.200,0.004,0.004,0.004,0.000,0.000
20,2,1.000,1.000,1.000,0.004,0.004,0.004,0.000,0.000
20,2,1.055,1.055,1.055,0.004,0.004,0.004,0.000,0.000
20,2,1.095,1.095,1.095,0.004,0.004,0.004,0.000,0.000
20,2,1.008,1.008,1.008,0.005,0.005,0.005,0.000,0.000
20,2,1.265,1.265,1.265,0.004,0.004,0.004,0.000,0.000
20,2,1.125,1.125,1.125,0.005,0.005,0.005,0.000,0.000
20,2,1.020,1.020,1.020,0.004,0.004,0.004,0.000,0.000
20,2,1.383,1.383,1.383,0.004,0.004,0.004,0.000,0.000
20,2,1.109,1.109,1.109,0.005,0.005,0.005,0.000,0.000
20,2,1.104,1.104,1.104,0.004,0.004,0.004,0.000,0.000
20,2,1.053,1.053,1.053,0.004,0.004,0.004,0.000,0.000
20,2,1.077,1.077,1.077,0.005,0.005,0.005,0.000,0.000
20,2,1.183,1.183,1.183,0.005,0.005,0.005,0.000,0.000
20,2,1.090,1.090,1.090,0.005,0.005,0.005,0.000,0.000
20,2,1.250,1.250,1.250,0.005,0.005,0.005,0.000,0.000
20,2,1.150,1.150,1.150,0.004,0.004,0.004,0.000,0.000
20,2,1.036,1.036,1.036,0.004,0.004,0.004,0.000,0.000
20,2,1.021,1.021,1.021,0.004,0.004,0.004,0.000,0.000
20,2,1.062,1.062,1.062,0.005,0.005,0.005,0.000,0.000
20,2,1.221,1.221,1.221,0.004,0.004,0.004,0.000,0.000
20,2,1.080,1.080,1.080,0.004,0.004,0.004,0.000,0.000
20,2,1.180,1.180,1.180,0.005,0.005,0.005,0.000,0.000
20,2,1.030,1.030,1.030,0.004,0.004,0.004,0.000,0.000
20,2,1.077,1.077,1.077,0.004,0.004,0.004,0.000,0.000
20,2,1.000,1.000,1.000,0.004,0.004,0.004,0.000,0.000
20,2,1.187,1.187,1.187,0.004,0.004,0.004,0.000,0.000
20,2,1.148,1.148,1.148,0.005,0.005,0.005,0.000,0.000
20,2,1.026,1.026,1.026,0.006,0.006,0.006,0.000,0.000
20,2,1.238,1.238,1.238,0.005,0.005,0.005,0.000,0.000
20,2,1.050,1.050,1.050,0.004,0.004,0.004,0.000,0.000
20,2,1.211,1.211,1.211,0.005,0.005,0.005,0.000,0.000
20,2,1.058,1.058,1.058,0.004,0.004,0.004,0.000,0.000
20,2,1.011,1.011,1.011,0.005,0.005,0.005,0.000,0.000
20,2,1.142,1.142,1.142,0.005,0.005,0.005,0.000,0.000
20,2,1.215,1.215,1.215,0.004,0.004,0.004,0.000,0.000
20,2,1.000,1.000,1.000,0.005,0.005,0.005,0.000,0.000
20,2,1.071,1.071,1.071,0.005,0.005,0.005,0.000,0.000
20,2,1.101,1.101,1.101,0.004,0.004,0.004,0.000,0.000
20,2,1.162,1.162,1.162,0.004,0.004,0.004,0.000,0.000
20,2,1.001,1.001,1.001,0.004,0.004,0.004,0.000,0.000
20,2,1.036,1.036,1.036,0.005,0.005,0.005,0.000,0.000
20,2,1.010,1.010,1.010,0.005,0.005,0.005,0.000,0.000
20,2,1.099,1.099,1.099,0.004,0.004,0.004,0.000,0.000
20,2,1.167,1.167,1.167,0.004,0.004,0.004,0.000,0.000
20,2,1.256,1.256,1.256,0.004,0.004,0.004,0.000,0.000
20,2,1.234,1.234,1.234,0.006,0.006,0.006,0.000,0.000
20,2,1.021,1.021,1.021,0.004,0.004,0.004,0.000,0.000
20,2,1.060,1.060,1.060,0.004,0.004,0.004,0.000,0.000
20,2,1.107,1.107,1.107,0.006,0.006,0.006,0.000,0.000
20,2,1.210,1.210,1.210,0.005,0.005,0.005,0.000,0.000
20,2,1.110,1.110,1.110,0.004,0.004,0.004,0.000,0.000
20,2,1.057,1.057,1.057,0.006,0.006,0.006,0.000,0.000
20,2,1.058,1.058,1.058,0.004,0.004,0.004,0.000,0.000
20,2,1.121,1.121,1.121,0.004,0.004,0.004,0.000,0.000
20,3,1.056,1.056,1.056,0.006,0.006,0.006,0.000,0.000
20,3,1.109,1.109,1.109,0.005,0.005,0.005,0.000,0.000
20,3,1.134,1.134,1.134,0.004,0.004,0.004,0.000,0.000
20,3,1.107,1.107,1.107,0.005,0.005,0.005,0.000,0.000
20,3,1.238,1.238,1.238,0.005,0.005,0.005,0.000,0.000
20,3,1.010,1.010,1.010,0.004,0.004,0.004,0.000,0.000
20,3,1.000,1.000,1.000,0.004,0.004,0.004,0.000,0.000
20,3,1.010,1.010,1.010,0.004,0.004,0.004,0.000,0.000
20,3,1.131,1.131,1.131,0.004,0.004,0.004,0.000,0.000
20,3,1.159,1.159,1.159,0.005,0.005,0.005,0.000,0.000
20,3,1.262,1.262,1.262,0.006,0.006,0.006,0.000,0.000
20,3,1.044,1.044,1.044,0.004,0.004,0.004,0.000,0.000
20,3,1.137,1.137,1.137,0.004,0.004,0.004,0.000,0.000
20,3,1.150,1.150,1.150,0.007,0.007,0.007,0.000,0.000
20,3,1.021,1.021,1.021,0.005,0.005,0.005,0.000,0.000
20,3,1.054,1.054,1.054,0.004,0.004,0.004,0.000,0.000
20,3,1.065,1.065,1.065,0.004,0.004,0.004,0.000,0.000
20,3,1.258,1.258,1.258,0.004,0.004,0.004,0.000,0.000
20,3,1.255,1.255,1.255,0.005,0.005,0.005,0.000,0.000
20,3,1.084,1.084,1.084,0.004,0.004,0.004,0.000,0.000
20,3,1.041,1.041,1.041,0.006,0.006,0.006,0.000,0.000
20,3,1.081,1.081,1.081,0.004,0.004,0.004,0.000,0.000
20,3,1.005,1.005,1.005,0.004,0.004,0.004,0.000,0.000
20,3,1.136,1.136,1.136,0.005,0.005,0.005,0.000,0.000
20,3,1.062,1.062,1.062,0.004,0.004,0.004,0.000,0.000
20,3,1.378,1.378,1.378,0.005,0.005,0.005,0.000,0.000
20,3,1.054,1.054,1.054,0.004,0.004,0.004,0.000,0.000
20,3,1.099,1.099,1.099,0.004,0.004,0.004,0.000,0.000
20,3,1.311,1.311,1.311,0.005,0.005,0.005,0.000,0.000
20,3,1.290,1.290,1.290,0.005,0.005,0.005,0.000,0.000
20,3,1.272,1.272,1.272,0.005,0.005,0.005,0.000,0.000
20,3,1.202,1.202,1.202,0.004,0.004,0.004,0.000,0.000
20,3,1.157,1.157,1.157,0.004,0.004,0.004,0.000,0.000
20,3,1.182,1.182,1.182,0.004,0.004,0.004,0.000,0.000
20,3,1.246,1.246,1.246,0.005,0.005,0.005,0.000,0.000
20,3,1.044,1.044,1.044,0.004,0.004,0.004,0.000,0.000
20,3,1.055,1.055,1.055,0.004,0.004,0.004,0.000,0.000
20,3,1.099,1.099,1.099,0.004,0.004,0.004,0.000,0.000
20,3,1.010,1.010,1.010,0.004,0.004,0.004,0.000,0.000
20,3,1.108,1.108,1.108,0.004,0.004,0.004,0.000,0.000
20,3,1.011,1.011,1.011,0.004,0.004,0.004,0.000,0.000
20,3,1.056,1.056,1.056,0.005,0.005,0.005,0.000,0.000
20,3,1.033,1.033,1.033,0.004,0.004,0.004,0.000,0.000
20,3,1.047,1.047,1.047,0.005,0.005,0.005,0.000,0.000
20,3,1.122,1.122,1.122,0.004,0.004,0.004,0.000,0.000
20,3,1.249,1.249,1.249,0.004,0.004,0.004,0.000,0.000
20,3,1.035,1.035,1.035,0.005,0.005,0.005,0.000,0.000
20,3,1.205,1.205,1.205,0.005,0.005,0.005,0.000,0.000
20,3,1.213,1.213,1.213,0.006,0.006,0.006,0.000,0.000
20,3,1.112,1.112,1.112,0.004,0.004,0.004,0.000,0.000
20,3,1.117,1.117,1.117,0.005,0.005,0.005,0.000,0.000
20,3,1.088,1.088,1.088,0.004,0.004,0.004,0.000,0.000
20,3,1.124,1.124,1.124,0.005,0.005,0.005,0.000,0.000
20,3,1.083,1.083,1.083,0.004,0.004,0.004,0.000,0.000
20,3,1.242,1.242,1.242,0.004,0.004,0.004,0.000,0.000
20,3,1.193,1.193,1.193,0.004,0.004,0.004,0.000,0.000
20,3,1.051,1.051,1.051,0.004,0.004,0.004,0.000,0.000
20,3,1.223,1.223,1.223,0.005,0.005,0.005,0.000,0.000
20,3,1.141,1.141,1.141,0.004,0.004,0.004,0.000,0.000
20,3,1.289,1.289,1.289,0.005,0.005,0.005,0.000,0.000
20,3,1.005,1.005,1.005,0.005,0.005,0.005,0.000,0.000
20,3,1.082,1.082,1.082,0.004,0.004,0.004,0.000,0.000
20,3,1.075,1.075,1.075,0.004,0.004,0.004,0.000,0.000
20,3,1.017,1.017,1.017,0.004,0.004,0.004,0.000,0.000
20,3,1.131,1.131,1.131,0.007,0.007,0.007,0.000,0.000
20,3,1.050,1.050,1.050,0.004,0.004,0.004,0.000,0.000
20,3,1.033,1.033,1.033,0.006,0.006,0.006,0.000,0.000
20,3,1.155,1.155,1.155,0.006,0.006,0.006,0.000,0.000
20,3,1.296,1.296,1.296,0.004,0.004,0.004,0.000,0.000
20,3,1.226,1.226,1.226,0.005,0.005,0.005,0.000,0.000
20,3,1.071,1.071,1.071,0.004,0.004,0.004,0.000,0.000
20,3,1.203,1.203,1.203,0.004,0.004,0.004,0.000,0.000
20,3,1.029,1.029,1.029,0.004,0.004,0.004,0.000,0.000
20,3,1.052,1.052,1.052,0.004,0.004,0.004,0.000,0.000
20,3,1.110,1.110,1.110,0.004,0.004,0.004,0.000,0.000
20,3,1.221,1.221,1.221,0.004,0.004,0.004,0.000,0.000
20,3,1.081,1.081,1.081,0.004,0.004,0.004,0.000,0.000
20,3,1.173,1.173,1.173,0.004,0.004,0.004,0.000,0.000
20,3,1.034,1.034,1.034,0.004,0.004,0.004,0.000,0.000
20,3,1.135,1.135,1.135,0.006,0.006,0.006,0.000,0.000
20,3,1.155,1.155,1.155,0.004,0.004,0.004,0.000,0.000
20,3,1.145,1.145,1.145,0.005,0.005,0.005,0.000,0.000
20,3,1.132,1.132,1.132,0.005,0.005,0.005,0.000,0.000
20,3,1.066,1.066,1.066,0.004,0.004,0.004,0.000,0.000
20,3,1.096,1.096,1.096,0.004,0.004,0.004,0.000,0.000
20,3,1.197,1.197,1.197,0.005,0.005,0.005,0.000,0.000
20,3,1.053,1.053,1.053,0.004,0.004,0.004,0.000,0.000
20,3,1.199,1.199,1.199,0.004,0.004,0.004,0.000,0.000
20,3,1.176,1.176,1.176,0.004,0.004,0.004,0.000,0.000
20,3,1.293,1.293,1.293,0.005,0.005,0.005,0.000,0.000
20,3,1.203,1.203,1.203,0.004,0.004,0.004,0.000,0.000
20,3,1.110,1.110,1.110,0.004,0.004,0.004,0.000,0.000
20,3,1.064,1.064,1.064,0.004,0.004,0.004,0.000,0.000
20,3,1.213,1.213,1.213,0.004,0.004,0.004,0.000,0.000
20,3,1.186,1.186,1.186,0.005,0.005,0.005,0.000,0.000
20,3,1.067,1.067,1.067,0.006,0.006,0.006,0.000,0.000
20,3,1.117,1.117,1.117,0.005,0.005,0.005,0.000,0.000
20,3,1.054,1.054,1.054,0.004,0.004,0.004,0.000,0.000
20,3,1.281,1.281,1.281,0.004,0.004,0.004,0.000,0.000
20,3,1.126,1.126,1.126,0.006,0.006,0.006,0.000,0.000
20,4,1.000,1.000,1.000,0.004,0.004,0.004,0.000,0.000
20,4,1.056,1.056,1.056,0.005,0.005,0.005,0.000,0.000
20,4,1.000,1.000,1.000,0.004,0.004,0.004,0.000,0.000
20,4,1.052,1.052,1.052,0.004,0.004,0.004,0.000,0.000
20,4,1.187,1.187,1.187,0.004,0.004,0.004,0.000,0.000
20,4,1.141,1.141,1.141,0.004,0.004,0.004,0.000,0.000
20,4,1.110,1.110,1.110,0.005,0.005,0.005,0.000,0.000
20,4,1.181,1.181,1.181,0.004,0.004,0.004,0.000,0.000
20,4,1.041,1.041,1.041,0.005,0.005,0.005,0.000,0.000
20,4,1.144,1.144,1.144,0.007,0.007,0.007,0.000,0.000
20,4,1.270,1.270,1.270,0.005,0.005,0.005,0.000,0.000
20,4,1.157,1.157,1.157,0.006,0.006,0.006,0.000,0.000
20,4,1.025,1.025,1.025,0.004,0.004,0.004,0.000,0.000
20,4,1.159,1.159,1.159,0.004,0.004,0.004,0.000,0.000
20,4,1.187,1.187,1.187,0.004,0.004,0.004,0.000,0.000
20,4,1.193,1.193,1.193,0.004,0.004,0.004,0.000,0.000
20,4,1.000,1.000,1.000,0.004,0.004,0.004,0.000,0.000
20,4,1.109,1.109,1.109,0.004,0.004,0.004,0.000,0.000
20,4,1.191,1.191,1.191,0.004,0.004,0.004,0.000,0.000
20,4,1.160,1.160,1.160,0.005,0.005,0.005,0.000,0.000
20,4,1.197,1.197,1.197,0.005,0.005,0.005,0.000,0.000
20,4,1.117,1.117,1.117,0.004,0.004,0.004,0.000,0.000
20,4,1.160,1.160,1.160,0.004,0.004,0.004,0.000,0.000
20,4,1.341,1.341,1.341,0.006,0.006,0.006,0.000,0.000
20,4,1.043,1.043,1.043,0.004,0.004,0.004,0.000,0.000
20,4,1.035,1.035,1.035,0.004,0.004,0.004,0.000,0.000
20,4,1.197,1.197,1.197,0.005,0.005,0.005,0.000,0.000
20,4,1.122,1.122,1.122,0.004,0.004,0.004,0.000,0.000
20,4,1.037,1.037,1.037,0.004,0.004,0.004,0.000,0.000
20,4,1.045,1.045,1.045,0.004,0.004,0.004,0.000,0.000
20,4,1.195,1.195,1.195,0.004,0.004,0.004,0.000,0.000
20,4,1.256,1.256,1.256,0.004,0.004,0.004,0.000,0.000
20,4,1.138,1.138,1.138,0.004,0.004,0.004,0.000,0.000
20,4,1.082,1.082,1.082,0.004,0.004,0.004,0.000,0.000
20,4,1.288,1.288,1.288,0.004,0.004,0.004,0.000,0.000
20,4,1.068,1.068,1.068,0.010,0.010,0.010,0.000,0.000
20,4,1.282,1.282,1.282,0.004,0.004,0.004,0.000,0.000
20,4,1.285,1.285,1.285,0.004,0.004,0.004,0.000,0.000
20,4,1.125,1.125,1.125,0.004,0.004,0.004,0.000,0.000
20,4,1.157,1.157,1.157,0.004,0.004,0.004,0.000,0.000
20,4,1.008,1.008,1.008,0.004,0.004,0.004,0.000,0.000
20,4,1.097,1.097,1.097,0.004,0.004,0.004,0.000,0.000
20,4,1.119,1.119,1.119,0.005,0.005,0.005,0.000,0.000
20,4,1.023,1.023,1.023,0.004,0.004,0.004,0.000,0.000
20,4,1.159,1.159,1.159,0.004,0.004,0.004,0.000,0.000
20,4,1.063,1.063,1.063,0.005,0.005,0.005,0.000,0.000
20,4,1.043,1.043,1.043,0.004,0.004,0.004,0.000,0.000
20,4,1.278,1.278,1.278,0.005,0.005,0.005,0.000,0.000
20,4,1.088,1.088,1.088,0.004,0.004,0.004,0.000,0.000
20,4,1.051,1.051,1.051,0.004,0.004,0.004,0.000,0.000
20,4,1.090,1.090,1.090,0.005,0.005,0.005,0.000,0.000
20,4,1.093,1.093,1.093,0.004,0.004,0.004,0.000,0.000
20,4,1.001,1.001,1.001,0.004,0.004,0.004,0.000,0.000
20,4,1.073,1.073,1.073,0.005,0.005,0.005,0.000,0.000
20,4,1.328,1.328,1.328,0.004,0.004,0.004,0.000,0.000
20,4,1.191,1.191,1.191,0.005,0.005,0.005,0.000,0.000
20,4,1.016,1.016,1.016,0.004,0.004,0.004,0.000,0.000
20,4,1.006,1.006,1.006,0.005,0.005,0.005,0.000,0.000
20,4,1.062,1.062,1.062,0.004,0.004,0.004,0.000,0.000
20,4,1.060,1.060,1.060,0.005,0.005,0.005,0.000,0.000
20,4,1.210,1.210,1.210,0.004,0.004,0.004,0.000,0.000
20,4,1.045,1.045,1.045,0.011,0.011,0.011,0.000,0.000
20,4,1.084,1.084,1.084,0.004,0.004,0.004,0.000,0.000
20,4,1.066,1.066,1.066,0.005,0.005,0.005,0.000,0.000
20,4,1.181,1.181,1.181,0.005,0.005,0.005,0.000,0.000
20,4,1.021,1.021,1.021,0.006,0.006,0.006,0.000,0.000
20,4,1.128,1.128,1.128,0.004,0.004,0.004,0.000,0.000
20,4,1.160,1.160,1.160,0.005,0.005,0.005,0.000,0.000
20,4,1.144,1.144,1.144,0.005,0.005,0.005,0.000,0.000
20,4,1.368,1.368,1.368,0.004,0.004,0.004,0.000,0.000
20,4,1.106,1.106,1.106,0.005,0.005,0.005,0.000,0.000
20,4,1.106,1.106,1.106,0.004,0.004,0.004,0.000,0.000
20,4,1.357,1.357,1.357,0.004,0.004,0.004,0.000,0.000
20,4,1.092,1.092,1.092,0.005,0.005,0.005,0.000,0.000
20,4,1.080,1.080,1.080,0.004,0.004,0.004,0.000,0.000
20,4,1.084,1.084,1.084,0.006,0.006,0.006,0.000,0.000
20,4,1.131,1.131,1.131,0.005,0.005,0.005,0.000,0.000
20,4,1.075,1.075,1.075,0.005,0.005,0.005,0.000,0.000
20,4,1.140,1.140,1.140,0.004,0.004,0.004,0.000,0.000
20,4,1.165,1.165,1.165,0.004,0.004,0.004,0.000,0.000
20,4,1.099,1.099,1.099,0.005,0.005,0.005,0.000,0.000
20,4,1.207,1.207,1.207,0.004,0.004,0.004,0.000,0.000
20,4,1.024,1.024,1.024,0.004,0.004,0.004,0.000,0.000
20,4,1.088,1.088,1.088,0.004,0.004,0.004,0.000,0.000
20,4,1.366,1.366,1.366,0.004,0.004,0.004,0.000,0.000
20,4,1.115,1.115,1.115,0.004,0.004,0.004,0.000,0.000
20,4,1.081,1.081,1.081,0.004,0.004,0.004,0.000,0.000
20,4,1.049,1.049,1.049,0.005,0.005,0.005,0.000,0.000
20,4,1.168,1.168,1.168,0.005,0.005,0.005,0.000,0.000
20,4,1.127,1.127,1.127,0.004,0.004,0.004,0.000,0.000
20,4,1.039,1.039,1.039,0.004,0.004,0.004,0.000,0.000
20,4,1.112,1.112,1.112,0.004,0.004,0.004,0.000,0.000
20,4,1.141,1.141,1.141,0.004,0.004,0.004,0.000,0.000
20,4,1.137,1.137,1.137,0.005,0.005,0.005,0.000,0.000
20,4,1.070,1.070,1.070,0.004,0.004,0.004,0.000,0.000
20,4,1.269,1.269,1.269,0.004,0.004,0.004,0.000,0.000
20,4,1.085,1.085,1.085,0.004,0.004,0.004,0.000,0.000
20,4,1.058,1.058,1.058,0.005,0.005,0.005,0.000,0.000
20,4,1.306,1.306,1.306,0.004,0.004,0.004,0.000,0.000
20,4,1.125,1.125,1.125,0.004,0.004,0.004,0.000,0.000
20,5,1.207,1.207,1.207,0.007,0.007,0.007,0.000,0.000
20,5,1.030,1.030,1.030,0.004,0.004,0.004,0.000,0.000
20,5,1.157,1.157,1.157,0.005,0.005,0.005,0.000,0.000
20,5,1.000,1.000,1.000,0.004,0.004,0.004,0.000,0.000
20,5,1.227,1.227,1.227,0.004,0.004,0.004,0.000,0.000
20,5,1.148,1.148,1.148,0.005,0.005,0.005,0.000,0.000
20,5,1.034,1.034,1.034,0.004,0.004,0.004,0.000,0.000
20,5,1.136,1.136,1.136,0.004,0.004,0.004,0.000,0.000
20,5,1.069,1.069,1.069,0.005,0.005,0.005,0.000,0.000
20,5,1.159,1.159,1.159,0.004,0.004,0.004,0.000,0.000
20,5,1.180,1.180,1.180,0.004,0.004,0.004,0.000,0.000
20,5,1.220,1.220,1.220,0.004,0.004,0.004,0.000,0.000
20,5,1.157,1.157,1.157,0.004,0.004,0.004,0.000,0.000
20,5,1.109,1.109,1.109,0.004,0.004,0.004,0.000,0.000
20,5,1.132,1.132,1.132,0.004,0.004,0.004,0.000,0.000
20,5,1.161,1.161,1.161,0.004,0.004,0.004,0.000,0.000
20,5,1.178,1.178,1.178,0.005,0.005,0.005,0.000,0.000
20,5,1.218,1.218,1.218,0.006,0.006,0.006,0.000,0.000
20,5,1.124,1.124,1.124,0.004,0.004,0.004,0.000,0.000
20,5,1.081,1.081,1.081,0.004,0.004,0.004,0.000,0.000
20,5,1.168,1.168,1.168,0.004,0.004,0.004,0.000,0.000
20,5,1.078,1.078,1.078,0.005,0.005,0.005,0.000,0.000
20,5,1.194,1.194,1.194,0.004,0.004,0.004,0.000,0.000
20,5,1.096,1.096,1.096,0.004,0.004,0.004,0.000,0.000
20,5,1.034,1.034,1.034,0.004,0.004,0.004,0.000,0.000
20,5,1.253,1.253,1.253,0.004,0.004,0.004,0.000,0.000
20,5,1.124,1.124,1.124,0.004,0.004,0.004,0.000,0.000
20,5,1.044,1.044,1.044,0.004,0.004,0.004,0.000,0.000
20,5,1.339,1.339,1.339,0.004,0.004,0.004,0.000,0.000
20,5,1.284,1.284,1.284,0.005,0.005,0.005,0.000,0.000
20,5,1.019,1.019,1.019,0.004,0.004,0.004,0.000,0.000
20,5,1.231,1.231,1.231,0.005,0.005,0.005,0.000,0.000
20,5,1.047,1.047,1.047,0.004,0.004,0.004,0.000,0.000
20,5,1.000,1.000,1.000,0.004,0.004,0.004,0.000,0.000
20,5,1.011,1.011,1.011,0.004,0.004,0.004,0.000,0.000
20,5,1.061,1.061,1.061,0.004,0.004,0.004,0.000,0.000
20,5,1.182,1.182,1.182,0.004,0.004,0.004,0.000,0.000
20,5,1.094,1.094,1.094,0.005,0.005,0.005,0.000,0.000
20,5,1.016,1.016,1.016,0.005,0.005,0.005,0.000,0.000
20,5,1.403,1.403,1.403,0.004,0.004,0.004,0.000,0.000
20,5,1.064,1.064,1.064,0.004,0.004,0.004,0.000,0.000
20,5,1.158,1.158,1.158,0.004,0.004,0.004,0.000,0.000
20,5,1.101,1.101,1.101,0.004,0.004,0.004,0.000,0.000
20,5,1.066,1.066,1.066,0.004,0.004,0.004,0.000,0.000
20,5,1.081,1.081,1.081,0.004,0.004,0.004,0.000,0.000
20,5,1.008,1.008,1.008,0.004,0.004,0.004,0.000,0.000
20,5,1.029,1.029,1.029,0.004,0.004,0.004,0.000,0.000
20,5,1.031,1.031,1.031,0.005,0.005,0.005,0.000,0.000
20,5,1.098,1.098,1.098,0.004,0.004,0.004,0.000,0.000
20,5,1.173,1.173,1.173,0.004,0.004,0.004,0.000,0.000
20,5,1.160,1.160,1.160,0.004,0.004,0.004,0.000,0.000
20,5,1.081,1.081,1.081,0.004,0.004,0.004,0.000,0.000
20,5,1.053,1.053,1.053,0.004,0.004,0.004,0.000,0.000
20,5,1.014,1.014,1.014,0.005,0.005,0.005,0.000,0.000
20,5,1.148,1.148,1.148,0.004,0.004,0.004,0.000,0.000
20,5,1.092,1.092,1.092,0.004,0.004,0.004,0.000,0.000
20,5,1.234,1.234,1.234,0.005,0.005,0.005,0.000,0.000
20,5,1.388,1.388,1.388,0.004,0.004,0.004,0.000,0.000
20,5,1.241,1.241,1.241,0.005,0.005,0.005,0.000,0.000
20,5,1.267,1.267,1.267,0.004,0.004,0.004,0.000,0.000
20,5,1.165,1.165,1.165,0.004,0.004,0.004,0.000,0.000
20,5,1.012,1.012,1.012,0.005,0.005,0.005,0.000,0.000
20,5,1.197,1.197,1.197,0.004,0.004,0.004,0.000,0.000
20,5,1.146,1.146,1.146,0.004,0.004,0.004,0.000,0.000
20,5,1.010,1.010,1.010,0.005,0.005,0.005,0.000,0.000
20,5,1.183,1.183,1.183,0.004,0.004,0.004,0.000,0.000
20,5,1.043,1.043,1.043,0.004,0.004,0.004,0.000,0.000
20,5,1.112,1.112,1.112,0.004,0.004,0.004,0.000,0.000
20,5,1.111,1.111,1.111,0.004,0.004,0.004,0.000,0.000
20,5,1.009,1.009,1.009,0.005,0.005,0.005,0.000,0.000
20,5,1.138,1.138,1.138,0.004,0.004,0.004,0.000,0.000
20,5,1.041,1.041,1.041,0.008,0.008,0.008,0.000,0.000
20,5,1.222,1.222,1.222,0.004,0.004,0.004,0.000,0.000
20,5,1.078,1.078,1.078,0.004,0.004,0.004,0.000,0.000
20,5,1.276,1.276,1.276,0.011,0.011,0.011,0.000,0.000
20,5,1.145,1.145,1.145,0.006,0.006,0.006,0.000,0.000
20,5,1.233,1.233,1.233,0.005,0.005,0.005,0.000,0.000
20,5,1.326,1.326,1.326,0.008,0.008,0.008,0.000,0.000
20,5,1.143,1.143,1.143,0.004,0.004,0.004,0.000,0.000
20,5,1.303,1.303,1.303,0.005,0.005,0.005,0.000,0.000
20,5,1.062,1.062,1.062,0.004,0.004,0.004,0.000,0.000
20,5,1.105,1.105,1.105,0.004,0.004,0.004,0.000,0.000
20,5,1.330,1.330,1.330,0.004,0.004,0.004,0.000,0.000
20,5,1.096,1.096,1.096,0.004,0.004,0.004,0.000,0.000
20,5,1.268,1.268,1.268,0.004,0.004,0.004,0.000,0.000
20,5,1.069,1.069,1.069,0.004,0.004,0.004,0.000,0.000
20,5,1.094,1.094,1.094,0.004,0.004,0.004,0.000,0.000
20,5,1.121,1.121,1.121,0.004,0.004,0.004,0.000,0.000
20,5,1.144,1.144,1.144,0.004,0.004,0.004,0.000,0.000
20,5,1.495,1.495,1.495,0.004,0.004,0.004,0.000,0.000
20,5,1.191,1.191,1.191,0.004,0.004,0.004,0.000,0.000
20,5,1.178,1.178,1.178,0.004,0.004,0.004,0.000,0.000
20,5,1.236,1.236,1.236,0.004,0.004,0.004,0.000,0.000
20,5,1.170,1.170,1.170,0.004,0.004,0.004,0.000,0.000
20,5,1.232,1.232,1.232,0.004,0.004,0.004,0.000,0.000
20,5,1.101,1.101,1.101,0.010,0.010,0.010,0.000,0.000
20,5,1.059,1.059,1.059,0.008,0.008,0.008,0.000,0.000
20,5,1.036,1.036,1.036,0.004,0.004,0.004,0.000,0.000
20,5,1.309,1.309,1.309,0.004,0.004,0.004,0.000,0.000
20,5,1.202,1.202,1.202,0.005,0.005,0.005,0.000,0.000
20,6,1.041,1.041,1.041,0.004,0.004,0.004,0.000,0.000
20,6,1.103,1.103,1.103,0.004,0.004,0.004,0.000,0.000
20,6,1.278,1.278,1.278,0.004,0.004,0.004,0.000,0.000
20,6,1.188,1.188,1.188,0.005,0.005,0.005,0.000,0.000
20,6,1.320,1.320,1.320,0.004,0.004,0.004,0.000,0.000
20,6,1.228,1.228,1.228,0.004,0.004,0.004,0.000,0.000
20,6,1.259,1.259,1.259,0.004,0.004,0.004,0.000,0.000
20,6,1.161,1.161,1.161,0.004,0.004,0.004,0.000,0.000
20,6,1.143,1.143,1.143,0.004,0.004,0.004,0.000,0.000
20,6,1.253,1.253,1.253,0.005,0.005,0.005,0.000,0.000
20,6,1.129,1.129,1.129,0.005,0.005,0.005,0.000,0.000
20,6,1.145,1.145,1.145,0.004,0.004,0.004,0.000,0.000
20,6,1.247,1.247,1.247,0.004,0.004,0.004,0.000,0.000
20,6,1.092,1.092,1.092,0.004,0.004,0.004,0.000,0.000
20,6,1.120,1.120,1.120,0.004,0.004,0.004,0.000,0.000
20,6,1.219,1.219,1.219,0.004,0.004,0.004,0.000,0.000
20,6,1.040,1.040,1.040,0.004,0.004,0.004,0.000,0.000
20,6,1.231,1.231,1.231,0.004,0.004,0.004,0.000,0.000
20,6,1.136,1.136,1.136,0.004,0.004,0.004,0.000,0.000
20,6,1.233,1.233,1.233,0.004,0.004,0.004,0.000,0.000
20,6,1.262,1.262,1.262,0.006,0.006,0.006,0.000,0.000
20,6,1.228,1.228,1.228,0.004,0.004,0.004,0.000,0.000
20,6,1.263,1.263,1.263,0.004,0.004,0.004,0.000,0.000
20,6,1.506,1.506,1.506,0.005,0.005,0.005,0.000,0.000
20,6,1.077,1.077,1.077,0.005,0.005,0.005,0.000,0.000
20,6,1.248,1.248,1.248,0.005,0.005,0.005,0.000,0.000
20,6,1.041,1.041,1.041,0.004,0.004,0.004,0.000,0.000
20,6,1.208,1.208,1.208,0.004,0.004,0.004,0.000,0.000
20,6,1.020,1.020,1.020,0.004,0.004,0.004,0.000,0.000
20,6,1.207,1.207,1.207,0.004,0.004,0.004,0.000,0.000
20,6,1.224,1.224,1.224,0.004,0.004,0.004,0.000,0.000
20,6,1.133,1.133,1.133,0.005,0.005,0.005,0.000,0.000
20,6,1.250,1.250,1.250,0.005,0.005,0.005,0.000,0.000
20,6,1.178,1.178,1.178,0.005,0.005,0.005,0.000,0.000
20,6,1.137,1.137,1.137,0.004,0.004,0.004,0.000,0.000
20,6,1.183,1.183,1.183,0.004,0.004,0.004,0.000,0.000
20,6,1.153,1.153,1.153,0.005,0.005,0.005,0.000,0.000
20,6,1.165,1.165,1.165,0.006,0.006,0.006,0.000,0.000
20,6,1.143,1.143,1.143,0.004,0.004,0.004,0.000,0.000
20,6,1.429,1.429,1.429,0.004,0.004,0.004,0.000,0.000
20,6,1.062,1.062,1.062,0.005,0.005,0.005,0.000,0.000
20,6,1.182,1.182,1.182,0.005,0.005,0.005,0.000,0.000
20,6,1.067,1.067,1.067,0.004,0.004,0.004,0.000,0.000
20,6,1.193,1.193,1.193,0.005,0.005,0.005,0.000,0.000
20,6,1.112,1.112,1.112,0.004,0.004,0.004,0.000,0.000
20,6,1.270,1.270,1.270,0.004,0.004,0.004,0.000,0.000
20,6,1.133,1.133,1.133,0.004,0.004,0.004,0.000,0.000
20,6,1.112,1.112,1.112,0.006,0.006,0.006,0.000,0.000
20,6,1.192,1.192,1.192,0.007,0.007,0.007,0.000,0.000
20,6,1.000,1.000,1.000,0.004,0.004,0.004,0.000,0.000
20,6,1.207,1.207,1.207,0.007,0.007,0.007,0.000,0.000
20,6,1.324,1.324,1.324,0.005,0.005,0.005,0.000,0.000
20,6,1.164,1.164,1.164,0.004,0.004,0.004,0.000,0.000
20,6,1.204,1.204,1.204,0.005,0.005,0.005,0.000,0.000
20,6,1.220,1.220,1.220,0.004,0.004,0.004,0.000,0.000
20,6,1.105,1.105,1.105,0.004,0.004,0.004,0.000,0.000
20,6,1.281,1.281,1.281,0.004,0.004,0.004,0.000,0.000
20,6,1.176,1.176,1.176,0.004,0.004,0.004,0.000,0.000
20,6,1.065,1.065,1.065,0.004,0.004,0.004,0.000,0.000
20,6,1.126,1.126,1.126,0.004,0.004,0.004,0.000,0.000
20,6,1.131,1.131,1.131,0.004,0.004,0.004,0.000,0.000
20,6,1.157,1.157,1.157,0.007,0.007,0.007,0.000,0.000
20,6,1.199,1.199,1.199,0.004,0.004,0.004,0.000,0.000
20,6,1.192,1.192,1.192,0.005,0.005,0.005,0.000,0.000
20,6,1.114,1.114,1.114,0.004,0.004,0.004,0.000,0.000
20,6,1.013,1.013,1.013,0.004,0.004,0.004,0.000,0.000
20,6,1.157,1.157,1.157,0.004,0.004,0.004,0.000,0.000
20,6,1.165,1.165,1.165,0.004,0.004,0.004,0.000,0.000
20,6,1.249,1.249,1.249,0.004,0.004,0.004,0.000,0.000
20,6,1.048,1.048,1.048,0.004,0.004,0.004,0.000,0.000
20,6,1.146,1.146,1.146,0.004,0.004,0.004,0.000,0.000
20,6,1.040,1.040,1.040,0.004,0.004,0.004,0.000,0.000
20,6,1.038,1.038,1.038,0.004,0.004,0.004,0.000,0.000
20,6,1.184,1.184,1.184,0.004,0.004,0.004,0.000,0.000
20,6,1.207,1.207,1.207,0.005,0.005,0.005,0.000,0.000
20,6,1.076,1.076,1.076,0.004,0.004,0.004,0.000,0.000
20,6,1.038,1.038,1.038,0.004,0.004,0.004,0.000,0.000
20,6,1.307,1.307,1.307,0.006,0.006,0.006,0.000,0.000
20,6,1.027,1.027,1.027,0.004,0.004,0.004,0.000,0.000
20,6,1.038,1.038,1.038,0.004,0.004,0.004,0.000,0.000
20,6,1.162,1.162,1.162,0.004,0.004,0.004,0.000,0.000
20,6,1.085,1.085,1.085,0.004,0.004,0.004,0.000,0.000
20,6,1.079,1.079,1.079,0.005,0.005,0.005,0.000,0.000
20,6,1.159,1.159,1.159,0.004,0.004,0.004,0.000,0.000
20,6,1.009,1.009,1.009,0.006,0.006,0.006,0.000,0.000
20,6,1.082,1.082,1.082,0.005,0.005,0.005,0.000,0.000
20,6,1.105,1.105,1.105,0.004,0.004,0.004,0.000,0.000
20,6,1.102,1.102,1.102,0.004,0.004,0.004,0.000,0.000
20,6,1.033,1.033,1.033,0.004,0.004,0.004,0.000,0.000
20,6,1.152,1.152,1.152,0.004,0.004,0.004,0.000,0.000
20,6,1.138,1.138,1.138,0.004,0.004,0.004,0.000,0.000
20,6,1.139,1.139,1.139,0.004,0.004,0.004,0.000,0.000
20,6,1.222,1.222,1.222,0.004,0.004,0.004,0.000,0.000
20,6,1.280,1.280,1.280,0.004,0.004,0.004,0.000,0.000
20,6,1.213,1.213,1.213,0.004,0.004,0.004,0.000,0.000
20,6,1.172,1.172,1.172,0.004,0.004,0.004,0.000,0.000
20,6,1.223,1.223,1.223,0.004,0.004,0.004,0.000,0.000
20,6,1.249,1.249,1.249,0.006,0.006,0.006,0.000,0.000
20,6,1.147,1.147,1.147,0.004,0.004,0.004,0.000,0.000
20,6,1.069,1.069,1.069,0.004,0.004,0.004,0.000,0.000
20,7,1.107,1.107,1.107,0.004,0.004,0.004,0.000,0.000
20,7,1.209,1.209,1.209,0.004,0.004,0.004,0.000,0.000
20,7,1.156,1.156,1.156,0.004,0.004,0.004,0.000,0.000
20,7,1.167,1.167,1.167,0.004,0.004,0.004,0.000,0.000
20,7,1.035,1.035,1.035,0.004,0.004,0.004,0.000,0.000
20,7,1.350,1.350,1.350,0.004,0.004,0.004,0.000,0.000
20,7,1.108,1.108,1.108,0.004,0.004,0.004,0.000,0.000
20,7,1.112,1.112,1.112,0.005,0.005,0.005,0.000,0.000
20,7,1.079,1.079,1.079,0.004,0.004,0.004,0.000,0.000
20,7,1.110,1.110,1.110,0.004,0.004,0.004,0.000,0.000
20,7,1.160,1.160,1.160,0.005,0.005,0.005,0.000,0.000
20,7,1.059,1.059,1.059,0.005,0.005,0.005,0.000,0.000
20,7,1.303,1.303,1.303,0.004,0.004,0.004,0.000,0.000
20,7,1.174,1.174,1.174,0.005,0.005,0.005,0.000,0.000
20,7,1.152,1.152,1.152,0.004,0.004,0.004,0.000,0.000
20,7,1.280,1.280,1.280,0.005,0.005,0.005,0.000,0.000
20,7,1.130,1.130,1.130,0.004,0.004,0.004,0.000,0.000
20,7,1.432,1.432,1.432,0.005,0.005,0.005,0.000,0.000
20,7,1.139,1.139,1.139,0.004,0.004,0.004,0.000,0.000
20,7,1.259,1.259,1.259,0.005,0.005,0.005,0.000,0.000
20,7,1.108,1.108,1.108,0.004,0.004,0.004,0.000,0.000
20,7,1.173,1.173,1.173,0.004,0.004,0.004,0.000,0.000
20,7,1.380,1.380,1.380,0.004,0.004,0.004,0.000,0.000
20,7,1.292,1.292,1.292,0.004,0.004,0.004,0.000,0.000
20,7,1.035,1.035,1.035,0.005,0.005,0.005,0.000,0.000
20,7,1.118,1.118,1.118,0.004,0.004,0.004,0.000,0.000
20,7,1.117,1.117,1.117,0.004,0.004,0.004,0.000,0.000
20,7,1.086,1.086,1.086,0.004,0.004,0.004,0.000,0.000
20,7,1.106,1.106,1.106,0.004,0.004,0.004,0.000,0.000
20,7,1.186,1.186,1.186,0.004,0.004,0.004,0.000,0.000
20,7,1.158,1.158,1.158,0.004,0.004,0.004,0.000,0.000
20,7,1.288,1.288,1.288,0.004,0.004,0.004,0.000,0.000
20,7,1.087,1.087,1.087,0.004,0.004,0.004,0.000,0.000
20,7,1.146,1.146,1.146,0.004,0.004,0.004,0.000,0.000
20,7,1.101,1.101,1.101,0.005,0.005,0.005,0.000,0.000
20,7,1.263,1.263,1.263,0.005,0.005,0.005,0.000,0.000
20,7,1.083,1.083,1.083,0.005,0.005,0.005,0.000,0.000
20,7,1.437,1.437,1.437,0.004,0.004,0.004,0.000,0.000
20,7,1.380,1.380,1.380,0.005,0.005,0.005,0.000,0.000
20,7,1.207,1.207,1.207,0.004,0.004,0.004,0.000,0.000
20,7,1.124,1.124,1.124,0.004,0.004,0.004,0.000,0.000
20,7,1.381,1.381,1.381,0.007,0.007,0.007,0.000,0.000
20,7,1.060,1.060,1.060,0.004,0.004,0.004,0.000,0.000
20,7,1.127,1.127,1.127,0.004,0.004,0.004,0.000,0.000
20,7,1.038,1.038,1.038,0.004,0.004,0.004,0.000,0.000
20,7,1.099,1.099,1.099,0.004,0.004,0.004,0.000,0.000
20,7,1.177,1.177,1.177,0.004,0.004,0.004,0.000,0.000
20,7,1.267,1.267,1.267,0.004,0.004,0.004,0.000,0.000
20,7,1.109,1.109,1.109,0.004,0.004,0.004,0.000,0.000
20,7,1.109,1.109,1.109,0.006,0.006,0.006,0.000,0.000
20,7,1.021,1.021,1.021,0.005,0.005,0.005,0.000,0.000
20,7,1.117,1.117,1.117,0.004,0.004,0.004,0.000,0.000
20,7,1.189,1.189,1.189,0.004,0.004,0.004,0.000,0.000
20,7,1.414,1.414,1.414,0.004,0.004,0.004,0.000,0.000
20,7,1.252,1.252,1.252,0.004,0.004,0.004,0.000,0.000
20,7,1.195,1.195,1.195,0.006,0.006,0.006,0.000,0.000
20,7,1.225,1.225,1.225,0.005,0.005,0.005,0.000,0.000
20,7,1.027,1.027,1.027,0.004,0.004,0.004,0.000,0.000
20,7,1.072,1.072,1.072,0.004,0.004,0.004,0.000,0.000
20,7,1.484,1.484,1.484,0.004,0.004,0.004,0.000,0.000
20,7,1.401,1.401,1.401,0.005,0.005,0.005,0.000,0.000
20,7,1.113,1.113,1.113,0.004,0.004,0.004,0.000,0.000
20,7,1.013,1.013,1.013,0.004,0.004,0.004,0.000,0.000
20,7,1.135,1.135,1.135,0.010,0.010,0.010,0.000,0.000
20,7,1.275,1.275,1.275,0.004,0.004,0.004,0.000,0.000
20,7,1.326,1.326,1.326,0.004,0.004,0.004,0.000,0.000
20,7,1.170,1.170,1.170,0.004,0.004,0.004,0.000,0.000
20,7,1.086,1.086,1.086,0.005,0.005,0.005,0.000,0.000
20,7,1.089,1.089,1.089,0.004,0.004,0.004,0.000,0.000
20,7,1.221,1.221,1.221,0.004,0.004,0.004,0.000,0.000
20,7,1.212,1.212,1.212,0.005,0.005,0.005,0.000,0.000
20,7,1.915,1.915,1.915,0.004,0.004,0.004,0.000,0.000
20,7,1.410,1.410,1.410,0.004,0.004,0.004,0.000,0.000
20,7,1.134,1.134,1.134,0.004,0.004,0.004,0.000,0.000
20,7,1.066,1.066,1.066,0.004,0.004,0.004,0.000,0.000
20,7,1.121,1.121,1.121,0.004,0.004,0.004,0.000,0.000
20,7,1.262,1.262,1.262,0.007,0.007,0.007,0.000,0.000
20,7,1.097,1.097,1.097,0.006,0.006,0.006,0.000,0.000
20,7,1.187,1.187,1.187,0.005,0.005,0.005,0.000,0.000
20,7,1.135,1.135,1.135,0.004,0.004,0.004,0.000,0.000
20,7,1.314,1.314,1.314,0.009,0.009,0.009,0.000,0.000
20,7,1.191,1.191,1.191,0.004,0.004,0.004,0.000,0.000
20,7,1.169,1.169,1.169,0.004,0.004,0.004,0.000,0.000
20,7,1.018,1.018,1.018,0.004,0.004,0.004,0.000,0.000
20,7,1.102,1.102,1.102,0.004,0.004,0.004,0.000,0.000
20,7,1.222,1.222,1.222,0.005,0.005,0.005,0.000,0.000
20,7,1.226,1.226,1.226,0.004,0.004,0.004,0.000,0.000
20,7,1.131,1.131,1.131,0.004,0.004,0.004,0.000,0.000
20,7,1.254,1.254,1.254,0.004,0.004,0.004,0.000,0.000
20,7,1.195,1.195,1.195,0.004,0.004,0.004,0.000,0.000
20,7,1.357,1.357,1.357,0.005,0.005,0.005,0.000,0.000
20,7,1.060,1.060,1.060,0.004,0.004,0.004,0.000,0.000
20,7,1.111,1.111,1.111,0.005,0.005,0.005,0.000,0.000
20,7,1.323,1.323,1.323,0.004,0.004,0.004,0.000,0.000
20,7,1.113,1.113,1.113,0.004,0.004,0.004,0.000,0.000
20,7,1.186,1.186,1.186,0.004,0.004,0.004,0.000,0.000
20,7,1.096,1.096,1.096,0.004,0.004,0.004,0.000,0.000
20,7,1.196,1.196,1.196,0.006,0.006,0.006,0.000,0.000
20,7,1.117,1.117,1.117,0.004,0.004,0.004,0.000,0.000
20,7,1.111,1.111,1.111,0.005,0.005,0.005,0.000,0.000
20,8,1.277,1.277,1.277,0.004,0.004,0.004,0.000,0.000
20,8,1.308,1.308,1.308,0.004,0.004,0.004,0.000,0.000
20,8,1.247,1.247,1.247,0.005,0.005,0.005,0.000,0.000
20,8,1.040,1.040,1.040,0.005,0.005,0.005,0.000,0.000
20,8,1.170,1.170,1.170,0.004,0.004,0.004,0.000,0.000
20,8,1.229,1.229,1.229,0.005,0.005,0.005,0.000,0.000
20,8,1.016,1.016,1.016,0.006,0.006,0.006,0.000,0.000
20,8,1.075,1.075,1.075,0.004,0.004,0.004,0.000,0.000
20,8,1.150,1.150,1.150,0.004,0.004,0.004,0.000,0.000
20,8,1.011,1.011,1.011,0.006,0.006,0.006,0.000,0.000
20,8,1.179,1.179,1.179,0.005,0.005,0.005,0.000,0.000
20,8,1.063,1.063,1.063,0.004,0.004,0.004,0.000,0.000
20,8,1.160,1.160,1.160,0.004,0.004,0.004,0.000,0.000
20,8,1.219,1.219,1.219,0.004,0.004,0.004,0.000,0.000
20,8,1.209,1.209,1.209,0.005,0.005,0.005,0.000,0.000
20,8,1.139,1.139,1.139,0.004,0.004,0.004,0.000,0.000
20,8,1.087,1.087,1.087,0.005,0.005,0.005,0.000,0.000
20,8,1.187,1.187,1.187,0.005,0.005,0.005,0.000,0.000
20,8,1.419,1.419,1.419,0.005,0.005,0.005,0.000,0.000
20,8,1.100,1.100,1.100,0.004,0.004,0.004,0.000,0.000
20,8,1.230,1.230,1.230,0.004,0.004,0.004,0.000,0.000
20,8,1.173,1.173,1.173,0.008,0.008,0.008,0.000,0.000
20,8,1.137,1.137,1.137,0.004,0.004,0.004,0.000,0.000
20,8,1.280,1.280,1.280,0.004,0.004,0.004,0.000,0.000
20,8,1.103,1.103,1.103,0.004,0.004,0.004,0.000,0.000
20,8,1.177,1.177,1.177,0.004,0.004,0.004,0.000,0.000
20,8,1.164,1.164,1.164,0.005,0.005,0.005,0.000,0.000
20,8,1.200,1.200,1.200,0.004,0.004,0.004,0.000,0.000
20,8,1.168,1.168,1.168,0.004,0.004,0.004,0.000,0.000
20,8,1.000,1.000,1.000,0.004,0.004,0.004,0.000,0.000
20,8,1.320,1.320,1.320,0.004,0.004,0.004,0.000,0.000
20,8,1.110,1.110,1.110,0.004,0.004,0.004,0.000,0.000
20,8,1.095,1.095,1.095,0.004,0.004,0.004,0.000,0.000
20,8,1.199,1.199,1.199,0.004,0.004,0.004,0.000,0.000
20,8,1.129,1.129,1.129,0.004,0.004,0.004,0.000,0.000
20,8,1.097,1.097,1.097,0.004,0.004,0.004,0.000,0.000
20,8,1.326,1.326,1.326,0.004,0.004,0.004,0.000,0.000
20,8,1.134,1.134,1.134,0.004,0.004,0.004,0.000,0.000
20,8,1.197,1.197,1.197,0.004,0.004,0.004,0.000,0.000
20,8,1.690,1.690,1.690,0.004,0.004,0.004,0.000,0.000
20,8,1.100,1.100,1.100,0.004,0.004,0.004,0.000,0.000
20,8,1.118,1.118,1.118,0.004,0.004,0.004,0.000,0.000
20,8,1.221,1.221,1.221,0.004,0.004,0.004,0.000,0.000
20,8,1.147,1.147,1.147,0.004,0.004,0.004,0.000,0.000
20,8,1.152,1.152,1.152,0.005,0.005,0.005,0.000,0.000
20,8,1.215,1.215,1.215,0.004,0.004,0.004,0.000,0.000
20,8,1.102,1.102,1.102,0.006,0.006,0.006,0.000,0.000
20,8,1.195,1.195,1.195,0.005,0.005,0.005,0.000,0.000
20,8,1.454,1.454,1.454,0.005,0.005,0.005,0.000,0.000
20,8,1.145,1.145,1.145,0.004,0.004,0.004,0.000,0.000
20,8,1.236,1.236,1.236,0.004,0.004,0.004,0.000,0.000
20,8,1.064,1.064,1.064,0.004,0.004,0.004,0.000,0.000
20,8,1.188,1.188,1.188,0.004,0.004,0.004,0.000,0.000
20,8,1.201,1.201,1.201,0.004,0.004,0.004,0.000,0.000
20,8,1.156,1.156,1.156,0.005,0.005,0.005,0.000,0.000
20,8,1.177,1.177,1.177,0.004,0.004,0.004,0.000,0.000
20,8,1.070,1.070,1.070,0.004,0.004,0.004,0.000,0.000
20,8,1.227,1.227,1.227,0.005,0.005,0.005,0.000,0.000
20,8,1.176,1.176,1.176,0.004,0.004,0.004,0.000,0.000
20,8,1.145,1.145,1.145,0.007,0.007,0.007,0.000,0.000
20,8,1.090,1.090,1.090,0.004,0.004,0.004,0.000,0.000
20,8,1.208,1.208,1.208,0.004,0.004,0.004,0.000,0.000
20,8,1.089,1.089,1.089,0.004,0.004,0.004,0.000,0.000
20,8,1.192,1.192,1.192,0.005,0.005,0.005,0.000,0.000
20,8,1.131,1.131,1.131,0.004,0.004,0.004,0.000,0.000
20,8,1.215,1.215,1.215,0.004,0.004,0.004,0.000,0.000
20,8,1.207,1.207,1.207,0.004,0.004,0.004,0.000,0.000
20,8,1.081,1.081,1.081,0.004,0.004,0.004,0.000,0.000
20,8,1.127,1.127,1.127,0.004,0.004,0.004,0.000,0.000
20,8,1.168,1.168,1.168,0.007,0.007,0.007,0.000,0.000
20,8,1.257,1.257,1.257,0.005,0.005,0.005,0.000,0.000
20,8,1.499,1.499,1.499,0.004,0.004,0.004,0.000,0.000
20,8,1.120,1.120,1.120,0.004,0.004,0.004,0.000,0.000
20,8,1.137,1.137,1.137,0.004,0.004,0.004,0.000,0.000
20,8,1.474,1.474,1.474,0.005,0.005,0.005,0.000,0.000
20,8,1.127,1.127,1.127,0.008,0.008,0.008,0.000,0.000
20,8,1.240,1.240,1.240,0.004,0.004,0.004,0.000,0.000
20,8,1.168,1.168,1.168,0.004,0.004,0.004,0.000,0.000
20,8,1.073,1.073,1.073,0.004,0.004,0.004,0.000,0.000
20,8,1.365,1.365,1.365,0.004,0.004,0.004,0.000,0.000
20,8,1.086,1.086,1.086,0.005,0.005,0.005,0.000,0.000
20,8,1.273,1.273,1.273,0.004,0.004,0.004,0.000,0.000
20,8,1.310,1.310,1.310,0.004,0.004,0.004,0.000,0.000
20,8,1.397,1.397,1.397,0.004,0.004,0.004,0.000,0.000
20,8,1.184,1.184,1.184,0.004,0.004,0.004,0.000,0.000
20,8,1.218,1.218,1.218,0.006,0.006,0.006,0.000,0.000
20,8,1.300,1.300,1.300,0.005,0.005,0.005,0.000,0.000
20,8,1.205,1.205,1.205,0.004,0.004,0.004,0.000,0.000
20,8,1.109,1.109,1.109,0.004,0.004,0.004,0.000,0.000
20,8,1.223,1.223,1.223,0.004,0.004,0.004,0.000,0.000
20,8,1.153,1.153,1.153,0.004,0.004,0.004,0.000,0.000
20,8,1.171,1.171,1.171,0.004,0.004,0.004,0.000,0.000
20,8,1.337,1.337,1.337,0.004,0.004,0.004,0.000,0.000
20,8,1.212,1.212,1.212,0.007,0.007,0.007,0.000,0.000
20,8,1.312,1.312,1.312,0.005,0.005,0.005,0.000,0.000
20,8,1.238,1.238,1.238,0.006,0.006,0.006,0.000,0.000
20,8,1.214,1.214,1.214,0.005,0.005,0.005,0.000,0.000
20,8,1.264,1.264,1.264,0.004,0.004,0.004,0.000,0.000
20,8,1.089,1.089,1.089,0.004,0.004,0.004,0.000,0.000
20,8,1.322,1.322,1.322,0.004,0.004,0.004,0.000,0.000
20,9,1.037,1.037,1.037,0.004,0.004,0.004,0.000,0.000
20,9,1.206,1.206,1.206,0.008,0.008,0.008,0.000,0.000
20,9,1.020,1.020,1.020,0.005,0.005,0.005,0.000,0.000
20,9,1.373,1.373,1.373,0.005,0.005,0.005,0.000,0.000
20,9,1.092,1.092,1.092,0.005,0.005,0.005,0.000,0.000
20,9,1.059,1.059,1.059,0.005,0.005,0.005,0.000,0.000
20,9,1.226,1.226,1.226,0.004,0.004,0.004,0.000,0.000
20,9,1.288,1.288,1.288,0.004,0.004,0.004,0.000,0.000
20,9,1.442,1.442,1.442,0.004,0.004,0.004,0.000,0.000
20,9,1.260,1.260,1.260,0.009,0.009,0.009,0.000,0.000
20,9,1.069,1.069,1.069,0.004,0.004,0.004,0.000,0.000
20,9,1.042,1.042,1.042,0.004,0.004,0.004,0.000,0.000
20,9,1.295,1.295,1.295,0.004,0.004,0.004,0.000,0.000
20,9,1.053,1.053,1.053,0.004,0.004,0.004,0.000,0.000
20,9,1.077,1.077,1.077,0.005,0.005,0.005,0.000,0.000
20,9,1.203,1.203,1.203,0.005,0.005,0.005,0.000,0.000
20,9,1.412,1.412,1.412,0.004,0.004,0.004,0.000,0.000
20,9,1.131,1.131,1.131,0.004,0.004,0.004,0.000,0.000
20,9,1.093,1.093,1.093,0.004,0.004,0.004,0.000,0.000
20,9,1.375,1.375,1.375,0.004,0.004,0.004,0.000,0.000
20,9,1.319,1.319,1.319,0.004,0.004,0.004,0.000,0.000
20,9,1.419,1.419,1.419,0.004,0.004,0.004,0.000,0.000
20,9,1.373,1.373,1.373,0.004,0.004,0.004,0.000,0.000
20,9,1.356,1.356,1.356,0.004,0.004,0.004,0.000,0.000
20,9,1.335,1.335,1.335,0.004,0.004,0.004,0.000,0.000
20,9,1.035,1.035,1.035,0.004,0.004,0.004,0.000,0.000
20,9,1.326,1.326,1.326,0.005,0.005,0.005,0.000,0.000
20,9,1.294,1.294,1.294,0.004,0.004,0.004,0.000,0.000
20,9,1.340,1.340,1.340,0.004,0.004,0.004,0.000,0.000
20,9,1.105,1.105,1.105,0.004,0.004,0.004,0.000,0.000
20,9,1.254,1.254,1.254,0.004,0.004,0.004,0.000,0.000
20,9,1.576,1.576,1.576,0.004,0.004,0.004,0.000,0.000
20,9,1.341,1.341,1.341,0.004,0.004,0.004,0.000,0.000
20,9,1.187,1.187,1.187,0.004,0.004,0.004,0.000,0.000
20,9,1.514,1.514,1.514,0.004,0.004,0.004,0.000,0.000
20,9,1.202,1.202,1.202,0.004,0.004,0.004,0.000,0.000
20,9,1.338,1.338,1.338,0.004,0.004,0.004,0.000,0.000
20,9,1.173,1.173,1.173,0.004,0.004,0.004,0.000,0.000
20,9,1.058,1.058,1.058,0.004,0.004,0.004,0.000,0.000
20,9,1.128,1.128,1.128,0.005,0.005,0.005,0.000,0.000
20,9,1.248,1.248,1.248,0.004,0.004,0.004,0.000,0.000
20,9,1.157,1.157,1.157,0.004,0.004,0.004,0.000,0.000
20,9,1.516,1.516,1.516,0.005,0.005,0.005,0.000,0.000
20,9,1.515,1.515,1.515,0.005,0.005,0.005,0.000,0.000
20,9,1.415,1.415,1.415,0.004,0.004,0.004,0.000,0.000
20,9,1.170,1.170,1.170,0.004,0.004,0.004,0.000,0.000
20,9,1.460,1.460,1.460,0.004,0.004,0.004,0.000,0.000
20,9,1.218,1.218,1.218,0.004,0.004,0.004,0.000,0.000
20,9,1.275,1.275,1.275,0.004,0.004,0.004,0.000,0.000
20,9,1.202,1.202,1.202,0.004,0.004,0.004,0.000,0.000
20,9,1.290,1.290,1.290,0.005,0.005,0.005,0.000,0.000
20,9,1.287,1.287,1.287,0.004,0.004,0.004,0.000,0.000
20,9,1.375,1.375,1.375,0.007,0.007,0.007,0.000,0.000
20,9,1.300,1.300,1.300,0.004,0.004,0.004,0.000,0.000
20,9,1.156,1.156,1.156,0.004,0.004,0.004,0.000,0.000
20,9,1.108,1.108,1.108,0.004,0.004,0.004,0.000,0.000
20,9,1.346,1.346,1.346,0.004,0.004,0.004,0.000,0.000
20,9,1.142,1.142,1.142,0.005,0.005,0.005,0.000,0.000
20,9,1.675,1.675,1.675,0.004,0.004,0.004,0.000,0.000
20,9,1.181,1.181,1.181,0.004,0.004,0.004,0.000,0.000
20,9,1.162,1.162,1.162,0.005,0.005,0.005,0.000,0.000
20,9,1.072,1.072,1.072,0.004,0.004,0.004,0.000,0.000
20,9,1.193,1.193,1.193,0.004,0.004,0.004,0.000,0.000
20,9,1.210,1.210,1.210,0.004,0.004,0.004,0.000,0.000
20,9,1.282,1.282,1.282,0.005,0.005,0.005,0.000,0.000
20,9,1.053,1.053,1.053,0.005,0.005,0.005,0.000,0.000
20,9,1.464,1.464,1.464,0.004,0.004,0.004,0.000,0.000
20,9,1.194,1.194,1.194,0.004,0.004,0.004,0.000,0.000
20,9,1.268,1.268,1.268,0.005,0.005,0.005,0.000,0.000
20,9,1.153,1.153,1.153,0.004,0.004,0.004,0.000,0.000
20,9,1.257,1.257,1.257,0.004,0.004,0.004,0.000,0.000
20,9,1.244,1.244,1.244,0.004,0.004,0.004,0.000,0.000
20,9,1.131,1.131,1.131,0.004,0.004,0.004,0.000,0.000
20,9,1.166,1.166,1.166,0.005,0.005,0.005,0.000,0.000
20,9,1.189,1.189,1.189,0.004,0.004,0.004,0.000,0.000
20,9,1.123,1.123,1.123,0.004,0.004,0.004,0.000,0.000
20,9,1.185,1.185,1.185,0.005,0.005,0.005,0.000,0.000
20,9,1.594,1.594,1.594,0.004,0.004,0.004,0.000,0.000
20,9,1.372,1.372,1.372,0.004,0.004,0.004,0.000,0.000
20,9,1.250,1.250,1.250,0.010,0.010,0.010,0.000,0.000
20,9,1.222,1.222,1.222,0.004,0.004,0.004,0.000,0.000
20,9,1.030,1.030,1.030,0.004,0.004,0.004,0.000,0.000
20,9,1.618,1.618,1.618,0.004,0.004,0.004,0.000,0.000
20,9,1.049,1.049,1.049,0.008,0.008,0.008,0.000,0.000
20,9,1.077,1.077,1.077,0.004,0.004,0.004,0.000,0.000
20,9,1.210,1.210,1.210,0.005,0.005,0.005,0.000,0.000
20,9,1.335,1.335,1.335,0.005,0.005,0.005,0.000,0.000
20,9,1.248,1.248,1.248,0.004,0.004,0.004,0.000,0.000
20,9,1.384,1.384,1.384,0.004,0.004,0.004,0.000,0.000
20,9,1.081,1.081,1.081,0.004,0.004,0.004,0.000,0.000
20,9,1.178,1.178,1.178,0.007,0.007,0.007,0.000,0.000
20,9,1.098,1.098,1.098,0.004,0.004,0.004,0.000,0.000
20,9,1.441,1.441,1.441,0.004,0.004,0.004,0.000,0.000
20,9,1.180,1.180,1.180,0.004,0.004,0.004,0.000,0.000
20,9,1.209,1.209,1.209,0.004,0.004,0.004,0.000,0.000
20,9,1.178,1.178,1.178,0.005,0.005,0.005,0.000,0.000
20,9,1.362,1.362,1.362,0.004,0.004,0.004,0.000,0.000
20,9,1.100,1.100,1.100,0.004,0.004,0.004,0.000,0.000
20,9,1.610,1.610,1.610,0.005,0.005,0.005,0.000,0.000
20,9,1.252,1.252,1.252,0.004,0.004,0.004,0.000,0.000
20,10,1.683,1.683,1.683,0.004,0.004,0.004,0.000,0.000
20,10,1.429,1.429,1.429,0.004,0.004,0.004,0.000,0.000
20,10,1.375,1.375,1.375,0.005,0.005,0.005,0.000,0.000
20,10,1.345,1.345,1.345,0.004,0.004,0.004,0.000,0.000
20,10,1.123,1.123,1.123,0.004,0.004,0.004,0.000,0.000
20,10,1.404,1.404,1.404,0.004,0.004,0.004,0.000,0.000
20,10,1.225,1.225,1.225,0.005,0.005,0.005,0.000,0.000
20,10,1.443,1.443,1.443,0.004,0.004,0.004,0.000,0.000
20,10,1.473,1.473,1.473,0.004,0.004,0.004,0.000,0.000
20,10,1.363,1.363,1.363,0.005,0.005,0.005,0.000,0.000
20,10,1.637,1.637,1.637,0.004,0.004,0.004,0.000,0.000
20,10,1.334,1.334,1.334,0.004,0.004,0.004,0.000,0.000
20,10,1.286,1.286,1.286,0.004,0.004,0.004,0.000,0.000
20,10,1.186,1.186,1.186,0.004,0.004,0.004,0.000,0.000
20,10,1.156,1.156,1.156,0.004,0.004,0.004,0.000,0.000
20,10,1.270,1.270,1.270,0.004,0.004,0.004,0.000,0.000
20,10,1.415,1.415,1.415,0.004,0.004,0.004,0.000,0.000
20,10,1.069,1.069,1.069,0.004,0.004,0.004,0.000,0.000
20,10,1.522,1.522,1.522,0.004,0.004,0.004,0.000,0.000
20,10,1.303,1.303,1.303,0.004,0.004,0.004,0.000,0.000
20,10,1.087,1.087,1.087,0.004,0.004,0.004,0.000,0.000
20,10,1.750,1.750,1.750,0.005,0.005,0.005,0.000,0.000
20,10,1.591,1.591,1.591,0.006,0.006,0.006,0.000,0.000
20,10,1.332,1.332,1.332,0.005,0.005,0.005,0.000,0.000
20,10,1.033,1.033,1.033,0.007,0.007,0.007,0.000,0.000
20,10,1.360,1.360,1.360,0.005,0.005,0.005,0.000,0.000
20,10,1.136,1.136,1.136,0.005,0.005,0.005,0.000,0.000
20,10,1.262,1.262,1.262,0.004,0.004,0.004,0.000,0.000
20,10,1.232,1.232,1.232,0.004,0.004,0.004,0.000,0.000
20,10,1.481,1.481,1.481,0.004,0.004,0.004,0.000,0.000
20,10,1.133,1.133,1.133,0.004,0.004,0.004,0.000,0.000
20,10,1.503,1.503,1.503,0.005,0.005,0.005,0.000,0.000
20,10,1.350,1.350,1.350,0.004,0.004,0.004,0.000,0.000
20,10,1.629,1.629,1.629,0.005,0.005,0.005,0.000,0.000
20,10,1.549,1.549,1.549,0.004,0.004,0.004,0.000,0.000
20,10,1.124,1.124,1.124,0.005,0.005,0.005,0.000,0.000
20,10,1.175,1.175,1.175,0.004,0.004,0.004,0.000,0.000
20,10,1.146,1.146,1.146,0.004,0.004,0.004,0.000,0.000
20,10,1.425,1.425,1.425,0.004,0.004,0.004,0.000,0.000
20,10,1.179,1.179,1.179,0.004,0.004,0.004,0.000,0.000
20,10,1.548,1.548,1.548,0.004,0.004,0.004,0.000,0.000
20,10,1.199,1.199,1.199,0.005,0.005,0.005,0.000,0.000
20,10,1.541,1.541,1.541,0.004,0.004,0.004,0.000,0.000
20,10,1.241,1.241,1.241,0.004,0.004,0.004,0.000,0.000
20,10,1.448,1.448,1.448,0.004,0.004,0.004,0.000,0.000
20,10,1.489,1.489,1.489,0.005,0.005,0.005,0.000,0.000
20,10,1.325,1.325,1.325,0.004,0.004,0.004,0.000,0.000
20,10,1.197,1.197,1.197,0.005,0.005,0.005,0.000,0.000
20,10,1.416,1.416,1.416,0.004,0.004,0.004,0.000,0.000
20,10,1.304,1.304,1.304,0.005,0.005,0.005,0.000,0.000
20,10,1.175,1.175,1.175,0.004,0.004,0.004,0.000,0.000
20,10,1.684,1.684,1.684,0.004,0.004,0.004,0.000,0.000
20,10,1.293,1.293,1.293,0.004,0.004,0.004,0.000,0.000
20,10,1.244,1.244,1.244,0.004,0.004,0.004,0.000,0.000
20,10,1.042,1.042,1.042,0.005,0.005,0.005,0.000,0.000
20,10,1.343,1.343,1.343,0.004,0.004,0.004,0.000,0.000
20,10,1.240,1.240,1.240,0.004,0.004,0.004,0.000,0.000
20,10,1.813,1.813,1.813,0.004,0.004,0.004,0.000,0.000
20,10,1.251,1.251,1.251,0.004,0.004,0.004,0.000,0.000
20,10,1.345,1.345,1.345,0.004,0.004,0.004,0.000,0.000
20,10,1.336,1.336,1.336,0.004,0.004,0.004,0.000,0.000
20,10,1.769,1.769,1.769,0.004,0.004,0.004,0.000,0.000
20,10,1.277,1.277,1.277,0.004,0.004,0.004,0.000,0.000
20,10,1.456,1.456,1.456,0.004,0.004,0.004,0.000,0.000
20,10,1.274,1.274,1.274,0.004,0.004,0.004,0.000,0.000
20,10,1.283,1.283,1.283,0.005,0.005,0.005,0.000,0.000
20,10,1.461,1.461,1.461,0.004,0.004,0.004,0.000,0.000
20,10,1.663,1.663,1.663,0.004,0.004,0.004,0.000,0.000
20,10,1.056,1.056,1.056,0.004,0.004,0.004,0.000,0.000
20,10,1.517,1.517,1.517,0.004,0.004,0.004,0.000,0.000
20,10,1.217,1.217,1.217,0.004,0.004,0.004,0.000,0.000
20,10,1.120,1.120,1.120,0.005,0.005,0.005,0.000,0.000
20,10,1.217,1.217,1.217,0.004,0.004,0.004,0.000,0.000
20,10,1.514,1.514,1.514,0.004,0.004,0.004,0.000,0.000
20,10,1.198,1.198,1.198,0.004,0.004,0.004,0.000,0.000
20,10,1.605,1.605,1.605,0.004,0.004,0.004,0.000,0.000
20,10,1.265,1.265,1.265,0.004,0.004,0.004,0.000,0.000
20,10,1.599,1.599,1.599,0.004,0.004,0.004,0.000,0.000
20,10,2.028,2.028,2.028,0.004,0.004,0.004,0.000,0.000
20,10,1.213,1.213,1.213,0.005,0.005,0.005,0.000,0.000
20,10,1.262,1.262,1.262,0.004,0.004,0.004,0.000,0.000
20,10,1.121,1.121,1.121,0.004,0.004,0.004,0.000,0.000
20,10,1.209,1.209,1.209,0.004,0.004,0.004,0.000,0.000
20,10,1.419,1.419,1.419,0.004,0.004,0.004,0.000,0.000
20,10,1.310,1.310,1.310,0.004,0.004,0.004,0.000,0.000
20,10,1.235,1.235,1.235,0.004,0.004,0.004,0.000,0.000
20,10,1.422,1.422,1.422,0.004,0.004,0.004,0.000,0.000
20,10,1.229,1.229,1.229,0.004,0.004,0.004,0.000,0.000
20,10,1.255,1.255,1.255,0.004,0.004,0.004,0.000,0.000
20,10,1.297,1.297,1.297,0.004,0.004,0.004,0.000,0.000
20,10,1.253,1.253,1.253,0.004,0.004,0.004,0.000,0.000
20,10,1.200,1.200,1.200,0.004,0.004,0.004,0.000,0.000
20,10,1.131,1.131,1.131,0.004,0.004,0.004,0.000,0.000
20,10,1.220,1.220,1.220,0.004,0.004,0.004,0.000,0.000
20,10,1.225,1.225,1.225,0.004,0.004,0.004,0.000,0.000
20,10,1.249,1.249,1.249,0.004,0.004,0.004,0.000,0.000
20,10,1.422,1.422,1.422,0.004,0.004,0.004,0.000,0.000
20,10,1.288,1.288,1.288,0.005,0.005,0.005,0.000,0.000
20,10,1.295,1.295,1.295,0.004,0.004,0.004,0.000,0.000
20,10,1.418,1.418,1.418,0.004,0.004,0.004,0.000,0.000
30,2,1.081,1.081,1.081,0.006,0.006,0.006,0.000,0.000
30,2,1.099,1.099,1.099,0.006,0.006,0.006,0.000,0.000
30,2,1.165,1.165,1.165,0.007,0.007,0.007,0.000,0.000
30,2,1.065,1.065,1.065,0.008,0.008,0.008,0.000,0.000
30,2,1.030,1.030,1.030,0.006,0.006,0.006,0.000,0.000
30,2,1.057,1.057,1.057,0.007,0.007,0.007,0.000,0.000
30,2,1.064,1.064,1.064,0.010,0.010,0.010,0.000,0.000
30,2,1.143,1.143,1.143,0.006,0.006,0.006,0.000,0.000
30,2,1.064,1.064,1.064,0.006,0.006,0.006,0.000,0.000
30,2,1.055,1.055,1.055,0.007,0.007,0.007,0.000,0.000
30,2,1.145,1.145,1.145,0.008,0.008,0.008,0.000,0.000
30,2,1.212,1.212,1.212,0.008,0.008,0.008,0.000,0.000
30,2,1.073,1.073,1.073,0.006,0.006,0.006,0.000,0.000
30,2,1.318,1.318,1.318,0.007,0.007,0.007,0.000,0.000
30,2,1.000,1.000,1.000,0.009,0.009,0.009,0.000,0.000
30,2,1.085,1.085,1.085,0.007,0.007,0.007,0.000,0.000
30,2,1.281,1.281,1.281,0.007,0.007,0.007,0.000,0.000
30,2,1.196,1.196,1.196,0.009,0.009,0.009,0.000,0.000
30,2,1.127,1.127,1.127,0.006,0.006,0.006,0.000,0.000
30,2,1.147,1.147,1.147,0.009,0.009,0.009,0.000,0.000
30,2,1.031,1.031,1.031,0.007,0.007,0.007,0.000,0.000
30,2,1.176,1.176,1.176,0.007,0.007,0.007,0.000,0.000
30,2,1.011,1.011,1.011,0.007,0.007,0.007,0.000,0.000
30,2,1.093,1.093,1.093,0.006,0.006,0.006,0.000,0.000
30,2,1.019,1.019,1.019,0.007,0.007,0.007,0.000,0.000
30,2,1.044,1.044,1.044,0.009,0.009,0.009,0.000,0.000
30,2,1.115,1.115,1.115,0.026,0.026,0.026,0.000,0.000
30,2,1.016,1.016,1.016,0.012,0.012,0.012,0.000,0.000
30,2,1.012,1.012,1.012,0.011,0.011,0.011,0.000,0.000
30,2,1.078,1.078,1.078,0.007,0.007,0.007,0.000,0.000
30,2,1.100,1.100,1.100,0.007,0.007,0.007,0.000,0.000
30,2,1.166,1.166,1.166,0.018,0.018,0.018,0.000,0.000
30,2,1.326,1.326,1.326,0.011,0.011,0.011,0.000,0.000
30,2,1.133,1.133,1.133,0.007,0.007,0.007,0.000,0.000
30,2,1.077,1.077,1.077,0.007,0.007,0.007,0.000,0.000
30,2,1.105,1.105,1.105,0.007,0.007,0.007,0.000,0.000
30,2,1.015,1.015,1.015,0.006,0.006,0.006,0.000,0.000
30,2,1.054,1.054,1.054,0.008,0.008,0.008,0.000,0.000
30,2,1.119,1.119,1.119,0.006,0.006,0.006,0.000,0.000
30,2,1.159,1.159,1.159,0.008,0.008,0.008,0.000,0.000
30,2,1.126,1.126,1.126,0.008,0.008,0.008,0.000,0.000
30,2,1.154,1.154,1.154,0.007,0.007,0.007,0.000,0.000
30,2,1.043,1.043,1.043,0.006,0.006,0.006,0.000,0.000
30,2,1.018,1.018,1.018,0.007,0.007,0.007,0.000,0.000
30,2,1.146,1.146,1.146,0.006,0.006,0.006,0.000,0.000
30,2,1.212,1.212,1.212,0.006,0.006,0.006,0.000,0.000
30,2,1.264,1.264,1.264,0.007,0.007,0.007,0.000,0.000
30,2,1.165,1.165,1.165,0.007,0.007,0.007,0.000,0.000
30,2,1.210,1.210,1.210,0.007,0.007,0.007,0.000,0.000
30,2,1.063,1.063,1.063,0.006,0.006,0.006,0.000,0.000
30,2,1.087,1.087,1.087,0.007,0.007,0.007,0.000,0.000
30,2,1.134,1.134,1.134,0.007,0.007,0.007,0.000,0.000
30,2,1.328,1.328,1.328,0.007,0.007,0.007,0.000,0.000
30,2,1.049,1.049,1.049,0.007,0.007,0.007,0.000,0.000
30,2,1.175,1.175,1.175,0.008,0.008,0.008,0.000,0.000
30,2,1.075,1.075,1.075,0.007,0.007,0.007,0.000,0.000
30,2,1.047,1.047,1.047,0.008,0.008,0.008,0.000,0.000
30,2,1.118,1.118,1.118,0.006,0.006,0.006,0.000,0.000
30,2,1.037,1.037,1.037,0.007,0.007,0.007,0.000,0.000
30,2,1.033,1.033,1.033,0.006,0.006,0.006,0.000,0.000
30,2,1.059,1.059,1.059,0.007,0.007,0.007,0.000,0.000
30,2,1.106,1.106,1.106,0.008,0.008,0.008,0.000,0.000
30,2,1.129,1.129,1.129,0.006,0.006,0.006,0.000,0.000
30,2,1.117,1.117,1.117,0.008,0.008,0.008,0.000,0.000
30,2,1.367,1.367,1.367,0.009,0.009,0.009,0.000,0.000
30,2,1.077,1.077,1.077,0.006,0.006,0.006,0.000,0.000
30,2,1.109,1.109,1.109,0.008,0.008,0.008,0.000,0.000
30,2,1.160,1.160,1.160,0.006,0.006,0.006,0.000,0.000
30,2,1.544,1.544,1.544,0.007,0.007,0.007,0.000,0.000
30,2,1.037,1.037,1.037,0.008,0.008,0.008,0.000,0.000
30,2,1.195,1.195,1.195,0.008,0.008,0.008,0.000,0.000
30,2,1.157,1.157,1.157,0.007,0.007,0.007,0.000,0.000
30,2,1.337,1.337,1.337,0.009,0.009,0.009,0.000,0.000
30,2,1.083,1.083,1.083,0.007,0.007,0.007,0.000,0.000
30,2,1.069,1.069,1.069,0.007,0.007,0.007,0.000,0.000
30,2,1.002,1.002,1.002,0.007,0.007,0.007,0.000,0.000
30,2,1.088,1.088,1.088,0.008,0.008,0.008,0.000,0.000
30,2,1.051,1.051,1.051,0.008,0.008,0.008,0.000,0.000
30,2,1.022,1.022,1.022,0.006,0.006,0.006,0.000,0.000
30,2,1.077,1.077,1.077,0.007,0.007,0.007,0.000,0.000
30,2,1.076,1.076,1.076,0.006,0.006,0.006,0.000,0.000
30,2,1.182,1.182,1.182,0.008,0.008,0.008,0.000,0.000
30,2,1.136,1.136,1.136,0.006,0.006,0.006,0.000,0.000
30,2,1.014,1.014,1.014,0.007,0.007,0.007,0.000,0.000
30,2,1.049,1.049,1.049,0.007,0.007,0.007,0.000,0.000
30,2,1.070,1.070,1.070,0.006,0.006,0.006,0.000,0.000
30,2,1.042,1.042,1.042,0.009,0.009,0.009,0.000,0.000
30,2,1.002,1.002,1.002,0.007,0.007,0.007,0.000,0.000
30,2,1.044,1.044,1.044,0.006,0.006,0.006,0.000,0.000
30,2,1.052,1.052,1.052,0.006,0.006,0.006,0.000,0.000
30,2,1.225,1.225,1.225,0.009,0.009,0.009,0.000,0.000
30,2,1.096,1.096,1.096,0.008,0.008,0.008,0.000,0.000
30,2,1.029,1.029,1.029,0.007,0.007,0.007,0.000,0.000
30,2,1.124,1.124,1.124,0.007,0.007,0.007,0.000,0.000
30,2,1.149,1.149,1.149,0.007,0.007,0.007,0.000,0.000
30,2,1.242,1.242,1.242,0.007,0.007,0.007,0.000,0.000
30,2,1.116,1.116,1.116,0.006,0.006,0.006,0.000,0.000
30,2,1.138,1.138,1.138,0.007,0.007,0.007,0.000,0.000
30,2,1.072,1.072,1.072,0.006,0.006,0.006,0.000,0.000
30,2,1.204,1.204,1.204,0.007,0.007,0.007,0.000,0.000
30,3,1.043,1.043,1.043,0.008,0.008,0.008,0.000,0.000
30,3,1.067,1.067,1.067,0.007,0.007,0.007,0.000,0.000
30,3,1.058,1.058,1.058,0.007,0.007,0.007,0.000,0.000
30,3,1.116,1.116,1.116,0.007,0.007,0.007,0.000,0.000
30,3,1.114,1.114,1.114,0.009,0.009,0.009,0.000,0.000
30,3,1.044,1.044,1.044,0.007,0.007,0.007,0.000,0.000
30,3,1.127,1.127,1.127,0.006,0.006,0.006,0.000,0.000
30,3,1.391,1.391,1.391,0.008,0.008,0.008,0.000,0.000
30,3,1.060,1.060,1.060,0.007,0.007,0.007,0.000,0.000
30,3,1.160,1.160,1.160,0.008,0.008,0.008,0.000,0.000
30,3,1.229,1.229,1.229,0.006,0.006,0.006,0.000,0.000
30,3,1.060,1.060,1.060,0.007,0.007,0.007,0.000,0.000
30,3,1.184,1.184,1.184,0.007,0.007,0.007,0.000,0.000
30,3,1.041,1.041,1.041,0.009,0.009,0.009,0.000,0.000
30,3,1.013,1.013,1.013,0.006,0.006,0.006,0.000,0.000
30,3,1.068,1.068,1.068,0.007,0.007,0.007,0.000,0.000
30,3,1.326,1.326,1.326,0.007,0.007,0.007,0.000,0.000
30,3,1.177,1.177,1.177,0.007,0.007,0.007,0.000,0.000
30,3,1.087,1.087,1.087,0.008,0.008,0.008,0.000,0.000
30,3,1.085,1.085,1.085,0.006,0.006,0.006,0.000,0.000
30,3,1.199,1.199,1.199,0.007,0.007,0.007,0.000,0.000
30,3,1.120,1.120,1.120,0.006,0.006,0.006,0.000,0.000
30,3,1.090,1.090,1.090,0.007,0.007,0.007,0.000,0.000
30,3,1.126,1.126,1.126,0.008,0.008,0.008,0.000,0.000
30,3,1.129,1.129,1.129,0.008,0.008,0.008,0.000,0.000
30,3,1.252,1.252,1.252,0.007,0.007,0.007,0.000,0.000
30,3,1.119,1.119,1.119,0.007,0.007,0.007,0.000,0.000
30,3,1.107,1.107,1.107,0.009,0.009,0.009,0.000,0.000
30,3,1.128,1.128,1.128,0.008,0.008,0.008,0.000,0.000
30,3,1.121,1.121,1.121,0.007,0.007,0.007,0.000,0.000
30,3,1.112,1.112,1.112,0.007,0.007,0.007,0.000,0.000
30,3,1.165,1.165,1.165,0.007,0.007,0.007,0.000,0.000
30,3,1.004,1.004,1.004,0.008,0.008,0.008,0.000,0.000
30,3,1.029,1.029,1.029,0.008,0.008,0.008,0.000,0.000
30,3,1.248,1.248,1.248,0.006,0.006,0.006,0.000,0.000
30,3,1.078,1.078,1.078,0.006,0.006,0.006,0.000,0.000
30,3,1.219,1.219,1.219,0.006,0.006,0.006,0.000,0.000
30,3,1.095,1.095,1.095,0.007,0.007,0.007,0.000,0.000
30,3,1.100,1.100,1.100,0.007,0.007,0.007,0.000,0.000
30,3,1.187,1.187,1.187,0.007,0.007,0.007,0.000,0.000
30,3,1.182,1.182,1.182,0.008,0.008,0.008,0.000,0.000
30,3,1.081,1.081,1.081,0.009,0.009,0.009,0.000,0.000
30,3,1.156,1.156,1.156,0.007,0.007,0.007,0.000,0.000
30,3,1.061,1.061,1.061,0.007,0.007,0.007,0.000,0.000
30,3,1.097,1.097,1.097,0.006,0.006,0.006,0.000,0.000
30,3,1.003,1.003,1.003,0.007,0.007,0.007,0.000,0.000
30,3,1.089,1.089,1.089,0.007,0.007,0.007,0.000,0.000
30,3,1.253,1.253,1.253,0.008,0.008,0.008,0.000,0.000
30,3,1.073,1.073,1.073,0.008,0.008,0.008,0.000,0.000
30,3,1.041,1.041,1.041,0.007,0.007,0.007,0.000,0.000
30,3,1.197,1.197,1.197,0.008,0.008,0.008,0.000,0.000
30,3,1.044,1.044,1.044,0.007,0.007,0.007,0.000,0.000
30,3,1.084,1.084,1.084,0.007,0.007,0.007,0.000,0.000
30,3,1.037,1.037,1.037,0.007,0.007,0.007,0.000,0.000
30,3,1.285,1.285,1.285,0.009,0.009,0.009,0.000,0.000
30,3,1.110,1.110,1.110,0.009,0.009,0.009,0.000,0.000
30,3,1.187,1.187,1.187,0.007,0.007,0.007,0.000,0.000
30,3,1.061,1.061,1.061,0.007,0.007,0.007,0.000,0.000
30,3,1.109,1.109,1.109,0.010,0.010,0.010,0.000,0.000
30,3,1.165,1.165,1.165,0.007,0.007,0.007,0.000,0.000
30,3,1.059,1.059,1.059,0.008,0.008,0.008,0.000,0.000
30,3,1.064,1.064,1.064,0.007,0.007,0.007,0.000,0.000
30,3,1.116,1.116,1.116,0.006,0.006,0.006,0.000,0.000
30,3,1.280,1.280,1.280,0.008,0.008,0.008,0.000,0.000
30,3,1.170,1.170,1.170,0.006,0.006,0.006,0.000,0.000
30,3,1.141,1.141,1.141,0.007,0.007,0.007,0.000,0.000
30,3,1.134,1.134,1.134,0.006,0.006,0.006,0.000,0.000
30,3,1.007,1.007,1.007,0.012,0.012,0.012,0.000,0.000
30,3,1.227,1.227,1.227,0.007,0.007,0.007,0.000,0.000
30,3,1.146,1.146,1.146,0.007,0.007,0.007,0.000,0.000
30,3,1.080,1.080,1.080,0.006,0.006,0.006,0.000,0.000
30,3,1.070,1.070,1.070,0.007,0.007,0.007,0.000,0.000
30,3,1.061,1.061,1.061,0.008,0.008,0.008,0.000,0.000
30,3,1.064,1.064,1.064,0.008,0.008,0.008,0.000,0.000
30,3,1.197,1.197,1.197,0.009,0.009,0.009,0.000,0.000
30,3,1.071,1.071,1.071,0.007,0.007,0.007,0.000,0.000
30,3,1.103,1.103,1.103,0.007,0.007,0.007,0.000,0.000
30,3,1.159,1.159,1.159,0.006,0.006,0.006,0.000,0.000
30,3,1.163,1.163,1.163,0.007,0.007,0.007,0.000,0.000
30,3,1.013,1.013,1.013,0.006,0.006,0.006,0.000,0.000
30,3,1.048,1.048,1.048,0.007,0.007,0.007,0.000,0.000
30,3,1.153,1.153,1.153,0.006,0.006,0.006,0.000,0.000
30,3,1.249,1.249,1.249,0.006,0.006,0.006,0.000,0.000
30,3,1.209,1.209,1.209,0.012,0.012,0.012,0.000,0.000
30,3,1.148,1.148,1.148,0.007,0.007,0.007,0.000,0.000
30,3,1.033,1.033,1.033,0.009,0.009,0.009,0.000,0.000
30,3,1.018,1.018,1.018,0.008,0.008,0.008,0.000,0.000
30,3,1.039,1.039,1.039,0.006,0.006,0.006,0.000,0.000
30,3,1.018,1.018,1.018,0.007,0.007,0.007,0.000,0.000
30,3,1.065,1.065,1.065,0.006,0.006,0.006,0.000,0.000
30,3,1.100,1.100,1.100,0.006,0.006,0.006,0.000,0.000
30,3,1.019,1.019,1.019,0.006,0.006,0.006,0.000,0.000
30,3,1.001,1.001,1.001,0.007,0.007,0.007,0.000,0.000
30,3,1.249,1.249,1.249,0.007,0.007,0.007,0.000,0.000
30,3,1.276,1.276,1.276,0.006,0.006,0.006,0.000,0.000
30,3,1.100,1.100,1.100,0.007,0.007,0.007,0.000,0.000
30,3,1.053,1.053,1.053,0.007,0.007,0.007,0.000,0.000
30,3,1.070,1.070,1.070,0.006,0.006,0.006,0.000,0.000
30,3,1.157,1.157,1.157,0.009,0.009,0.009,0.000,0.000
30,3,1.161,1.161,1.161,0.008,0.008,0.008,0.000,0.000
30,4,1.054,1.054,1.054,0.008,0.008,0.008,0.000,0.000
30,4,1.207,1.207,1.207,0.006,0.006,0.006,0.000,0.000
30,4,1.260,1.260,1.260,0.009,0.009,0.009,0.000,0.000
30,4,1.181,1.181,1.181,0.006,0.006,0.006,0.000,0.000
30,4,1.002,1.002,1.002,0.006,0.006,0.006,0.000,0.000
30,4,1.161,1.161,1.161,0.007,0.007,0.007,0.000,0.000
30,4,1.025,1.025,1.025,0.007,0.007,0.007,0.000,0.000
30,4,1.187,1.187,1.187,0.008,0.008,0.008,0.000,0.000
30,4,1.010,1.010,1.010,0.007,0.007,0.007,0.000,0.000
30,4,1.104,1.104,1.104,0.007,0.007,0.007,0.000,0.000
30,4,1.201,1.201,1.201,0.006,0.006,0.006,0.000,0.000
30,4,1.177,1.177,1.177,0.006,0.006,0.006,0.000,0.000
30,4,1.068,1.068,1.068,0.008,0.008,0.008,0.000,0.000
30,4,1.061,1.061,1.061,0.007,0.007,0.007,0.000,0.000
30,4,1.217,1.217,1.217,0.006,0.006,0.006,0.000,0.000
30,4,1.102,1.102,1.102,0.008,0.008,0.008,0.000,0.000
30,4,1.215,1.215,1.215,0.006,0.006,0.006,0.000,0.000
30,4,1.033,1.033,1.033,0.006,0.006,0.006,0.000,0.000
30,4,1.130,1.130,1.130,0.006,0.006,0.006,0.000,0.000
30,4,1.308,1.308,1.308,0.007,0.007,0.007,0.000,0.000
30,4,1.158,1.158,1.158,0.007,0.007,0.007,0.000,0.000
30,4,1.250,1.250,1.250,0.006,0.006,0.006,0.000,0.000
30,4,1.074,1.074,1.074,0.007,0.007,0.007,0.000,0.000
30,4,1.241,1.241,1.241,0.006,0.006,0.006,0.000,0.000
30,4,1.212,1.212,1.212,0.008,0.008,0.008,0.000,0.000
30,4,1.058,1.058,1.058,0.008,0.008,0.008,0.000,0.000
30,4,1.129,1.129,1.129,0.007,0.007,0.007,0.000,0.000
30,4,1.149,1.149,1.149,0.008,0.008,0.008,0.000,0.000
30,4,1.078,1.078,1.078,0.006,0.006,0.006,0.000,0.000
30,4,1.059,1.059,1.059,0.007,0.007,0.007,0.000,0.000
30,4,1.158,1.158,1.158,0.008,0.008,0.008,0.000,0.000
30,4,1.132,1.132,1.132,0.007,0.007,0.007,0.000,0.000
30,4,1.174,1.174,1.174,0.007,0.007,0.007,0.000,0.000
30,4,1.137,1.137,1.137,0.007,0.007,0.007,0.000,0.000
30,4,1.098,1.098,1.098,0.006,0.006,0.006,0.000,0.000
30,4,1.057,1.057,1.057,0.006,0.006,0.006,0.000,0.000
30,4,1.238,1.238,1.238,0.006,0.006,0.006,0.000,0.000
30,4,1.073,1.073,1.073,0.007,0.007,0.007,0.000,0.000
30,4,1.145,1.145,1.145,0.007,0.007,0.007,0.000,0.000
30,4,1.048,1.048,1.048,0.010,0.010,0.010,0.000,0.000
30,4,1.109,1.109,1.109,0.008,0.008,0.008,0.000,0.000
30,4,1.100,1.100,1.100,0.017,0.017,0.017,0.000,0.000
30,4,1.132,1.132,1.132,0.011,0.011,0.011,0.000,0.000
30,4,1.082,1.082,1.082,0.060,0.060,0.060,0.000,0.000
30,4,1.031,1.031,1.031,0.007,0.007,0.007,0.000,0.000
30,4,1.021,1.021,1.021,0.006,0.006,0.006,0.000,0.000
30,4,1.190,1.190,1.190,0.007,0.007,0.007,0.000,0.000
30,4,1.031,1.031,1.031,0.007,0.007,0.007,0.000,0.000
30,4,1.142,1.142,1.142,0.006,0.006,0.006,0.000,0.000
30,4,1.120,1.120,1.120,0.009,0.009,0.009,0.000,0.000
30,4,1.070,1.070,1.070,0.008,0.008,0.008,0.000,0.000
30,4,1.096,1.096,1.096,0.007,0.007,0.007,0.000,0.000
30,4,1.082,1.082,1.082,0.007,0.007,0.007,0.000,0.000
30,4,1.272,1.272,1.272,0.008,0.008,0.008,0.000,0.000
30,4,1.101,1.101,1.101,0.007,0.007,0.007,0.000,0.000
30,4,1.104,1.104,1.104,0.007,0.007,0.007,0.000,0.000
30,4,1.047,1.047,1.047,0.006,0.006,0.006,0.000,0.000
30,4,1.128,1.128,1.128,0.006,0.006,0.006,0.000,0.000
30,4,1.029,1.029,1.029,0.007,0.007,0.007,0.000,0.000
30,4,1.169,1.169,1.169,0.007,0.007,0.007,0.000,0.000
30,4,1.117,1.117,1.117,0.007,0.007,0.007,0.000,0.000
30,4,1.246,1.246,1.246,0.006,0.006,0.006,0.000,0.000
30,4,1.118,1.118,1.118,0.007,0.007,0.007,0.000,0.000
30,4,1.041,1.041,1.041,0.010,0.010,0.010,0.000,0.000
30,4,1.086,1.086,1.086,0.007,0.007,0.007,0.000,0.000
30,4,1.153,1.153,1.153,0.007,0.007,0.007,0.000,0.000
30,4,1.037,1.037,1.037,0.008,0.008,0.008,0.000,0.000
30,4,1.226,1.226,1.226,0.007,0.007,0.007,0.000,0.000
30,4,1.273,1.273,1.273,0.007,0.007,0.007,0.000,0.000
30,4,1.062,1.062,1.062,0.007,0.007,0.007,0.000,0.000
30,4,1.074,1.074,1.074,0.007,0.007,0.007,0.000,0.000
30,4,1.175,1.175,1.175,0.008,0.008,0.008,0.000,0.000
30,4,1.109,1.109,1.109,0.007,0.007,0.007,0.000,0.000
30,4,1.060,1.060,1.060,0.007,0.007,0.007,0.000,0.000
30,4,1.290,1.290,1.290,0.006,0.006,0.006,0.000,0.000
30,4,1.113,1.113,1.113,0.009,0.009,0.009,0.000,0.000
30,4,1.032,1.032,1.032,0.006,0.006,0.006,0.000,0.000
30,4,1.185,1.185,1.185,0.006,0.006,0.006,0.000,0.000
30,4,1.047,1.047,1.047,0.006,0.006,0.006,0.000,0.000
30,4,1.146,1.146,1.146,0.008,0.008,0.008,0.000,0.000
30,4,1.215,1.215,1.215,0.007,0.007,0.007,0.000,0.000
30,4,1.149,1.149,1.149,0.008,0.008,0.008,0.000,0.000
30,4,1.064,1.064,1.064,0.007,0.007,0.007,0.000,0.000
30,4,1.112,1.112,1.112,0.006,0.006,0.006,0.000,0.000
30,4,1.199,1.199,1.199,0.007,0.007,0.007,0.000,0.000
30,4,1.036,1.036,1.036,0.009,0.009,0.009,0.000,0.000
30,4,1.128,1.128,1.128,0.007,0.007,0.007,0.000,0.000
30,4,1.097,1.097,1.097,0.007,0.007,0.007,0.000,0.000
30,4,1.072,1.072,1.072,0.007,0.007,0.007,0.000,0.000
30,4,1.095,1.095,1.095,0.007,0.007,0.007,0.000,0.000
30,4,1.044,1.044,1.044,0.007,0.007,0.007,0.000,0.000
30,4,1.009,1.009,1.009,0.007,0.007,0.007,0.000,0.000
30,4,1.006,1.006,1.006,0.007,0.007,0.007,0.000,0.000
30,4,1.103,1.103,1.103,0.006,0.006,0.006,0.000,0.000
30,4,1.060,1.060,1.060,0.006,0.006,0.006,0.000,0.000
30,4,1.079,1.079,1.079,0.006,0.006,0.006,0.000,0.000
30,4,1.086,1.086,1.086,0.006,0.006,0.006,0.000,0.000
30,4,1.055,1.055,1.055,0.007,0.007,0.007,0.000,0.000
30,4,1.099,1.099,1.099,0.006,0.006,0.006,0.000,0.000
30,4,1.296,1.296,1.296,0.007,0.007,0.007,0.000,0.000
30,5,1.202,1.202,1.202,0.009,0.009,0.009,0.000,0.000
30,5,1.085,1.085,1.085,0.007,0.007,0.007,0.000,0.000
30,5,1.081,1.081,1.081,0.007,0.007,0.007,0.000,0.000
30,5,1.015,1.015,1.015,0.009,0.009,0.009,0.000,0.000
30,5,1.316,1.316,1.316,0.007,0.007,0.007,0.000,0.000
30,5,1.173,1.173,1.173,0.010,0.010,0.010,0.000,0.000
30,5,1.112,1.112,1.112,0.007,0.007,0.007,0.000,0.000
30,5,1.047,1.047,1.047,0.006,0.006,0.006,0.000,0.000
30,5,1.135,1.135,1.135,0.006,0.006,0.006,0.000,0.000
30,5,1.000,1.000,1.000,0.007,0.007,0.007,0.000,0.000
30,5,1.148,1.148,1.148,0.007,0.007,0.007,0.000,0.000
30,5,1.192,1.192,1.192,0.010,0.010,0.010,0.000,0.000
30,5,1.248,1.248,1.248,0.006,0.006,0.006,0.000,0.000
30,5,1.131,1.131,1.131,0.007,0.007,0.007,0.000,0.000
30,5,1.122,1.122,1.122,0.009,0.009,0.009,0.000,0.000
30,5,1.204,1.204,1.204,0.007,0.007,0.007,0.000,0.000
30,5,1.154,1.154,1.154,0.009,0.009,0.009,0.000,0.000
30,5,1.133,1.133,1.133,0.007,0.007,0.007,0.000,0.000
30,5,1.081,1.081,1.081,0.007,0.007,0.007,0.000,0.000
30,5,1.019,1.019,1.019,0.007,0.007,0.007,0.000,0.000
30,5,1.139,1.139,1.139,0.006,0.006,0.006,0.000,0.000
30,5,1.078,1.078,1.078,0.007,0.007,0.007,0.000,0.000
30,5,1.171,1.171,1.171,0.009,0.009,0.009,0.000,0.000
30,5,1.089,1.089,1.089,0.006,0.006,0.006,0.000,0.000
30,5,1.268,1.268,1.268,0.008,0.008,0.008,0.000,0.000
30,5,1.073,1.073,1.073,0.009,0.009,0.009,0.000,0.000
30,5,1.229,1.229,1.229,0.010,0.010,0.010,0.000,0.000
30,5,1.140,1.140,1.140,0.006,0.006,0.006,0.000,0.000
30,5,1.150,1.150,1.150,0.007,0.007,0.007,0.000,0.000
30,5,1.068,1.068,1.068,0.012,0.012,0.012,0.000,0.000
30,5,1.171,1.171,1.171,0.009,0.009,0.009,0.000,0.000
30,5,1.071,1.071,1.071,0.009,0.009,0.009,0.000,0.000
30,5,1.221,1.221,1.221,0.007,0.007,0.007,0.000,0.000
30,5,1.111,1.111,1.111,0.007,0.007,0.007,0.000,0.000
30,5,1.039,1.039,1.039,0.006,0.006,0.006,0.000,0.000
30,5,1.195,1.195,1.195,0.007,0.007,0.007,0.000,0.000
30,5,1.137,1.137,1.137,0.009,0.009,0.009,0.000,0.000
30,5,1.100,1.100,1.100,0.006,0.006,0.006,0.000,0.000
30,5,1.194,1.194,1.194,0.007,0.007,0.007,0.000,0.000
30,5,1.183,1.183,1.183,0.006,0.006,0.006,0.000,0.000
30,5,1.163,1.163,1.163,0.008,0.008,0.008,0.000,0.000
30,5,1.049,1.049,1.049,0.007,0.007,0.007,0.000,0.000
30,5,1.015,1.015,1.015,0.007,0.007,0.007,0.000,0.000
30,5,1.061,1.061,1.061,0.007,0.007,0.007,0.000,0.000
30,5,1.116,1.116,1.116,0.007,0.007,0.007,0.000,0.000
30,5,1.223,1.223,1.223,0.009,0.009,0.009,0.000,0.000
30,5,1.153,1.153,1.153,0.006,0.006,0.006,0.000,0.000
30,5,1.091,1.091,1.091,0.007,0.007,0.007,0.000,0.000
30,5,1.162,1.162,1.162,0.007,0.007,0.007,0.000,0.000
30,5,1.181,1.181,1.181,0.007,0.007,0.007,0.000,0.000
30,5,1.088,1.088,1.088,0.007,0.007,0.007,0.000,0.000
30,5,1.145,1.145,1.145,0.006,0.006,0.006,0.000,0.000
30,5,1.021,1.021,1.021,0.007,0.007,0.007,0.000,0.000
30,5,1.219,1.219,1.219,0.009,0.009,0.009,0.000,0.000
30,5,1.042,1.042,1.042,0.009,0.009,0.009,0.000,0.000
30,5,1.000,1.000,1.000,0.007,0.007,0.007,0.000,0.000
30,5,1.037,1.037,1.037,0.007,0.007,0.007,0.000,0.000
30,5,1.074,1.074,1.074,0.006,0.006,0.006,0.000,0.000
30,5,1.027,1.027,1.027,0.006,0.006,0.006,0.000,0.000
30,5,1.182,1.182,1.182,0.007,0.007,0.007,0.000,0.000
30,5,1.123,1.123,1.123,0.007,0.007,0.007,0.000,0.000
30,5,1.006,1.006,1.006,0.006,0.006,0.006,0.000,0.000
30,5,1.266,1.266,1.266,0.006,0.006,0.006,0.000,0.000
30,5,1.028,1.028,1.028,0.009,0.009,0.009,0.000,0.000
30,5,1.174,1.174,1.174,0.007,0.007,0.007,0.000,0.000
30,5,1.135,1.135,1.135,0.008,0.008,0.008,0.000,0.000
30,5,1.156,1.156,1.156,0.006,0.006,0.006,0.000,0.000
30,5,1.039,1.039,1.039,0.009,0.009,0.009,0.000,0.000
30,5,1.204,1.204,1.204,0.007,0.007,0.007,0.000,0.000
30,5,1.049,1.049,1.049,0.008,0.008,0.008,0.000,0.000
30,5,1.071,1.071,1.071,0.011,0.011,0.011,0.000,0.000
30,5,1.226,1.226,1.226,0.007,0.007,0.007,0.000,0.000
30,5,1.160,1.160,1.160,0.009,0.009,0.009,0.000,0.000
30,5,1.017,1.017,1.017,0.006,0.006,0.006,0.000,0.000
30,5,1.286,1.286,1.286,0.007,0.007,0.007,0.000,0.000
30,5,1.014,1.014,1.014,0.007,0.007,0.007,0.000,0.000
30,5,1.165,1.165,1.165,0.006,0.006,0.006,0.000,0.000
30,5,1.105,1.105,1.105,0.009,0.009,0.009,0.000,0.000
30,5,1.089,1.089,1.089,0.006,0.006,0.006,0.000,0.000
30,5,1.128,1.128,1.128,0.009,0.009,0.009,0.000,0.000
30,5,1.027,1.027,1.027,0.007,0.007,0.007,0.000,0.000
30,5,1.237,1.237,1.237,0.007,0.007,0.007,0.000,0.000
30,5,1.011,1.011,1.011,0.006,0.006,0.006,0.000,0.000
30,5,1.224,1.224,1.224,0.007,0.007,0.007,0.000,0.000
30,5,1.202,1.202,1.202,0.007,0.007,0.007,0.000,0.000
30,5,1.114,1.114,1.114,0.006,0.006,0.006,0.000,0.000
30,5,1.101,1.101,1.101,0.009,0.009,0.009,0.000,0.000
30,5,1.116,1.116,1.116,0.007,0.007,0.007,0.000,0.000
30,5,1.248,1.248,1.248,0.007,0.007,0.007,0.000,0.000
30,5,1.097,1.097,1.097,0.007,0.007,0.007,0.000,0.000
30,5,1.214,1.214,1.214,0.007,0.007,0.007,0.000,0.000
30,5,1.069,1.069,1.069,0.007,0.007,0.007,0.000,0.000
30,5,1.113,1.113,1.113,0.006,0.006,0.006,0.000,0.000
30,5,1.288,1.288,1.288,0.006,0.006,0.006,0.000,0.000
30,5,1.079,1.079,1.079,0.007,0.007,0.007,0.000,0.000
30,5,1.176,1.176,1.176,0.006,0.006,0.006,0.000,0.000
30,5,1.193,1.193,1.193,0.006,0.006,0.006,0.000,0.000
30,5,1.272,1.272,1.272,0.006,0.006,0.006,0.000,0.000
30,5,1.096,1.096,1.096,0.011,0.011,0.011,0.000,0.000
30,5,1.157,1.157,1.157,0.006,0.006,0.006,0.000,0.000
30,6,1.098,1.098,1.098,0.007,0.007,0.007,0.000,0.000
30,6,1.180,1.180,1.180,0.006,0.006,0.006,0.000,0.000
30,6,1.313,1.313,1.313,0.007,0.007,0.007,0.000,0.000
30,6,1.103,1.103,1.103,0.008,0.008,0.008,0.000,0.000
30,6,1.183,1.183,1.183,0.007,0.007,0.007,0.000,0.000
30,6,1.055,1.055,1.055,0.007,0.007,0.007,0.000,0.000
30,6,1.007,1.007,1.007,0.008,0.008,0.008,0.000,0.000
30,6,1.188,1.188,1.188,0.007,0.007,0.007,0.000,0.000
30,6,1.165,1.165,1.165,0.007,0.007,0.007,0.000,0.000
30,6,1.207,1.207,1.207,0.007,0.007,0.007,0.000,0.000
30,6,1.153,1.153,1.153,0.007,0.007,0.007,0.000,0.000
30,6,1.119,1.119,1.119,0.007,0.007,0.007,0.000,0.000
30,6,1.067,1.067,1.067,0.007,0.007,0.007,0.000,0.000
30,6,1.105,1.105,1.105,0.006,0.006,0.006,0.000,0.000
30,6,1.171,1.171,1.171,0.006,0.006,0.006,0.000,0.000
30,6,1.140,1.140,1.140,0.007,0.007,0.007,0.000,0.000
30,6,1.132,1.132,1.132,0.007,0.007,0.007,0.000,0.000
30,6,1.097,1.097,1.097,0.006,0.006,0.006,0.000,0.000
30,6,1.067,1.067,1.067,0.006,0.006,0.006,0.000,0.000
30,6,1.173,1.173,1.173,0.007,0.007,0.007,0.000,0.000
30,6,1.064,1.064,1.064,0.008,0.008,0.008,0.000,0.000
30,6,1.064,1.064,1.064,0.007,0.007,0.007,0.000,0.000
30,6,1.171,1.171,1.171,0.008,0.008,0.008,0.000,0.000
30,6,1.094,1.094,1.094,0.007,0.007,0.007,0.000,0.000
30,6,1.237,1.237,1.237,0.007,0.007,0.007,0.000,0.000
30,6,1.110,1.110,1.110,0.006,0.006,0.006,0.000,0.000
30,6,1.033,1.033,1.033,0.006,0.006,0.006,0.000,0.000
30,6,1.147,1.147,1.147,0.007,0.007,0.007,0.000,0.000
30,6,1.267,1.267,1.267,0.008,0.008,0.008,0.000,0.000
30,6,1.237,1.237,1.237,0.010,0.010,0.010,0.000,0.000
30,6,1.064,1.064,1.064,0.007,0.007,0.007,0.000,0.000
30,6,1.133,1.133,1.133,0.007,0.007,0.007,0.000,0.000
30,6,1.025,1.025,1.025,0.007,0.007,0.007,0.000,0.000
30,6,1.226,1.226,1.226,0.006,0.006,0.006,0.000,0.000
30,6,1.333,1.333,1.333,0.008,0.008,0.008,0.000,0.000
30,6,1.070,1.070,1.070,0.007,0.007,0.007,0.000,0.000
30,6,1.203,1.203,1.203,0.006,0.006,0.006,0.000,0.000
30,6,1.069,1.069,1.069,0.007,0.007,0.007,0.000,0.000
30,6,1.126,1.126,1.126,0.008,0.008,0.008,0.000,0.000
30,6,1.200,1.200,1.200,0.006,0.006,0.006,0.000,0.000
30,6,1.175,1.175,1.175,0.007,0.007,0.007,0.000,0.000
30,6,1.111,1.111,1.111,0.006,0.006,0.006,0.000,0.000
30,6,1.114,1.114,1.114,0.007,0.007,0.007,0.000,0.000
30,6,1.234,1.234,1.234,0.008,0.008,0.008,0.000,0.000
30,6,1.085,1.085,1.085,0.008,0.008,0.008,0.000,0.000
30,6,1.158,1.158,1.158,0.007,0.007,0.007,0.000,0.000
30,6,1.148,1.148,1.148,0.019,0.019,0.019,0.000,0.000
30,6,1.148,1.148,1.148,0.022,0.022,0.022,0.000,0.000
30,6,1.148,1.148,1.148,0.019,0.019,0.019,0.000,0.000
30,6,1.084,1.084,1.084,0.013,0.013,0.013,0.000,0.000
30,6,1.434,1.434,1.434,0.016,0.016,0.016,0.000,0.000
30,6,1.147,1.147,1.147,0.007,0.007,0.007,0.000,0.000
30,6,1.148,1.148,1.148,0.006,0.006,0.006,0.000,0.000
30,6,1.078,1.078,1.078,0.008,0.008,0.008,0.000,0.000
30,6,1.167,1.167,1.167,0.007,0.007,0.007,0.000,0.000
30,6,1.238,1.238,1.238,0.008,0.008,0.008,0.000,0.000
30,6,1.208,1.208,1.208,0.007,0.007,0.007,0.000,0.000
30,6,1.189,1.189,1.189,0.007,0.007,0.007,0.000,0.000
30,6,1.163,1.163,1.163,0.008,0.008,0.008,0.000,0.000
30,6,1.201,1.201,1.201,0.007,0.007,0.007,0.000,0.000
30,6,1.149,1.149,1.149,0.006,0.006,0.006,0.000,0.000
30,6,1.120,1.120,1.120,0.006,0.006,0.006,0.000,0.000
30,6,1.159,1.159,1.159,0.007,0.007,0.007,0.000,0.000
30,6,1.051,1.051,1.051,0.008,0.008,0.008,0.000,0.000
30,6,1.079,1.079,1.079,0.007,0.007,0.007,0.000,0.000
30,6,1.092,1.092,1.092,0.007,0.007,0.007,0.000,0.000
30,6,1.203,1.203,1.203,0.006,0.006,0.006,0.000,0.000
30,6,1.097,1.097,1.097,0.009,0.009,0.009,0.000,0.000
30,6,1.046,1.046,1.046,0.011,0.011,0.011,0.000,0.000
30,6,1.220,1.220,1.220,0.007,0.007,0.007,0.000,0.000
30,6,1.051,1.051,1.051,0.007,0.007,0.007,0.000,0.000
30,6,1.075,1.075,1.075,0.007,0.007,0.007,0.000,0.000
30,6,1.071,1.071,1.071,0.007,0.007,0.007,0.000,0.000
30,6,1.039,1.039,1.039,0.008,0.008,0.008,0.000,0.000
30,6,1.119,1.119,1.119,0.006,0.006,0.006,0.000,0.000
30,6,1.168,1.168,1.168,0.050,0.050,0.050,0.000,0.000
30,6,1.066,1.066,1.066,0.020,0.020,0.020,0.000,0.000
30,6,1.159,1.159,1.159,0.008,0.008,0.008,0.000,0.000
30,6,1.287,1.287,1.287,0.013,0.013,0.013,0.000,0.000
30,6,1.110,1.110,1.110,0.009,0.009,0.009,0.000,0.000
30,6,1.108,1.108,1.108,0.007,0.007,0.007,0.000,0.000
30,6,1.323,1.323,1.323,0.007,0.007,0.007,0.000,0.000
30,6,1.048,1.048,1.048,0.013,0.013,0.013,0.000,0.000
30,6,1.125,1.125,1.125,0.010,0.010,0.010,0.000,0.000
30,6,1.073,1.073,1.073,0.008,0.008,0.008,0.000,0.000
30,6,1.309,1.309,1.309,0.007,0.007,0.007,0.000,0.000
30,6,1.052,1.052,1.052,0.006,0.006,0.006,0.000,0.000
30,6,1.088,1.088,1.088,0.008,0.008,0.008,0.000,0.000
30,6,1.071,1.071,1.071,0.007,0.007,0.007,0.000,0.000
30,6,1.042,1.042,1.042,0.016,0.016,0.016,0.000,0.000
30,6,1.271,1.271,1.271,0.008,0.008,0.008,0.000,0.000
30,6,1.304,1.304,1.304,0.007,0.007,0.007,0.000,0.000
30,6,1.097,1.097,1.097,0.007,0.007,0.007,0.000,0.000
30,6,1.302,1.302,1.302,0.008,0.008,0.008,0.000,0.000
30,6,1.287,1.287,1.287,0.007,0.007,0.007,0.000,0.000
30,6,1.110,1.110,1.110,0.007,0.007,0.007,0.000,0.000
30,6,1.023,1.023,1.023,0.007,0.007,0.007,0.000,0.000
30,6,1.139,1.139,1.139,0.007,0.007,0.007,0.000,0.000
30,6,1.150,1.150,1.150,0.007,0.007,0.007,0.000,0.000
30,6,1.071,1.071,1.071,0.006,0.006,0.006,0.000,0.000
30,7,1.147,1.147,1.147,0.009,0.009,0.009,0.000,0.000
30,7,1.089,1.089,1.089,0.007,0.007,0.007,0.000,0.000
30,7,1.117,1.117,1.117,0.011,0.011,0.011,0.000,0.000
30,7,1.250,1.250,1.250,0.008,0.008,0.008,0.000,0.000
30,7,1.050,1.050,1.050,0.010,0.010,0.010,0.000,0.000
30,7,1.153,1.153,1.153,0.009,0.009,0.009,0.000,0.000
30,7,1.087,1.087,1.087,0.006,0.006,0.006,0.000,0.000
30,7,1.129,1.129,1.129,0.008,0.008,0.008,0.000,0.000
30,7,1.055,1.055,1.055,0.009,0.009,0.009,0.000,0.000
30,7,1.093,1.093,1.093,0.007,0.007,0.007,0.000,0.000
30,7,1.151,1.151,1.151,0.008,0.008,0.008,0.000,0.000
30,7,1.121,1.121,1.121,0.007,0.007,0.007,0.000,0.000
30,7,1.079,1.079,1.079,0.008,0.008,0.008,0.000,0.000
30,7,1.018,1.018,1.018,0.007,0.007,0.007,0.000,0.000
30,7,1.181,1.181,1.181,0.006,0.006,0.006,0.000,0.000
30,7,1.177,1.177,1.177,0.006,0.006,0.006,0.000,0.000
30,7,1.098,1.098,1.098,0.008,0.008,0.008,0.000,0.000
30,7,1.125,1.125,1.125,0.006,0.006,0.006,0.000,0.000
30,7,1.063,1.063,1.063,0.006,0.006,0.006,0.000,0.000
30,7,1.079,1.079,1.079,0.006,0.006,0.006,0.000,0.000
30,7,1.103,1.103,1.103,0.006,0.006,0.006,0.000,0.000
30,7,1.045,1.045,1.045,0.006,0.006,0.006,0.000,0.000
30,7,1.256,1.256,1.256,0.008,0.008,0.008,0.000,0.000
30,7,1.148,1.148,1.148,0.008,0.008,0.008,0.000,0.000
30,7,1.133,1.133,1.133,0.009,0.009,0.009,0.000,0.000
30,7,1.172,1.172,1.172,0.007,0.007,0.007,0.000,0.000
30,7,1.337,1.337,1.337,0.006,0.006,0.006,0.000,0.000
30,7,1.135,1.135,1.135,0.007,0.007,0.007,0.000,0.000
30,7,1.130,1.130,1.130,0.007,0.007,0.007,0.000,0.000
30,7,1.029,1.029,1.029,0.009,0.009,0.009,0.000,0.000
30,7,1.234,1.234,1.234,0.007,0.007,0.007,0.000,0.000
30,7,1.173,1.173,1.173,0.007,0.007,0.007,0.000,0.000
30,7,1.104,1.104,1.104,0.006,0.006,0.006,0.000,0.000
30,7,1.119,1.119,1.119,0.006,0.006,0.006,0.000,0.000
30,7,1.087,1.087,1.087,0.007,0.007,0.007,0.000,0.000
30,7,1.208,1.208,1.208,0.007,0.007,0.007,0.000,0.000
30,7,1.235,1.235,1.235,0.006,0.006,0.006,0.000,0.000
30,7,1.273,1.273,1.273,0.006,0.006,0.006,0.000,0.000
30,7,1.062,1.062,1.062,0.007,0.007,0.007,0.000,0.000
30,7,1.130,1.130,1.130,0.007,0.007,0.007,0.000,0.000
30,7,1.143,1.143,1.143,0.006,0.006,0.006,0.000,0.000
30,7,1.113,1.113,1.113,0.007,0.007,0.007,0.000,0.000
30,7,1.187,1.187,1.187,0.007,0.007,0.007,0.000,0.000
30,7,1.069,1.069,1.069,0.007,0.007,0.007,0.000,0.000
30,7,1.097,1.097,1.097,0.007,0.007,0.007,0.000,0.000
30,7,1.138,1.138,1.138,0.007,0.007,0.007,0.000,0.000
30,7,1.075,1.075,1.075,0.006,0.006,0.006,0.000,0.000
30,7,1.129,1.129,1.129,0.008,0.008,0.008,0.000,0.000
30,7,1.291,1.291,1.291,0.006,0.006,0.006,0.000,0.000
30,7,1.144,1.144,1.144,0.006,0.006,0.006,0.000,0.000
30,7,1.342,1.342,1.342,0.007,0.007,0.007,0.000,0.000
30,7,1.199,1.199,1.199,0.008,0.008,0.008,0.000,0.000
30,7,1.200,1.200,1.200,0.007,0.007,0.007,0.000,0.000
30,7,1.125,1.125,1.125,0.009,0.009,0.009,0.000,0.000
30,7,1.089,1.089,1.089,0.007,0.007,0.007,0.000,0.000
30,7,1.077,1.077,1.077,0.007,0.007,0.007,0.000,0.000
30,7,1.272,1.272,1.272,0.006,0.006,0.006,0.000,0.000
30,7,1.033,1.033,1.033,0.006,0.006,0.006,0.000,0.000
30,7,1.200,1.200,1.200,0.008,0.008,0.008,0.000,0.000
30,7,1.063,1.063,1.063,0.009,0.009,0.009,0.000,0.000
30,7,1.186,1.186,1.186,0.006,0.006,0.006,0.000,0.000
30,7,1.403,1.403,1.403,0.006,0.006,0.006,0.000,0.000
30,7,1.048,1.048,1.048,0.007,0.007,0.007,0.000,0.000
30,7,1.193,1.193,1.193,0.007,0.007,0.007,0.000,0.000
30,7,1.160,1.160,1.160,0.007,0.007,0.007,0.000,0.000
30,7,1.270,1.270,1.270,0.007,0.007,0.007,0.000,0.000
30,7,1.093,1.093,1.093,0.007,0.007,0.007,0.000,0.000
30,7,1.066,1.066,1.066,0.007,0.007,0.007,0.000,0.000
30,7,1.102,1.102,1.102,0.007,0.007,0.007,0.000,0.000
30,7,1.140,1.140,1.140,0.009,0.009,0.009,0.000,0.000
30,7,1.015,1.015,1.015,0.006,0.006,0.006,0.000,0.000
30,7,1.260,1.260,1.260,0.006,0.006,0.006,0.000,0.000
30,7,1.267,1.267,1.267,0.006,0.006,0.006,0.000,0.000
30,7,1.232,1.232,1.232,0.007,0.007,0.007,0.000,0.000
30,7,1.163,1.163,1.163,0.007,0.007,0.007,0.000,0.000
30,7,1.148,1.148,1.148,0.009,0.009,0.009,0.000,0.000
30,7,1.036,1.036,1.036,0.006,0.006,0.006,0.000,0.000
30,7,1.156,1.156,1.156,0.006,0.006,0.006,0.000,0.000
30,7,1.058,1.058,1.058,0.007,0.007,0.007,0.000,0.000
30,7,1.031,1.031,1.031,0.010,0.010,0.010,0.000,0.000
30,7,1.108,1.108,1.108,0.007,0.007,0.007,0.000,0.000
30,7,1.200,1.200,1.200,0.008,0.008,0.008,0.000,0.000
30,7,1.150,1.150,1.150,0.007,0.007,0.007,0.000,0.000
30,7,1.122,1.122,1.122,0.006,0.006,0.006,0.000,0.000
30,7,1.125,1.125,1.125,0.007,0.007,0.007,0.000,0.000
30,7,1.058,1.058,1.058,0.007,0.007,0.007,0.000,0.000
30,7,1.101,1.101,1.101,0.006,0.006,0.006,0.000,0.000
30,7,1.163,1.163,1.163,0.007,0.007,0.007,0.000,0.000
30,7,1.075,1.075,1.075,0.007,0.007,0.007,0.000,0.000
30,7,1.070,1.070,1.070,0.006,0.006,0.006,0.000,0.000
30,7,1.044,1.044,1.044,0.011,0.011,0.011,0.000,0.000
30,7,1.405,1.405,1.405,0.009,0.009,0.009,0.000,0.000
30,7,1.133,1.133,1.133,0.007,0.007,0.007,0.000,0.000
30,7,1.339,1.339,1.339,0.007,0.007,0.007,0.000,0.000
30,7,1.157,1.157,1.157,0.006,0.006,0.006,0.000,0.000
30,7,1.074,1.074,1.074,0.007,0.007,0.007,0.000,0.000
30,7,1.043,1.043,1.043,0.007,0.007,0.007,0.000,0.000
30,7,1.156,1.156,1.156,0.006,0.006,0.006,0.000,0.000
30,7,1.213,1.213,1.213,0.007,0.007,0.007,0.000,0.000
30,7,1.149,1.149,1.149,0.006,0.006,0.006,0.000,0.000
30,8,1.210,1.210,1.210,0.006,0.006,0.006,0.000,0.000
30,8,1.136,1.136,1.136,0.007,0.007,0.007,0.000,0.000
30,8,1.211,1.211,1.211,0.006,0.006,0.006,0.000,0.000
30,8,1.176,1.176,1.176,0.006,0.006,0.006,0.000,0.000
30,8,1.085,1.085,1.085,0.007,0.007,0.007,0.000,0.000
30,8,1.149,1.149,1.149,0.006,0.006,0.006,0.000,0.000
30,8,1.140,1.140,1.140,0.010,0.010,0.010,0.000,0.000
30,8,1.116,1.116,1.116,0.006,0.006,0.006,0.000,0.000
30,8,1.149,1.149,1.149,0.008,0.008,0.008,0.000,0.000
30,8,1.112,1.112,1.112,0.007,0.007,0.007,0.000,0.000
30,8,1.174,1.174,1.174,0.007,0.007,0.007,0.000,0.000
30,8,1.155,1.155,1.155,0.007,0.007,0.007,0.000,0.000
30,8,1.270,1.270,1.270,0.006,0.006,0.006,0.000,0.000
30,8,1.032,1.032,1.032,0.007,0.007,0.007,0.000,0.000
30,8,1.105,1.105,1.105,0.006,0.006,0.006,0.000,0.000
30,8,1.050,1.050,1.050,0.007,0.007,0.007,0.000,0.000
30,8,1.106,1.106,1.106,0.007,0.007,0.007,0.000,0.000
30,8,1.173,1.173,1.173,0.006,0.006,0.006,0.000,0.000
30,8,1.047,1.047,1.047,0.006,0.006,0.006,0.000,0.000
30,8,1.076,1.076,1.076,0.006,0.006,0.006,0.000,0.000
30,8,1.204,1.204,1.204,0.006,0.006,0.006,0.000,0.000
30,8,1.292,1.292,1.292,0.006,0.006,0.006,0.000,0.000
30,8,1.180,1.180,1.180,0.006,0.006,0.006,0.000,0.000
30,8,1.206,1.206,1.206,0.007,0.007,0.007,0.000,0.000
30,8,1.076,1.076,1.076,0.006,0.006,0.006,0.000,0.000
30,8,1.244,1.244,1.244,0.008,0.008,0.008,0.000,0.000
30,8,1.130,1.130,1.130,0.008,0.008,0.008,0.000,0.000
30,8,1.076,1.076,1.076,0.007,0.007,0.007,0.000,0.000
30,8,1.113,1.113,1.113,0.007,0.007,0.007,0.000,0.000
30,8,1.143,1.143,1.143,0.007,0.007,0.007,0.000,0.000
30,8,1.107,1.107,1.107,0.006,0.006,0.006,0.000,0.000
30,8,1.052,1.052,1.052,0.007,0.007,0.007,0.000,0.000
30,8,1.152,1.152,1.152,0.006,0.006,0.006,0.000,0.000
30,8,1.439,1.439,1.439,0.006,0.006,0.006,0.000,0.000
30,8,1.187,1.187,1.187,0.008,0.008,0.008,0.000,0.000
30,8,1.088,1.088,1.088,0.006,0.006,0.006,0.000,0.000
30,8,1.173,1.173,1.173,0.006,0.006,0.006,0.000,0.000
30,8,1.132,1.132,1.132,0.007,0.007,0.007,0.000,0.000
30,8,1.115,1.115,1.115,0.007,0.007,0.007,0.000,0.000
30,8,1.245,1.245,1.245,0.007,0.007,0.007,0.000,0.000
30,8,1.101,1.101,1.101,0.007,0.007,0.007,0.000,0.000
30,8,1.085,1.085,1.085,0.006,0.006,0.006,0.000,0.000
30,8,1.217,1.217,1.217,0.006,0.006,0.006,0.000,0.000
30,8,1.144,1.144,1.144,0.006,0.006,0.006,0.000,0.000
30,8,1.159,1.159,1.159,0.006,0.006,0.006,0.000,0.000
30,8,1.113,1.113,1.113,0.008,0.008,0.008,0.000,0.000
30,8,1.065,1.065,1.065,0.007,0.007,0.007,0.000,0.000
30,8,1.151,1.151,1.151,0.007,0.007,0.007,0.000,0.000
30,8,1.387,1.387,1.387,0.006,0.006,0.006,0.000,0.000
30,8,1.077,1.077,1.077,0.009,0.009,0.009,0.000,0.000
30,8,1.077,1.077,1.077,0.008,0.008,0.008,0.000,0.000
30,8,1.078,1.078,1.078,0.006,0.006,0.006,0.000,0.000
30,8,1.137,1.137,1.137,0.006,0.006,0.006,0.000,0.000
30,8,1.124,1.124,1.124,0.006,0.006,0.006,0.000,0.000
30,8,1.094,1.094,1.094,0.006,0.006,0.006,0.000,0.000
30,8,1.153,1.153,1.153,0.006,0.006,0.006,0.000,0.000
30,8,1.190,1.190,1.190,0.009,0.009,0.009,0.000,0.000
30,8,1.059,1.059,1.059,0.010,0.010,0.010,0.000,0.000
30,8,1.064,1.064,1.064,0.007,0.007,0.007,0.000,0.000
30,8,1.071,1.071,1.071,0.007,0.007,0.007,0.000,0.000
30,8,1.297,1.297,1.297,0.006,0.006,0.006,0.000,0.000
30,8,1.052,1.052,1.052,0.007,0.007,0.007,0.000,0.000
30,8,1.121,1.121,1.121,0.007,0.007,0.007,0.000,0.000
30,8,1.133,1.133,1.133,0.009,0.009,0.009,0.000,0.000
30,8,1.147,1.147,1.147,0.007,0.007,0.007,0.000,0.000
30,8,1.216,1.216,1.216,0.008,0.008,0.008,0.000,0.000
30,8,1.263,1.263,1.263,0.007,0.007,0.007,0.000,0.000
30,8,1.080,1.080,1.080,0.006,0.006,0.006,0.000,0.000
30,8,1.269,1.269,1.269,0.008,0.008,0.008,0.000,0.000
30,8,1.112,1.112,1.112,0.008,0.008,0.008,0.000,0.000
30,8,1.109,1.109,1.109,0.011,0.011,0.011,0.000,0.000
30,8,1.196,1.196,1.196,0.007,0.007,0.007,0.000,0.000
30,8,1.047,1.047,1.047,0.006,0.006,0.006,0.000,0.000
30,8,1.094,1.094,1.094,0.008,0.008,0.008,0.000,0.000
30,8,1.206,1.206,1.206,0.007,0.007,0.007,0.000,0.000
30,8,1.222,1.222,1.222,0.008,0.008,0.008,0.000,0.000
30,8,1.074,1.074,1.074,0.007,0.007,0.007,0.000,0.000
30,8,1.399,1.399,1.399,0.007,0.007,0.007,0.000,0.000
30,8,1.103,1.103,1.103,0.006,0.006,0.006,0.000,0.000
30,8,1.102,1.102,1.102,0.007,0.007,0.007,0.000,0.000
30,8,1.228,1.228,1.228,0.006,0.006,0.006,0.000,0.000
30,8,1.088,1.088,1.088,0.006,0.006,0.006,0.000,0.000
30,8,1.148,1.148,1.148,0.007,0.007,0.007,0.000,0.000
30,8,1.122,1.122,1.122,0.009,0.009,0.009,0.000,0.000
30,8,1.113,1.113,1.113,0.006,0.006,0.006,0.000,0.000
30,8,1.164,1.164,1.164,0.008,0.008,0.008,0.000,0.000
30,8,1.083,1.083,1.083,0.008,0.008,0.008,0.000,0.000
30,8,1.150,1.150,1.150,0.006,0.006,0.006,0.000,0.000
30,8,1.260,1.260,1.260,0.006,0.006,0.006,0.000,0.000
30,8,1.257,1.257,1.257,0.007,0.007,0.007,0.000,0.000
30,8,1.238,1.238,1.238,0.007,0.007,0.007,0.000,0.000
30,8,1.065,1.065,1.065,0.007,0.007,0.007,0.000,0.000
30,8,1.063,1.063,1.063,0.006,0.006,0.006,0.000,0.000
30,8,1.011,1.011,1.011,0.006,0.006,0.006,0.000,0.000
30,8,1.136,1.136,1.136,0.006,0.006,0.006,0.000,0.000
30,8,1.065,1.065,1.065,0.007,0.007,0.007,0.000,0.000
30,8,1.028,1.028,1.028,0.008,0.008,0.008,0.000,0.000
30,8,1.159,1.159,1.159,0.007,0.007,0.007,0.000,0.000
30,8,1.221,1.221,1.221,0.006,0.006,0.006,0.000,0.000
30,8,1.104,1.104,1.104,0.007,0.007,0.007,0.000,0.000
30,9,1.163,1.163,1.163,0.007,0.007,0.007,0.000,0.000
30,9,1.112,1.112,1.112,0.008,0.008,0.008,0.000,0.000
30,9,1.100,1.100,1.100,0.006,0.006,0.006,0.000,0.000
30,9,1.188,1.188,1.188,0.007,0.007,0.007,0.000,0.000
30,9,1.154,1.154,1.154,0.009,0.009,0.009,0.000,0.000
30,9,1.247,1.247,1.247,0.006,0.006,0.006,0.000,0.000
30,9,1.136,1.136,1.136,0.006,0.006,0.006,0.000,0.000
30,9,1.238,1.238,1.238,0.006,0.006,0.006,0.000,0.000
30,9,1.154,1.154,1.154,0.006,0.006,0.006,0.000,0.000
30,9,1.100,1.100,1.100,0.006,0.006,0.006,0.000,0.000
30,9,1.188,1.188,1.188,0.006,0.006,0.006,0.000,0.000
30,9,1.252,1.252,1.252,0.006,0.006,0.006,0.000,0.000
30,9,1.112,1.112,1.112,0.008,0.008,0.008,0.000,0.000
30,9,1.189,1.189,1.189,0.006,0.006,0.006,0.000,0.000
30,9,1.143,1.143,1.143,0.008,0.008,0.008,0.000,0.000
30,9,1.122,1.122,1.122,0.007,0.007,0.007,0.000,0.000
30,9,1.051,1.051,1.051,0.006,0.006,0.006,0.000,0.000
30,9,1.046,1.046,1.046,0.007,0.007,0.007,0.000,0.000
30,9,1.134,1.134,1.134,0.006,0.006,0.006,0.000,0.000
30,9,1.108,1.108,1.108,0.006,0.006,0.006,0.000,0.000
30,9,1.619,1.619,1.619,0.007,0.007,0.007,0.000,0.000
30,9,1.115,1.115,1.115,0.006,0.006,0.006,0.000,0.000
30,9,1.186,1.186,1.186,0.007,0.007,0.007,0.000,0.000
30,9,1.154,1.154,1.154,0.007,0.007,0.007,0.000,0.000
30,9,1.151,1.151,1.151,0.007,0.007,0.007,0.000,0.000
30,9,1.253,1.253,1.253,0.007,0.007,0.007,0.000,0.000
30,9,1.159,1.159,1.159,0.006,0.006,0.006,0.000,0.000
30,9,1.197,1.197,1.197,0.006,0.006,0.006,0.000,0.000
30,9,1.191,1.191,1.191,0.007,0.007,0.007,0.000,0.000
30,9,1.264,1.264,1.264,0.007,0.007,0.007,0.000,0.000
30,9,1.199,1.199,1.199,0.007,0.007,0.007,0.000,0.000
30,9,1.059,1.059,1.059,0.006,0.006,0.006,0.000,0.000
30,9,1.164,1.164,1.164,0.006,0.006,0.006,0.000,0.000
30,9,1.140,1.140,1.140,0.006,0.006,0.006,0.000,0.000
30,9,1.247,1.247,1.247,0.006,0.006,0.006,0.000,0.000
30,9,1.196,1.196,1.196,0.006,0.006,0.006,0.000,0.000
30,9,1.079,1.079,1.079,0.007,0.007,0.007,0.000,0.000
30,9,1.120,1.120,1.120,0.007,0.007,0.007,0.000,0.000
30,9,1.371,1.371,1.371,0.006,0.006,0.006,0.000,0.000
30,9,1.071,1.071,1.071,0.006,0.006,0.006,0.000,0.000
30,9,1.101,1.101,1.101,0.006,0.006,0.006,0.000,0.000
30,9,1.186,1.186,1.186,0.006,0.006,0.006,0.000,0.000
30,9,1.424,1.424,1.424,0.007,0.007,0.007,0.000,0.000
30,9,1.020,1.020,1.020,0.007,0.007,0.007,0.000,0.000
30,9,1.235,1.235,1.235,0.006,0.006,0.006,0.000,0.000
30,9,1.322,1.322,1.322,0.006,0.006,0.006,0.000,0.000
30,9,1.251,1.251,1.251,0.007,0.007,0.007,0.000,0.000
30,9,1.242,1.242,1.242,0.006,0.006,0.006,0.000,0.000
30,9,1.076,1.076,1.076,0.007,0.007,0.007,0.000,0.000
30,9,1.205,1.205,1.205,0.006,0.006,0.006,0.000,0.000
30,9,1.036,1.036,1.036,0.007,0.007,0.007,0.000,0.000
30,9,1.181,1.181,1.181,0.007,0.007,0.007,0.000,0.000
30,9,1.081,1.081,1.081,0.006,0.006,0.006,0.000,0.000
30,9,1.149,1.149,1.149,0.006,0.006,0.006,0.000,0.000
30,9,1.305,1.305,1.305,0.011,0.011,0.011,0.000,0.000
30,9,1.262,1.262,1.262,0.006,0.006,0.006,0.000,0.000
30,9,1.229,1.229,1.229,0.009,0.009,0.009,0.000,0.000
30,9,1.016,1.016,1.016,0.008,0.008,0.008,0.000,0.000
30,9,1.354,1.354,1.354,0.006,0.006,0.006,0.000,0.000
30,9,1.243,1.243,1.243,0.008,0.008,0.008,0.000,0.000
30,9,1.030,1.030,1.030,0.006,0.006,0.006,0.000,0.000
30,9,1.147,1.147,1.147,0.006,0.006,0.006,0.000,0.000
30,9,1.098,1.098,1.098,0.011,0.011,0.011,0.000,0.000
30,9,1.123,1.123,1.123,0.006,0.006,0.006,0.000,0.000
30,9,1.341,1.341,1.341,0.006,0.006,0.006,0.000,0.000
30,9,1.033,1.033,1.033,0.008,0.008,0.008,0.000,0.000
30,9,1.000,1.000,1.000,0.008,0.008,0.008,0.000,0.000
30,9,1.119,1.119,1.119,0.006,0.006,0.006,0.000,0.000
30,9,1.136,1.136,1.136,0.006,0.006,0.006,0.000,0.000
30,9,1.248,1.248,1.248,0.006,0.006,0.006,0.000,0.000
30,9,1.235,1.235,1.235,0.007,0.007,0.007,0.000,0.000
30,9,1.160,1.160,1.160,0.007,0.007,0.007,0.000,0.000
30,9,1.145,1.145,1.145,0.007,0.007,0.007,0.000,0.000
30,9,1.193,1.193,1.193,0.007,0.007,0.007,0.000,0.000
30,9,1.246,1.246,1.246,0.006,0.006,0.006,0.000,0.000
30,9,1.130,1.130,1.130,0.008,0.008,0.008,0.000,0.000
30,9,1.169,1.169,1.169,0.006,0.006,0.006,0.000,0.000
30,9,1.288,1.288,1.288,0.007,0.007,0.007,0.000,0.000
30,9,1.340,1.340,1.340,0.007,0.007,0.007,0.000,0.000
30,9,1.332,1.332,1.332,0.008,0.008,0.008,0.000,0.000
30,9,1.102,1.102,1.102,0.006,0.006,0.006,0.000,0.000
30,9,1.141,1.141,1.141,0.009,0.009,0.009,0.000,0.000
30,9,1.136,1.136,1.136,0.007,0.007,0.007,0.000,0.000
30,9,1.154,1.154,1.154,0.006,0.006,0.006,0.000,0.000
30,9,1.052,1.052,1.052,0.007,0.007,0.007,0.000,0.000
30,9,1.123,1.123,1.123,0.007,0.007,0.007,0.000,0.000
30,9,1.157,1.157,1.157,0.006,0.006,0.006,0.000,0.000
30,9,1.212,1.212,1.212,0.006,0.006,0.006,0.000,0.000
30,9,1.257,1.257,1.257,0.007,0.007,0.007,0.000,0.000
30,9,1.105,1.105,1.105,0.008,0.008,0.008,0.000,0.000
30,9,1.259,1.259,1.259,0.006,0.006,0.006,0.000,0.000
30,9,1.255,1.255,1.255,0.008,0.008,0.008,0.000,0.000
30,9,1.276,1.276,1.276,0.006,0.006,0.006,0.000,0.000
30,9,1.054,1.054,1.054,0.007,0.007,0.007,0.000,0.000
30,9,1.151,1.151,1.151,0.007,0.007,0.007,0.000,0.000
30,9,1.202,1.202,1.202,0.006,0.006,0.006,0.000,0.000
30,9,1.016,1.016,1.016,0.007,0.007,0.007,0.000,0.000
30,9,1.134,1.134,1.134,0.011,0.011,0.011,0.000,0.000
30,9,1.160,1.160,1.160,0.006,0.006,0.006,0.000,0.000
30,9,1.394,1.394,1.394,0.006,0.006,0.006,0.000,0.000
30,10,1.029,1.029,1.029,0.011,0.011,0.011,0.000,0.000
30,10,1.228,1.228,1.228,0.006,0.006,0.006,0.000,0.000
30,10,1.107,1.107,1.107,0.006,0.006,0.006,0.000,0.000
30,10,1.147,1.147,1.147,0.008,0.008,0.008,0.000,0.000
30,10,1.238,1.238,1.238,0.007,0.007,0.007,0.000,0.000
30,10,1.165,1.165,1.165,0.007,0.007,0.007,0.000,0.000
30,10,1.162,1.162,1.162,0.006,0.006,0.006,0.000,0.000
30,10,1.090,1.090,1.090,0.006,0.006,0.006,0.000,0.000
30,10,1.136,1.136,1.136,0.010,0.010,0.010,0.000,0.000
30,10,1.146,1.146,1.146,0.006,0.006,0.006,0.000,0.000
30,10,1.211,1.211,1.211,0.007,0.007,0.007,0.000,0.000
30,10,1.291,1.291,1.291,0.008,0.008,0.008,0.000,0.000
30,10,1.115,1.115,1.115,0.007,0.007,0.007,0.000,0.000
30,10,1.107,1.107,1.107,0.006,0.006,0.006,0.000,0.000
30,10,1.111,1.111,1.111,0.006,0.006,0.006,0.000,0.000
30,10,1.068,1.068,1.068,0.009,0.009,0.009,0.000,0.000
30,10,1.102,1.102,1.102,0.010,0.010,0.010,0.000,0.000
30,10,1.218,1.218,1.218,0.008,0.008,0.008,0.000,0.000
30,10,1.051,1.051,1.051,0.007,0.007,0.007,0.000,0.000
30,10,1.202,1.202,1.202,0.008,0.008,0.008,0.000,0.000
30,10,1.125,1.125,1.125,0.007,0.007,0.007,0.000,0.000
30,10,1.133,1.133,1.133,0.006,0.006,0.006,0.000,0.000
30,10,1.135,1.135,1.135,0.006,0.006,0.006,0.000,0.000
30,10,1.353,1.353,1.353,0.006,0.006,0.006,0.000,0.000
30,10,1.230,1.230,1.230,0.007,0.007,0.007,0.000,0.000
30,10,1.069,1.069,1.069,0.006,0.006,0.006,0.000,0.000
30,10,1.027,1.027,1.027,0.006,0.006,0.006,0.000,0.000
30,10,1.278,1.278,1.278,0.007,0.007,0.007,0.000,0.000
30,10,1.034,1.034,1.034,0.006,0.006,0.006,0.000,0.000
30,10,1.126,1.126,1.126,0.007,0.007,0.007,0.000,0.000
30,10,1.103,1.103,1.103,0.006,0.006,0.006,0.000,0.000
30,10,1.218,1.218,1.218,0.008,0.008,0.008,0.000,0.000
30,10,1.187,1.187,1.187,0.006,0.006,0.006,0.000,0.000
30,10,1.195,1.195,1.195,0.006,0.006,0.006,0.000,0.000
30,10,1.142,1.142,1.142,0.010,0.010,0.010,0.000,0.000
30,10,1.088,1.088,1.088,0.007,0.007,0.007,0.000,0.000
30,10,1.184,1.184,1.184,0.009,0.009,0.009,0.000,0.000
30,10,1.086,1.086,1.086,0.006,0.006,0.006,0.000,0.000
30,10,1.185,1.185,1.185,0.011,0.011,0.011,0.000,0.000
30,10,1.216,1.216,1.216,0.008,0.008,0.008,0.000,0.000
30,10,1.152,1.152,1.152,0.006,0.006,0.006,0.000,0.000
30,10,1.178,1.178,1.178,0.007,0.007,0.007,0.000,0.000
30,10,1.098,1.098,1.098,0.006,0.006,0.006,0.000,0.000
30,10,1.164,1.164,1.164,0.006,0.006,0.006,0.000,0.000
30,10,1.127,1.127,1.127,0.006,0.006,0.006,0.000,0.000
30,10,1.293,1.293,1.293,0.007,0.007,0.007,0.000,0.000
30,10,1.188,1.188,1.188,0.008,0.008,0.008,0.000,0.000
30,10,1.257,1.257,1.257,0.006,0.006,0.006,0.000,0.000
30,10,1.194,1.194,1.194,0.007,0.007,0.007,0.000,0.000
30,10,1.322,1.322,1.322,0.007,0.007,0.007,0.000,0.000
30,10,1.149,1.149,1.149,0.009,0.009,0.009,0.000,0.000
30,10,1.148,1.148,1.148,0.008,0.008,0.008,0.000,0.000
30,10,1.180,1.180,1.180,0.007,0.007,0.007,0.000,0.000
30,10,1.174,1.174,1.174,0.009,0.009,0.009,0.000,0.000
30,10,1.107,1.107,1.107,0.008,0.008,0.008,0.000,0.000
30,10,1.062,1.062,1.062,0.010,0.010,0.010,0.000,0.000
30,10,1.145,1.145,1.145,0.008,0.008,0.008,0.000,0.000
30,10,1.084,1.084,1.084,0.006,0.006,0.006,0.000,0.000
30,10,1.217,1.217,1.217,0.006,0.006,0.006,0.000,0.000
30,10,1.265,1.265,1.265,0.007,0.007,0.007,0.000,0.000
30,10,1.056,1.056,1.056,0.007,0.007,0.007,0.000,0.000
30,10,1.120,1.120,1.120,0.007,0.007,0.007,0.000,0.000
30,10,1.066,1.066,1.066,0.006,0.006,0.006,0.000,0.000
30,10,1.051,1.051,1.051,0.009,0.009,0.009,0.000,0.000
30,10,1.119,1.119,1.119,0.007,0.007,0.007,0.000,0.000
30,10,1.175,1.175,1.175,0.007,0.007,0.007,0.000,0.000
30,10,1.130,1.130,1.130,0.006,0.006,0.006,0.000,0.000
30,10,1.126,1.126,1.126,0.007,0.007,0.007,0.000,0.000
30,10,1.124,1.124,1.124,0.006,0.006,0.006,0.000,0.000
30,10,1.073,1.073,1.073,0.006,0.006,0.006,0.000,0.000
30,10,1.310,1.310,1.310,0.007,0.007,0.007,0.000,0.000
30,10,1.111,1.111,1.111,0.006,0.006,0.006,0.000,0.000
30,10,1.107,1.107,1.107,0.007,0.007,0.007,0.000,0.000
30,10,1.353,1.353,1.353,0.006,0.006,0.006,0.000,0.000
30,10,1.184,1.184,1.184,0.006,0.006,0.006,0.000,0.000
30,10,1.027,1.027,1.027,0.007,0.007,0.007,0.000,0.000
30,10,1.122,1.122,1.122,0.007,0.007,0.007,0.000,0.000
30,10,1.161,1.161,1.161,0.006,0.006,0.006,0.000,0.000
30,10,1.067,1.067,1.067,0.007,0.007,0.007,0.000,0.000
30,10,1.196,1.196,1.196,0.007,0.007,0.007,0.000,0.000
30,10,1.247,1.247,1.247,0.006,0.006,0.006,0.000,0.000
30,10,1.062,1.062,1.062,0.006,0.006,0.006,0.000,0.000
30,10,1.077,1.077,1.077,0.006,0.006,0.006,0.000,0.000
30,10,1.165,1.165,1.165,0.007,0.007,0.007,0.000,0.000
30,10,1.158,1.158,1.158,0.006,0.006,0.006,0.000,0.000
30,10,1.132,1.132,1.132,0.007,0.007,0.007,0.000,0.000
30,10,1.250,1.250,1.250,0.006,0.006,0.006,0.000,0.000
30,10,1.274,1.274,1.274,0.007,0.007,0.007,0.000,0.000
30,10,1.281,1.281,1.281,0.006,0.006,0.006,0.000,0.000
30,10,1.184,1.184,1.184,0.006,0.006,0.006,0.000,0.000
30,10,1.106,1.106,1.106,0.006,0.006,0.006,0.000,0.000
30,10,1.332,1.332,1.332,0.008,0.008,0.008,0.000,0.000
30,10,1.013,1.013,1.013,0.006,0.006,0.006,0.000,0.000
30,10,1.194,1.194,1.194,0.006,0.006,0.006,0.000,0.000
30,10,1.034,1.034,1.034,0.006,0.006,0.006,0.000,0.000
30,10,1.080,1.080,1.080,0.006,0.006,0.006,0.000,0.000
30,10,1.081,1.081,1.081,0.006,0.006,0.006,0.000,0.000
30,10,1.073,1.073,1.073,0.007,0.007,0.007,0.000,0.000
30,10,1.382,1.382,1.382,0.010,0.010,0.010,0.000,0.000
30,10,1.155,1.155,1.155,0.006,0.006,0.006,0.000,0.000
40,2,1.264,1.264,1.264,0.010,0.010,0.010,0.000,0.000
40,2,1.014,1.014,1.014,0.009,0.009,0.009,0.000,0.000
40,2,1.007,1.007,1.007,0.013,0.013,0.013,0.000,0.000
40,2,1.213,1.213,1.213,0.011,0.011,0.011,0.000,0.000
40,2,1.147,1.147,1.147,0.009,0.009,0.009,0.000,0.000
40,2,1.024,1.024,1.024,0.012,0.012,0.012,0.000,0.000
40,2,1.156,1.156,1.156,0.009,0.009,0.009,0.000,0.000
40,2,1.045,1.045,1.045,0.009,0.009,0.009,0.000,0.000
40,2,1.211,1.211,1.211,0.009,0.009,0.009,0.000,0.000
40,2,1.154,1.154,1.154,0.009,0.009,0.009,0.000,0.000
40,2,1.047,1.047,1.047,0.009,0.009,0.009,0.000,0.000
40,2,1.351,1.351,1.351,0.009,0.009,0.009,0.000,0.000
40,2,1.052,1.052,1.052,0.009,0.009,0.009,0.000,0.000
40,2,1.081,1.081,1.081,0.012,0.012,0.012,0.000,0.000
40,2,1.082,1.082,1.082,0.011,0.011,0.011,0.000,0.000
40,2,1.090,1.090,1.090,0.009,0.009,0.009,0.000,0.000
40,2,1.022,1.022,1.022,0.009,0.009,0.009,0.000,0.000
40,2,1.127,1.127,1.127,0.011,0.011,0.011,0.000,0.000
40,2,1.072,1.072,1.072,0.009,0.009,0.009,0.000,0.000
40,2,1.420,1.420,1.420,0.009,0.009,0.009,0.000,0.000
40,2,1.028,1.028,1.028,0.009,0.009,0.009,0.000,0.000
40,2,1.002,1.002,1.002,0.009,0.009,0.009,0.000,0.000
40,2,1.121,1.121,1.121,0.010,0.010,0.010,0.000,0.000
40,2,1.131,1.131,1.131,0.010,0.010,0.010,0.000,0.000
40,2,1.126,1.126,1.126,0.009,0.009,0.009,0.000,0.000
40,2,1.166,1.166,1.166,0.011,0.011,0.011,0.000,0.000
40,2,1.217,1.217,1.217,0.009,0.009,0.009,0.000,0.000
40,2,1.094,1.094,1.094,0.009,0.009,0.009,0.000,0.000
40,2,1.071,1.071,1.071,0.009,0.009,0.009,0.000,0.000
40,2,1.046,1.046,1.046,0.009,0.009,0.009,0.000,0.000
40,2,1.105,1.105,1.105,0.011,0.011,0.011,0.000,0.000
40,2,1.104,1.104,1.104,0.010,0.010,0.010,0.000,0.000
40,2,1.017,1.017,1.017,0.010,0.010,0.010,0.000,0.000
40,2,1.138,1.138,1.138,0.009,0.009,0.009,0.000,0.000
40,2,1.095,1.095,1.095,0.009,0.009,0.009,0.000,0.000
40,2,1.065,1.065,1.065,0.009,0.009,0.009,0.000,0.000
40,2,1.105,1.105,1.105,0.010,0.010,0.010,0.000,0.000
40,2,1.051,1.051,1.051,0.010,0.010,0.010,0.000,0.000
40,2,1.099,1.099,1.099,0.009,0.009,0.009,0.000,0.000
40,2,1.114,1.114,1.114,0.010,0.010,0.010,0.000,0.000
40,2,1.103,1.103,1.103,0.010,0.010,0.010,0.000,0.000
40,2,1.327,1.327,1.327,0.009,0.009,0.009,0.000,0.000
40,2,1.068,1.068,1.068,0.009,0.009,0.009,0.000,0.000
40,2,1.042,1.042,1.042,0.009,0.009,0.009,0.000,0.000
40,2,1.106,1.106,1.106,0.009,0.009,0.009,0.000,0.000
40,2,1.091,1.091,1.091,0.010,0.010,0.010,0.000,0.000
40,2,1.112,1.112,1.112,0.009,0.009,0.009,0.000,0.000
40,2,1.218,1.218,1.218,0.009,0.009,0.009,0.000,0.000
40,2,1.079,1.079,1.079,0.009,0.009,0.009,0.000,0.000
40,2,1.256,1.256,1.256,0.010,0.010,0.010,0.000,0.000
40,2,1.019,1.019,1.019,0.011,0.011,0.011,0.000,0.000
40,2,1.367,1.367,1.367,0.009,0.009,0.009,0.000,0.000
40,2,1.102,1.102,1.102,0.009,0.009,0.009,0.000,0.000
40,2,1.002,1.002,1.002,0.009,0.009,0.009,0.000,0.000
40,2,1.080,1.080,1.080,0.008,0.008,0.008,0.000,0.000
40,2,1.059,1.059,1.059,0.009,0.009,0.009,0.000,0.000
40,2,1.043,1.043,1.043,0.009,0.009,0.009,0.000,0.000
40,2,1.059,1.059,1.059,0.009,0.009,0.009,0.000,0.000
40,2,1.156,1.156,1.156,0.011,0.011,0.011,0.000,0.000
40,2,1.102,1.102,1.102,0.009,0.009,0.009,0.000,0.000
40,2,1.171,1.171,1.171,0.009,0.009,0.009,0.000,0.000
40,2,1.101,1.101,1.101,0.013,0.013,0.013,0.000,0.000
40,2,1.170,1.170,1.170,0.014,0.014,0.014,0.000,0.000
40,2,1.125,1.125,1.125,0.009,0.009,0.009,0.000,0.000
40,2,1.158,1.158,1.158,0.009,0.009,0.009,0.000,0.000
40,2,1.141,1.141,1.141,0.009,0.009,0.009,0.000,0.000
40,2,1.156,1.156,1.156,0.009,0.009,0.009,0.000,0.000
40,2,1.234,1.234,1.234,0.010,0.010,0.010,0.000,0.000
40,2,1.177,1.177,1.177,0.009,0.009,0.009,0.000,0.000
40,2,1.020,1.020,1.020,0.009,0.009,0.009,0.000,0.000
40,2,1.162,1.162,1.162,0.010,0.010,0.010,0.000,0.000
40,2,1.386,1.386,1.386,0.009,0.009,0.009,0.000,0.000
40,2,1.085,1.085,1.085,0.008,0.008,0.008,0.000,0.000
40,2,1.031,1.031,1.031,0.009,0.009,0.009,0.000,0.000
40,2,1.193,1.193,1.193,0.010,0.010,0.010,0.000,0.000
40,2,1.018,1.018,1.018,0.011,0.011,0.011,0.000,0.000
40,2,1.033,1.033,1.033,0.010,0.010,0.010,0.000,0.000
40,2,1.046,1.046,1.046,0.009,0.009,0.009,0.000,0.000
40,2,1.202,1.202,1.202,0.012,0.012,0.012,0.000,0.000
40,2,1.070,1.070,1.070,0.009,0.009,0.009,0.000,0.000
40,2,1.057,1.057,1.057,0.009,0.009,0.009,0.000,0.000
40,2,1.013,1.013,1.013,0.009,0.009,0.009,0.000,0.000
40,2,1.225,1.225,1.225,0.011,0.011,0.011,0.000,0.000
40,2,1.166,1.166,1.166,0.009,0.009,0.009,0.000,0.000
40,2,1.209,1.209,1.209,0.009,0.009,0.009,0.000,0.000
40,2,1.044,1.044,1.044,0.009,0.009,0.009,0.000,0.000
40,2,1.074,1.074,1.074,0.009,0.009,0.009,0.000,0.000
40,2,1.183,1.183,1.183,0.009,0.009,0.009,0.000,0.000
40,2,1.007,1.007,1.007,0.009,0.009,0.009,0.000,0.000
40,2,1.228,1.228,1.228,0.010,0.010,0.010,0.000,0.000
40,2,1.062,1.062,1.062,0.009,0.009,0.009,0.000,0.000
40,2,1.017,1.017,1.017,0.009,0.009,0.009,0.000,0.000
40,2,1.022,1.022,1.022,0.009,0.009,0.009,0.000,0.000
40,2,1.192,1.192,1.192,0.010,0.010,0.010,0.000,0.000
40,2,1.039,1.039,1.039,0.009,0.009,0.009,0.000,0.000
40,2,1.089,1.089,1.089,0.009,0.009,0.009,0.000,0.000
40,2,1.157,1.157,1.157,0.009,0.009,0.009,0.000,0.000
40,2,1.099,1.099,1.099,0.010,0.010,0.010,0.000,0.000
40,2,1.074,1.074,1.074,0.010,0.010,0.010,0.000,0.000
40,2,1.065,1.065,1.065,0.009,0.009,0.009,0.000,0.000
40,3,1.056,1.056,1.056,0.009,0.009,0.009,0.000,0.000
40,3,1.111,1.111,1.111,0.009,0.009,0.009,0.000,0.000
40,3,1.121,1.121,1.121,0.010,0.010,0.010,0.000,0.000
40,3,1.046,1.046,1.046,0.009,0.009,0.009,0.000,0.000
40,3,1.103,1.103,1.103,0.009,0.009,0.009,0.000,0.000
40,3,1.061,1.061,1.061,0.010,0.010,0.010,0.000,0.000
40,3,1.288,1.288,1.288,0.010,0.010,0.010,0.000,0.000
40,3,1.047,1.047,1.047,0.013,0.013,0.013,0.000,0.000
40,3,1.028,1.028,1.028,0.009,0.009,0.009,0.000,0.000
40,3,1.170,1.170,1.170,0.011,0.011,0.011,0.000,0.000
40,3,1.218,1.218,1.218,0.009,0.009,0.009,0.000,0.000
40,3,1.091,1.091,1.091,0.009,0.009,0.009,0.000,0.000
40,3,1.139,1.139,1.139,0.009,0.009,0.009,0.000,0.000
40,3,1.125,1.125,1.125,0.009,0.009,0.009,0.000,0.000
40,3,1.032,1.032,1.032,0.009,0.009,0.009,0.000,0.000
40,3,1.214,1.214,1.214,0.011,0.011,0.011,0.000,0.000
40,3,1.094,1.094,1.094,0.013,0.013,0.013,0.000,0.000
40,3,1.108,1.108,1.108,0.011,0.011,0.011,0.000,0.000
40,3,1.084,1.084,1.084,0.009,0.009,0.009,0.000,0.000
40,3,1.119,1.119,1.119,0.009,0.009,0.009,0.000,0.000
40,3,1.113,1.113,1.113,0.014,0.014,0.014,0.000,0.000
40,3,1.046,1.046,1.046,0.010,0.010,0.010,0.000,0.000
40,3,1.130,1.130,1.130,0.009,0.009,0.009,0.000,0.000
40,3,1.166,1.166,1.166,0.009,0.009,0.009,0.000,0.000
40,3,1.042,1.042,1.042,0.009,0.009,0.009,0.000,0.000
40,3,1.117,1.117,1.117,0.009,0.009,0.009,0.000,0.000
40,3,1.106,1.106,1.106,0.009,0.009,0.009,0.000,0.000
40,3,1.022,1.022,1.022,0.009,0.009,0.009,0.000,0.000
40,3,1.308,1.308,1.308,0.010,0.010,0.010,0.000,0.000
40,3,1.115,1.115,1.115,0.009,0.009,0.009,0.000,0.000
40,3,1.153,1.153,1.153,0.009,0.009,0.009,0.000,0.000
40,3,1.024,1.024,1.024,0.011,0.011,0.011,0.000,0.000
40,3,1.138,1.138,1.138,0.009,0.009,0.009,0.000,0.000
40,3,1.182,1.182,1.182,0.012,0.012,0.012,0.000,0.000
40,3,1.232,1.232,1.232,0.010,0.010,0.010,0.000,0.000
40,3,1.124,1.124,1.124,0.009,0.009,0.009,0.000,0.000
40,3,1.095,1.095,1.095,0.009,0.009,0.009,0.000,0.000
40,3,1.229,1.229,1.229,0.009,0.009,0.009,0.000,0.000
40,3,1.052,1.052,1.052,0.009,0.009,0.009,0.000,0.000
40,3,1.117,1.117,1.117,0.009,0.009,0.009,0.000,0.000
40,3,1.152,1.152,1.152,0.009,0.009,0.009,0.000,0.000
40,3,1.386,1.386,1.386,0.010,0.010,0.010,0.000,0.000
40,3,1.113,1.113,1.113,0.013,0.013,0.013,0.000,0.000
40,3,1.090,1.090,1.090,0.010,0.010,0.010,0.000,0.000
40,3,1.085,1.085,1.085,0.009,0.009,0.009,0.000,0.000
40,3,1.078,1.078,1.078,0.009,0.009,0.009,0.000,0.000
40,3,1.133,1.133,1.133,0.009,0.009,0.009,0.000,0.000
40,3,1.051,1.051,1.051,0.010,0.010,0.010,0.000,0.000
40,3,1.168,1.168,1.168,0.010,0.010,0.010,0.000,0.000
40,3,1.299,1.299,1.299,0.015,0.015,0.015,0.000,0.000
40,3,1.245,1.245,1.245,0.009,0.009,0.009,0.000,0.000
40,3,1.045,1.045,1.045,0.013,0.013,0.013,0.000,0.000
40,3,1.158,1.158,1.158,0.013,0.013,0.013,0.000,0.000
40,3,1.054,1.054,1.054,0.009,0.009,0.009,0.000,0.000
40,3,1.022,1.022,1.022,0.011,0.011,0.011,0.000,0.000
40,3,1.226,1.226,1.226,0.009,0.009,0.009,0.000,0.000
40,3,1.041,1.041,1.041,0.009,0.009,0.009,0.000,0.000
40,3,1.196,1.196,1.196,0.010,0.010,0.010,0.000,0.000
40,3,1.047,1.047,1.047,0.015,0.015,0.015,0.000,0.000
40,3,1.088,1.088,1.088,0.009,0.009,0.009,0.000,0.000
40,3,1.104,1.104,1.104,0.011,0.011,0.011,0.000,0.000
40,3,1.175,1.175,1.175,0.009,0.009,0.009,0.000,0.000
40,3,1.052,1.052,1.052,0.009,0.009,0.009,0.000,0.000
40,3,1.126,1.126,1.126,0.010,0.010,0.010,0.000,0.000
40,3,1.140,1.140,1.140,0.009,0.009,0.009,0.000,0.000
40,3,1.056,1.056,1.056,0.009,0.009,0.009,0.000,0.000
40,3,1.076,1.076,1.076,0.012,0.012,0.012,0.000,0.000
40,3,1.126,1.126,1.126,0.010,0.010,0.010,0.000,0.000
40,3,1.023,1.023,1.023,0.009,0.009,0.009,0.000,0.000
40,3,1.043,1.043,1.043,0.009,0.009,0.009,0.000,0.000
40,3,1.054,1.054,1.054,0.009,0.009,0.009,0.000,0.000
40,3,1.070,1.070,1.070,0.013,0.013,0.013,0.000,0.000
40,3,1.086,1.086,1.086,0.010,0.010,0.010,0.000,0.000
40,3,1.205,1.205,1.205,0.009,0.009,0.009,0.000,0.000
40,3,1.111,1.111,1.111,0.011,0.011,0.011,0.000,0.000
40,3,1.020,1.020,1.020,0.009,0.009,0.009,0.000,0.000
40,3,1.050,1.050,1.050,0.009,0.009,0.009,0.000,0.000
40,3,1.329,1.329,1.329,0.009,0.009,0.009,0.000,0.000
40,3,1.111,1.111,1.111,0.010,0.010,0.010,0.000,0.000
40,3,1.293,1.293,1.293,0.009,0.009,0.009,0.000,0.000
40,3,1.155,1.155,1.155,0.009,0.009,0.009,0.000,0.000
40,3,1.032,1.032,1.032,0.011,0.011,0.011,0.000,0.000
40,3,1.095,1.095,1.095,0.009,0.009,0.009,0.000,0.000
40,3,1.217,1.217,1.217,0.013,0.013,0.013,0.000,0.000
40,3,1.103,1.103,1.103,0.009,0.009,0.009,0.000,0.000
40,3,1.013,1.013,1.013,0.009,0.009,0.009,0.000,0.000
40,3,1.094,1.094,1.094,0.009,0.009,0.009,0.000,0.000
40,3,1.082,1.082,1.082,0.009,0.009,0.009,0.000,0.000
40,3,1.165,1.165,1.165,0.010,0.010,0.010,0.000,0.000
40,3,1.139,1.139,1.139,0.009,0.009,0.009,0.000,0.000
40,3,1.084,1.084,1.084,0.009,0.009,0.009,0.000,0.000
40,3,1.103,1.103,1.103,0.009,0.009,0.009,0.000,0.000
40,3,1.043,1.043,1.043,0.012,0.012,0.012,0.000,0.000
40,3,1.117,1.117,1.117,0.010,0.010,0.010,0.000,0.000
40,3,1.229,1.229,1.229,0.009,0.009,0.009,0.000,0.000
40,3,1.070,1.070,1.070,0.012,0.012,0.012,0.000,0.000
40,3,1.029,1.029,1.029,0.010,0.010,0.010,0.000,0.000
40,3,1.225,1.225,1.225,0.010,0.010,0.010,0.000,0.000
40,3,1.238,1.238,1.238,0.009,0.009,0.009,0.000,0.000
40,3,1.147,1.147,1.147,0.009,0.009,0.009,0.000,0.000
40,4,1.074,1.074,1.074,0.009,0.009,0.009,0.000,0.000
40,4,1.118,1.118,1.118,0.009,0.009,0.009,0.000,0.000
40,4,1.133,1.133,1.133,0.010,0.010,0.010,0.000,0.000
40,4,1.047,1.047,1.047,0.010,0.010,0.010,0.000,0.000
40,4,1.158,1.158,1.158,0.012,0.012,0.012,0.000,0.000
40,4,1.181,1.181,1.181,0.010,0.010,0.010,0.000,0.000
40,4,1.102,1.102,1.102,0.011,0.011,0.011,0.000,0.000
40,4,1.189,1.189,1.189,0.009,0.009,0.009,0.000,0.000
40,4,1.301,1.301,1.301,0.009,0.009,0.009,0.000,0.000
40,4,1.023,1.023,1.023,0.009,0.009,0.009,0.000,0.000
40,4,1.048,1.048,1.048,0.010,0.010,0.010,0.000,0.000
40,4,1.084,1.084,1.084,0.009,0.009,0.009,0.000,0.000
40,4,1.149,1.149,1.149,0.012,0.012,0.012,0.000,0.000
40,4,1.027,1.027,1.027,0.010,0.010,0.010,0.000,0.000
40,4,1.178,1.178,1.178,0.009,0.009,0.009,0.000,0.000
40,4,1.019,1.019,1.019,0.009,0.009,0.009,0.000,0.000
40,4,1.267,1.267,1.267,0.010,0.010,0.010,0.000,0.000
40,4,1.036,1.036,1.036,0.011,0.011,0.011,0.000,0.000
40,4,1.072,1.072,1.072,0.009,0.009,0.009,0.000,0.000
40,4,1.074,1.074,1.074,0.010,0.010,0.010,0.000,0.000
40,4,1.129,1.129,1.129,0.013,0.013,0.013,0.000,0.000
40,4,1.052,1.052,1.052,0.010,0.010,0.010,0.000,0.000
40,4,1.141,1.141,1.141,0.010,0.010,0.010,0.000,0.000
40,4,1.154,1.154,1.154,0.015,0.015,0.015,0.000,0.000
40,4,1.043,1.043,1.043,0.009,0.009,0.009,0.000,0.000
40,4,1.033,1.033,1.033,0.009,0.009,0.009,0.000,0.000
40,4,1.111,1.111,1.111,0.009,0.009,0.009,0.000,0.000
40,4,1.016,1.016,1.016,0.009,0.009,0.009,0.000,0.000
40,4,1.091,1.091,1.091,0.011,0.011,0.011,0.000,0.000
40,4,1.073,1.073,1.073,0.009,0.009,0.009,0.000,0.000
40,4,1.099,1.099,1.099,0.009,0.009,0.009,0.000,0.000
40,4,1.074,1.074,1.074,0.009,0.009,0.009,0.000,0.000
40,4,1.034,1.034,1.034,0.011,0.011,0.011,0.000,0.000
40,4,1.120,1.120,1.120,0.009,0.009,0.009,0.000,0.000
40,4,1.056,1.056,1.056,0.010,0.010,0.010,0.000,0.000
40,4,1.105,1.105,1.105,0.011,0.011,0.011,0.000,0.000
40,4,1.040,1.040,1.040,0.009,0.009,0.009,0.000,0.000
40,4,1.055,1.055,1.055,0.009,0.009,0.009,0.000,0.000
40,4,1.196,1.196,1.196,0.009,0.009,0.009,0.000,0.000
40,4,1.255,1.255,1.255,0.009,0.009,0.009,0.000,0.000
40,4,1.123,1.123,1.123,0.009,0.009,0.009,0.000,0.000
40,4,1.217,1.217,1.217,0.009,0.009,0.009,0.000,0.000
40,4,1.324,1.324,1.324,0.009,0.009,0.009,0.000,0.000
40,4,1.278,1.278,1.278,0.011,0.011,0.011,0.000,0.000
40,4,1.135,1.135,1.135,0.010,0.010,0.010,0.000,0.000
40,4,1.171,1.171,1.171,0.010,0.010,0.010,0.000,0.000
40,4,1.138,1.138,1.138,0.009,0.009,0.009,0.000,0.000
40,4,1.073,1.073,1.073,0.009,0.009,0.009,0.000,0.000
40,4,1.074,1.074,1.074,0.011,0.011,0.011,0.000,0.000
40,4,1.127,1.127,1.127,0.009,0.009,0.009,0.000,0.000
40,4,1.240,1.240,1.240,0.009,0.009,0.009,0.000,0.000
40,4,1.083,1.083,1.083,0.011,0.011,0.011,0.000,0.000
40,4,1.034,1.034,1.034,0.009,0.009,0.009,0.000,0.000
40,4,1.071,1.071,1.071,0.013,0.013,0.013,0.000,0.000
40,4,1.304,1.304,1.304,0.011,0.011,0.011,0.000,0.000
40,4,1.038,1.038,1.038,0.012,0.012,0.012,0.000,0.000
40,4,1.181,1.181,1.181,0.010,0.010,0.010,0.000,0.000
40,4,1.301,1.301,1.301,0.009,0.009,0.009,0.000,0.000
40,4,1.159,1.159,1.159,0.010,0.010,0.010,0.000,0.000
40,4,1.268,1.268,1.268,0.011,0.011,0.011,0.000,0.000
40,4,1.080,1.080,1.080,0.012,0.012,0.012,0.000,0.000
40,4,1.050,1.050,1.050,0.010,0.010,0.010,0.000,0.000
40,4,1.124,1.124,1.124,0.013,0.013,0.013,0.000,0.000
40,4,1.157,1.157,1.157,0.011,0.011,0.011,0.000,0.000
40,4,1.066,1.066,1.066,0.009,0.009,0.009,0.000,0.000
40,4,1.129,1.129,1.129,0.009,0.009,0.009,0.000,0.000
40,4,1.112,1.112,1.112,0.009,0.009,0.009,0.000,0.000
40,4,1.141,1.141,1.141,0.009,0.009,0.009,0.000,0.000
40,4,1.297,1.297,1.297,0.009,0.009,0.009,0.000,0.000
40,4,1.127,1.127,1.127,0.009,0.009,0.009,0.000,0.000
40,4,1.021,1.021,1.021,0.009,0.009,0.009,0.000,0.000
40,4,1.059,1.059,1.059,0.011,0.011,0.011,0.000,0.000
40,4,1.059,1.059,1.059,0.009,0.009,0.009,0.000,0.000
40,4,1.082,1.082,1.082,0.010,0.010,0.010,0.000,0.000
40,4,1.365,1.365,1.365,0.009,0.009,0.009,0.000,0.000
40,4,1.104,1.104,1.104,0.009,0.009,0.009,0.000,0.000
40,4,1.214,1.214,1.214,0.011,0.011,0.011,0.000,0.000
40,4,1.027,1.027,1.027,0.010,0.010,0.010,0.000,0.000
40,4,1.217,1.217,1.217,0.009,0.009,0.009,0.000,0.000
40,4,1.036,1.036,1.036,0.010,0.010,0.010,0.000,0.000
40,4,1.076,1.076,1.076,0.010,0.010,0.010,0.000,0.000
40,4,1.037,1.037,1.037,0.008,0.008,0.008,0.000,0.000
40,4,1.037,1.037,1.037,0.009,0.009,0.009,0.000,0.000
40,4,1.043,1.043,1.043,0.009,0.009,0.009,0.000,0.000
40,4,1.083,1.083,1.083,0.009,0.009,0.009,0.000,0.000
40,4,1.041,1.041,1.041,0.009,0.009,0.009,0.000,0.000
40,4,1.161,1.161,1.161,0.009,0.009,0.009,0.000,0.000
40,4,1.163,1.163,1.163,0.012,0.012,0.012,0.000,0.000
40,4,1.040,1.040,1.040,0.010,0.010,0.010,0.000,0.000
40,4,1.182,1.182,1.182,0.009,0.009,0.009,0.000,0.000
40,4,1.072,1.072,1.072,0.010,0.010,0.010,0.000,0.000
40,4,1.032,1.032,1.032,0.013,0.013,0.013,0.000,0.000
40,4,1.170,1.170,1.170,0.009,0.009,0.009,0.000,0.000
40,4,1.091,1.091,1.091,0.009,0.009,0.009,0.000,0.000
40,4,1.077,1.077,1.077,0.009,0.009,0.009,0.000,0.000
40,4,1.112,1.112,1.112,0.010,0.010,0.010,0.000,0.000
40,4,1.292,1.292,1.292,0.008,0.008,0.008,0.000,0.000
40,4,1.098,1.098,1.098,0.009,0.009,0.009,0.000,0.000
40,4,1.049,1.049,1.049,0.009,0.009,0.009,0.000,0.000
40,4,1.028,1.028,1.028,0.010,0.010,0.010,0.000,0.000
40,5,1.220,1.220,1.220,0.009,0.009,0.009,0.000,0.000
40,5,1.120,1.120,1.120,0.010,0.010,0.010,0.000,0.000
40,5,1.207,1.207,1.207,0.009,0.009,0.009,0.000,0.000
40,5,1.042,1.042,1.042,0.014,0.014,0.014,0.000,0.000
40,5,1.020,1.020,1.020,0.010,0.010,0.010,0.000,0.000
40,5,1.230,1.230,1.230,0.014,0.014,0.014,0.000,0.000
40,5,1.182,1.182,1.182,0.009,0.009,0.009,0.000,0.000
40,5,1.229,1.229,1.229,0.009,0.009,0.009,0.000,0.000
40,5,1.059,1.059,1.059,0.009,0.009,0.009,0.000,0.000
40,5,1.232,1.232,1.232,0.009,0.009,0.009,0.000,0.000
40,5,1.171,1.171,1.171,0.009,0.009,0.009,0.000,0.000
40,5,1.082,1.082,1.082,0.010,0.010,0.010,0.000,0.000
40,5,1.060,1.060,1.060,0.009,0.009,0.009,0.000,0.000
40,5,1.110,1.110,1.110,0.012,0.012,0.012,0.000,0.000
40,5,1.079,1.079,1.079,0.008,0.008,0.008,0.000,0.000
40,5,1.029,1.029,1.029,0.009,0.009,0.009,0.000,0.000
40,5,1.094,1.094,1.094,0.009,0.009,0.009,0.000,0.000
40,5,1.049,1.049,1.049,0.009,0.009,0.009,0.000,0.000
40,5,1.213,1.213,1.213,0.011,0.011,0.011,0.000,0.000
40,5,1.035,1.035,1.035,0.009,0.009,0.009,0.000,0.000
40,5,1.104,1.104,1.104,0.009,0.009,0.009,0.000,0.000
40,5,1.034,1.034,1.034,0.009,0.009,0.009,0.000,0.000
40,5,1.114,1.114,1.114,0.009,0.009,0.009,0.000,0.000
40,5,1.108,1.108,1.108,0.009,0.009,0.009,0.000,0.000
40,5,1.105,1.105,1.105,0.009,0.009,0.009,0.000,0.000
40,5,1.139,1.139,1.139,0.012,0.012,0.012,0.000,0.000
40,5,1.218,1.218,1.218,0.009,0.009,0.009,0.000,0.000
40,5,1.088,1.088,1.088,0.010,0.010,0.010,0.000,0.000
40,5,1.113,1.113,1.113,0.013,0.013,0.013,0.000,0.000
40,5,1.095,1.095,1.095,0.009,0.009,0.009,0.000,0.000
40,5,1.066,1.066,1.066,0.011,0.011,0.011,0.000,0.000
40,5,1.076,1.076,1.076,0.010,0.010,0.010,0.000,0.000
40,5,1.142,1.142,1.142,0.011,0.011,0.011,0.000,0.000
40,5,1.101,1.101,1.101,0.009,0.009,0.009,0.000,0.000
40,5,1.209,1.209,1.209,0.010,0.010,0.010,0.000,0.000
40,5,1.030,1.030,1.030,0.009,0.009,0.009,0.000,0.000
40,5,1.131,1.131,1.131,0.009,0.009,0.009,0.000,0.000
40,5,1.131,1.131,1.131,0.009,0.009,0.009,0.000,0.000
40,5,1.044,1.044,1.044,0.009,0.009,0.009,0.000,0.000
40,5,1.135,1.135,1.135,0.013,0.013,0.013,0.000,0.000
40,5,1.054,1.054,1.054,0.010,0.010,0.010,0.000,0.000
40,5,1.294,1.294,1.294,0.009,0.009,0.009,0.000,0.000
40,5,1.211,1.211,1.211,0.009,0.009,0.009,0.000,0.000
40,5,1.257,1.257,1.257,0.009,0.009,0.009,0.000,0.000
40,5,1.072,1.072,1.072,0.009,0.009,0.009,0.000,0.000
40,5,1.142,1.142,1.142,0.013,0.013,0.013,0.000,0.000
40,5,1.142,1.142,1.142,0.009,0.009,0.009,0.000,0.000
40,5,1.201,1.201,1.201,0.009,0.009,0.009,0.000,0.000
40,5,1.118,1.118,1.118,0.009,0.009,0.009,0.000,0.000
40,5,1.131,1.131,1.131,0.009,0.009,0.009,0.000,0.000
40,5,1.161,1.161,1.161,0.011,0.011,0.011,0.000,0.000
40,5,1.031,1.031,1.031,0.009,0.009,0.009,0.000,0.000
40,5,1.098,1.098,1.098,0.009,0.009,0.009,0.000,0.000
40,5,1.154,1.154,1.154,0.009,0.009,0.009,0.000,0.000
40,5,1.097,1.097,1.097,0.009,0.009,0.009,0.000,0.000
40,5,1.101,1.101,1.101,0.009,0.009,0.009,0.000,0.000
40,5,1.069,1.069,1.069,0.009,0.009,0.009,0.000,0.000
40,5,1.128,1.128,1.128,0.011,0.011,0.011,0.000,0.000
40,5,1.125,1.125,1.125,0.009,0.009,0.009,0.000,0.000
40,5,1.141,1.141,1.141,0.009,0.009,0.009,0.000,0.000
40,5,1.218,1.218,1.218,0.009,0.009,0.009,0.000,0.000
40,5,1.206,1.206,1.206,0.011,0.011,0.011,0.000,0.000
40,5,1.183,1.183,1.183,0.009,0.009,0.009,0.000,0.000
40,5,1.232,1.232,1.232,0.009,0.009,0.009,0.000,0.000
40,5,1.165,1.165,1.165,0.009,0.009,0.009,0.000,0.000
40,5,1.219,1.219,1.219,0.012,0.012,0.012,0.000,0.000
40,5,1.073,1.073,1.073,0.011,0.011,0.011,0.000,0.000
40,5,1.095,1.095,1.095,0.009,0.009,0.009,0.000,0.000
40,5,1.159,1.159,1.159,0.009,0.009,0.009,0.000,0.000
40,5,1.080,1.080,1.080,0.010,0.010,0.010,0.000,0.000
40,5,1.042,1.042,1.042,0.009,0.009,0.009,0.000,0.000
40,5,1.088,1.088,1.088,0.009,0.009,0.009,0.000,0.000
40,5,1.108,1.108,1.108,0.010,0.010,0.010,0.000,0.000
40,5,1.028,1.028,1.028,0.011,0.011,0.011,0.000,0.000
40,5,1.052,1.052,1.052,0.009,0.009,0.009,0.000,0.000
40,5,1.161,1.161,1.161,0.009,0.009,0.009,0.000,0.000
40,5,1.167,1.167,1.167,0.010,0.010,0.010,0.000,0.000
40,5,1.131,1.131,1.131,0.014,0.014,0.014,0.000,0.000
40,5,1.071,1.071,1.071,0.009,0.009,0.009,0.000,0.000
40,5,1.105,1.105,1.105,0.011,0.011,0.011,0.000,0.000
40,5,1.115,1.115,1.115,0.009,0.009,0.009,0.000,0.000
40,5,1.091,1.091,1.091,0.009,0.009,0.009,0.000,0.000
40,5,1.104,1.104,1.104,0.011,0.011,0.011,0.000,0.000
40,5,1.111,1.111,1.111,0.010,0.010,0.010,0.000,0.000
40,5,1.098,1.098,1.098,0.009,0.009,0.009,0.000,0.000
40,5,1.075,1.075,1.075,0.010,0.010,0.010,0.000,0.000
40,5,1.126,1.126,1.126,0.009,0.009,0.009,0.000,0.000
40,5,1.147,1.147,1.147,0.009,0.009,0.009,0.000,0.000
40,5,1.067,1.067,1.067,0.010,0.010,0.010,0.000,0.000
40,5,1.239,1.239,1.239,0.009,0.009,0.009,0.000,0.000
40,5,1.200,1.200,1.200,0.012,0.012,0.012,0.000,0.000
40,5,1.030,1.030,1.030,0.009,0.009,0.009,0.000,0.000
40,5,1.117,1.117,1.117,0.010,0.010,0.010,0.000,0.000
40,5,1.091,1.091,1.091,0.009,0.009,0.009,0.000,0.000
40,5,1.100,1.100,1.100,0.010,0.010,0.010,0.000,0.000
40,5,1.197,1.197,1.197,0.011,0.011,0.011,0.000,0.000
40,5,1.142,1.142,1.142,0.009,0.009,0.009,0.000,0.000
40,5,1.114,1.114,1.114,0.009,0.009,0.009,0.000,0.000
40,5,1.027,1.027,1.027,0.011,0.011,0.011,0.000,0.000
40,5,1.123,1.123,1.123,0.010,0.010,0.010,0.000,0.000
40,6,1.142,1.142,1.142,0.009,0.009,0.009,0.000,0.000
40,6,1.045,1.045,1.045,0.011,0.011,0.011,0.000,0.000
40,6,1.163,1.163,1.163,0.009,0.009,0.009,0.000,0.000
40,6,1.186,1.186,1.186,0.013,0.013,0.013,0.000,0.000
40,6,1.191,1.191,1.191,0.009,0.009,0.009,0.000,0.000
40,6,1.063,1.063,1.063,0.009,0.009,0.009,0.000,0.000
40,6,1.184,1.184,1.184,0.009,0.009,0.009,0.000,0.000
40,6,1.152,1.152,1.152,0.011,0.011,0.011,0.000,0.000
40,6,1.167,1.167,1.167,0.009,0.009,0.009,0.000,0.000
40,6,1.023,1.023,1.023,0.010,0.010,0.010,0.000,0.000
40,6,1.169,1.169,1.169,0.011,0.011,0.011,0.000,0.000
40,6,1.206,1.206,1.206,0.010,0.010,0.010,0.000,0.000
40,6,1.144,1.144,1.144,0.013,0.013,0.013,0.000,0.000
40,6,1.186,1.186,1.186,0.011,0.011,0.011,0.000,0.000
40,6,1.025,1.025,1.025,0.010,0.010,0.010,0.000,0.000
40,6,1.048,1.048,1.048,0.009,0.009,0.009,0.000,0.000
40,6,1.147,1.147,1.147,0.011,0.011,0.011,0.000,0.000
40,6,1.058,1.058,1.058,0.011,0.011,0.011,0.000,0.000
40,6,1.018,1.018,1.018,0.009,0.009,0.009,0.000,0.000
40,6,1.067,1.067,1.067,0.010,0.010,0.010,0.000,0.000
40,6,1.138,1.138,1.138,0.011,0.011,0.011,0.000,0.000
40,6,1.051,1.051,1.051,0.010,0.010,0.010,0.000,0.000
40,6,1.070,1.070,1.070,0.009,0.009,0.009,0.000,0.000
40,6,1.173,1.173,1.173,0.009,0.009,0.009,0.000,0.000
40,6,1.093,1.093,1.093,0.014,0.014,0.014,0.000,0.000
40,6,1.033,1.033,1.033,0.010,0.010,0.010,0.000,0.000
40,6,1.126,1.126,1.126,0.014,0.014,0.014,0.000,0.000
40,6,1.026,1.026,1.026,0.009,0.009,0.009,0.000,0.000
40,6,1.098,1.098,1.098,0.009,0.009,0.009,0.000,0.000
40,6,1.124,1.124,1.124,0.012,0.012,0.012,0.000,0.000
40,6,1.129,1.129,1.129,0.015,0.015,0.015,0.000,0.000
40,6,1.159,1.159,1.159,0.009,0.009,0.009,0.000,0.000
40,6,1.120,1.120,1.120,0.011,0.011,0.011,0.000,0.000
40,6,1.116,1.116,1.116,0.012,0.012,0.012,0.000,0.000
40,6,1.219,1.219,1.219,0.012,0.012,0.012,0.000,0.000
40,6,1.101,1.101,1.101,0.011,0.011,0.011,0.000,0.000
40,6,1.009,1.009,1.009,0.013,0.013,0.013,0.000,0.000
40,6,1.098,1.098,1.098,0.009,0.009,0.009,0.000,0.000
40,6,1.253,1.253,1.253,0.011,0.011,0.011,0.000,0.000
40,6,1.059,1.059,1.059,0.009,0.009,0.009,0.000,0.000
40,6,1.057,1.057,1.057,0.009,0.009,0.009,0.000,0.000
40,6,1.115,1.115,1.115,0.009,0.009,0.009,0.000,0.000
40,6,1.154,1.154,1.154,0.009,0.009,0.009,0.000,0.000
40,6,1.109,1.109,1.109,0.010,0.010,0.010,0.000,0.000
40,6,1.025,1.025,1.025,0.011,0.011,0.011,0.000,0.000
40,6,1.003,1.003,1.003,0.015,0.015,0.015,0.000,0.000
40,6,1.025,1.025,1.025,0.010,0.010,0.010,0.000,0.000
40,6,1.077,1.077,1.077,0.011,0.011,0.011,0.000,0.000
40,6,1.228,1.228,1.228,0.010,0.010,0.010,0.000,0.000
40,6,1.062,1.062,1.062,0.011,0.011,0.011,0.000,0.000
40,6,1.149,1.149,1.149,0.009,0.009,0.009,0.000,0.000
40,6,1.057,1.057,1.057,0.010,0.010,0.010,0.000,0.000
40,6,1.208,1.208,1.208,0.009,0.009,0.009,0.000,0.000
40,6,1.285,1.285,1.285,0.012,0.012,0.012,0.000,0.000
40,6,1.130,1.130,1.130,0.010,0.010,0.010,0.000,0.000
40,6,1.163,1.163,1.163,0.009,0.009,0.009,0.000,0.000
40,6,1.077,1.077,1.077,0.010,0.010,0.010,0.000,0.000
40,6,1.343,1.343,1.343,0.012,0.012,0.012,0.000,0.000
40,6,1.121,1.121,1.121,0.011,0.011,0.011,0.000,0.000
40,6,1.063,1.063,1.063,0.011,0.011,0.011,0.000,0.000
40,6,1.182,1.182,1.182,0.009,0.009,0.009,0.000,0.000
40,6,1.235,1.235,1.235,0.010,0.010,0.010,0.000,0.000
40,6,1.114,1.114,1.114,0.011,0.011,0.011,0.000,0.000
40,6,1.166,1.166,1.166,0.009,0.009,0.009,0.000,0.000
40,6,1.016,1.016,1.016,0.009,0.009,0.009,0.000,0.000
40,6,1.129,1.129,1.129,0.009,0.009,0.009,0.000,0.000
40,6,1.170,1.170,1.170,0.010,0.010,0.010,0.000,0.000
40,6,1.112,1.112,1.112,0.009,0.009,0.009,0.000,0.000
40,6,1.067,1.067,1.067,0.009,0.009,0.009,0.000,0.000
40,6,1.196,1.196,1.196,0.011,0.011,0.011,0.000,0.000
40,6,1.344,1.344,1.344,0.009,0.009,0.009,0.000,0.000
40,6,1.208,1.208,1.208,0.009,0.009,0.009,0.000,0.000
40,6,1.063,1.063,1.063,0.010,0.010,0.010,0.000,0.000
40,6,1.274,1.274,1.274,0.012,0.012,0.012,0.000,0.000
40,6,1.085,1.085,1.085,0.016,0.016,0.016,0.000,0.000
40,6,1.142,1.142,1.142,0.009,0.009,0.009,0.000,0.000
40,6,1.268,1.268,1.268,0.010,0.010,0.010,0.000,0.000
40,6,1.182,1.182,1.182,0.010,0.010,0.010,0.000,0.000
40,6,1.130,1.130,1.130,0.010,0.010,0.010,0.000,0.000
40,6,1.151,1.151,1.151,0.009,0.009,0.009,0.000,0.000
40,6,1.099,1.099,1.099,0.009,0.009,0.009,0.000,0.000
40,6,1.096,1.096,1.096,0.009,0.009,0.009,0.000,0.000
40,6,1.174,1.174,1.174,0.009,0.009,0.009,0.000,0.000
40,6,1.109,1.109,1.109,0.009,0.009,0.009,0.000,0.000
40,6,1.101,1.101,1.101,0.011,0.011,0.011,0.000,0.000
40,6,1.095,1.095,1.095,0.009,0.009,0.009,0.000,0.000
40,6,1.159,1.159,1.159,0.009,0.009,0.009,0.000,0.000
40,6,1.212,1.212,1.212,0.009,0.009,0.009,0.000,0.000
40,6,1.166,1.166,1.166,0.011,0.011,0.011,0.000,0.000
40,6,1.146,1.146,1.146,0.013,0.013,0.013,0.000,0.000
40,6,1.103,1.103,1.103,0.009,0.009,0.009,0.000,0.000
40,6,1.167,1.167,1.167,0.009,0.009,0.009,0.000,0.000
40,6,1.080,1.080,1.080,0.009,0.009,0.009,0.000,0.000
40,6,1.097,1.097,1.097,0.009,0.009,0.009,0.000,0.000
40,6,1.151,1.151,1.151,0.009,0.009,0.009,0.000,0.000
40,6,1.222,1.222,1.222,0.009,0.009,0.009,0.000,0.000
40,6,1.102,1.102,1.102,0.008,0.008,0.008,0.000,0.000
40,6,1.130,1.130,1.130,0.010,0.010,0.010,0.000,0.000
40,6,1.152,1.152,1.152,0.009,0.009,0.009,0.000,0.000
40,6,1.117,1.117,1.117,0.009,0.009,0.009,0.000,0.000
40,7,1.092,1.092,1.092,0.011,0.011,0.011,0.000,0.000
40,7,1.074,1.074,1.074,0.011,0.011,0.011,0.000,0.000
40,7,1.149,1.149,1.149,0.009,0.009,0.009,0.000,0.000
40,7,1.081,1.081,1.081,0.011,0.011,0.011,0.000,0.000
40,7,1.111,1.111,1.111,0.012,0.012,0.012,0.000,0.000
40,7,1.159,1.159,1.159,0.011,0.011,0.011,0.000,0.000
40,7,1.078,1.078,1.078,0.009,0.009,0.009,0.000,0.000
40,7,1.188,1.188,1.188,0.009,0.009,0.009,0.000,0.000
40,7,1.035,1.035,1.035,0.012,0.012,0.012,0.000,0.000
40,7,1.143,1.143,1.143,0.009,0.009,0.009,0.000,0.000
40,7,1.211,1.211,1.211,0.011,0.011,0.011,0.000,0.000
40,7,1.038,1.038,1.038,0.010,0.010,0.010,0.000,0.000
40,7,1.173,1.173,1.173,0.009,0.009,0.009,0.000,0.000
40,7,1.078,1.078,1.078,0.009,0.009,0.009,0.000,0.000
40,7,1.059,1.059,1.059,0.010,0.010,0.010,0.000,0.000
40,7,1.156,1.156,1.156,0.009,0.009,0.009,0.000,0.000
40,7,1.094,1.094,1.094,0.009,0.009,0.009,0.000,0.000
40,7,1.054,1.054,1.054,0.012,0.012,0.012,0.000,0.000
40,7,1.083,1.083,1.083,0.012,0.012,0.012,0.000,0.000
40,7,1.090,1.090,1.090,0.011,0.011,0.011,0.000,0.000
40,7,1.190,1.190,1.190,0.010,0.010,0.010,0.000,0.000
40,7,1.085,1.085,1.085,0.009,0.009,0.009,0.000,0.000
40,7,1.146,1.146,1.146,0.011,0.011,0.011,0.000,0.000
40,7,1.138,1.138,1.138,0.009,0.009,0.009,0.000,0.000
40,7,1.117,1.117,1.117,0.009,0.009,0.009,0.000,0.000
40,7,1.148,1.148,1.148,0.011,0.011,0.011,0.000,0.000
40,7,1.232,1.232,1.232,0.009,0.009,0.009,0.000,0.000
40,7,1.126,1.126,1.126,0.009,0.009,0.009,0.000,0.000
40,7,1.076,1.076,1.076,0.009,0.009,0.009,0.000,0.000
40,7,1.028,1.028,1.028,0.009,0.009,0.009,0.000,0.000
40,7,1.049,1.049,1.049,0.013,0.013,0.013,0.000,0.000
40,7,1.053,1.053,1.053,0.010,0.010,0.010,0.000,0.000
40,7,1.061,1.061,1.061,0.010,0.010,0.010,0.000,0.000
40,7,1.121,1.121,1.121,0.009,0.009,0.009,0.000,0.000
40,7,1.122,1.122,1.122,0.010,0.010,0.010,0.000,0.000
40,7,1.163,1.163,1.163,0.011,0.011,0.011,0.000,0.000
40,7,1.038,1.038,1.038,0.008,0.008,0.008,0.000,0.000
40,7,1.172,1.172,1.172,0.009,0.009,0.009,0.000,0.000
40,7,1.238,1.238,1.238,0.010,0.010,0.010,0.000,0.000
40,7,1.080,1.080,1.080,0.009,0.009,0.009,0.000,0.000
40,7,1.131,1.131,1.131,0.009,0.009,0.009,0.000,0.000
40,7,1.048,1.048,1.048,0.010,0.010,0.010,0.000,0.000
40,7,1.168,1.168,1.168,0.009,0.009,0.009,0.000,0.000
40,7,1.266,1.266,1.266,0.012,0.012,0.012,0.000,0.000
40,7,1.205,1.205,1.205,0.010,0.010,0.010,0.000,0.000
40,7,1.174,1.174,1.174,0.011,0.011,0.011,0.000,0.000
40,7,1.139,1.139,1.139,0.012,0.012,0.012,0.000,0.000
40,7,1.108,1.108,1.108,0.009,0.009,0.009,0.000,0.000
40,7,1.256,1.256,1.256,0.009,0.009,0.009,0.000,0.000
40,7,1.034,1.034,1.034,0.011,0.011,0.011,0.000,0.000
40,7,1.179,1.179,1.179,0.009,0.009,0.009,0.000,0.000
40,7,1.101,1.101,1.101,0.010,0.010,0.010,0.000,0.000
40,7,1.057,1.057,1.057,0.010,0.010,0.010,0.000,0.000
40,7,1.072,1.072,1.072,0.013,0.013,0.013,0.000,0.000
40,7,1.101,1.101,1.101,0.009,0.009,0.009,0.000,0.000
40,7,1.064,1.064,1.064,0.009,0.009,0.009,0.000,0.000
40,7,1.103,1.103,1.103,0.009,0.009,0.009,0.000,0.000
40,7,1.192,1.192,1.192,0.011,0.011,0.011,0.000,0.000
40,7,1.089,1.089,1.089,0.009,0.009,0.009,0.000,0.000
40,7,1.182,1.182,1.182,0.009,0.009,0.009,0.000,0.000
40,7,1.033,1.033,1.033,0.012,0.012,0.012,0.000,0.000
40,7,1.128,1.128,1.128,0.009,0.009,0.009,0.000,0.000
40,7,1.170,1.170,1.170,0.010,0.010,0.010,0.000,0.000
40,7,1.064,1.064,1.064,0.009,0.009,0.009,0.000,0.000
40,7,1.063,1.063,1.063,0.009,0.009,0.009,0.000,0.000
40,7,1.138,1.138,1.138,0.010,0.010,0.010,0.000,0.000
40,7,1.139,1.139,1.139,0.010,0.010,0.010,0.000,0.000
40,7,1.044,1.044,1.044,0.009,0.009,0.009,0.000,0.000
40,7,1.236,1.236,1.236,0.009,0.009,0.009,0.000,0.000
40,7,1.011,1.011,1.011,0.011,0.011,0.011,0.000,0.000
40,7,1.101,1.101,1.101,0.009,0.009,0.009,0.000,0.000
40,7,1.287,1.287,1.287,0.011,0.011,0.011,0.000,0.000
40,7,1.174,1.174,1.174,0.012,0.012,0.012,0.000,0.000
40,7,1.128,1.128,1.128,0.010,0.010,0.010,0.000,0.000
40,7,1.047,1.047,1.047,0.010,0.010,0.010,0.000,0.000
40,7,1.433,1.433,1.433,0.010,0.010,0.010,0.000,0.000
40,7,1.092,1.092,1.092,0.009,0.009,0.009,0.000,0.000
40,7,1.175,1.175,1.175,0.009,0.009,0.009,0.000,0.000
40,7,1.164,1.164,1.164,0.010,0.010,0.010,0.000,0.000
40,7,1.102,1.102,1.102,0.010,0.010,0.010,0.000,0.000
40,7,1.168,1.168,1.168,0.010,0.010,0.010,0.000,0.000
40,7,1.115,1.115,1.115,0.010,0.010,0.010,0.000,0.000
40,7,1.131,1.131,1.131,0.013,0.013,0.013,0.000,0.000
40,7,1.237,1.237,1.237,0.009,0.009,0.009,0.000,0.000
40,7,1.246,1.246,1.246,0.009,0.009,0.009,0.000,0.000
40,7,1.075,1.075,1.075,0.009,0.009,0.009,0.000,0.000
40,7,1.107,1.107,1.107,0.009,0.009,0.009,0.000,0.000
40,7,1.108,1.108,1.108,0.009,0.009,0.009,0.000,0.000
40,7,1.054,1.054,1.054,0.009,0.009,0.009,0.000,0.000
40,7,1.131,1.131,1.131,0.009,0.009,0.009,0.000,0.000
40,7,1.169,1.169,1.169,0.009,0.009,0.009,0.000,0.000
40,7,1.111,1.111,1.111,0.009,0.009,0.009,0.000,0.000
40,7,1.371,1.371,1.371,0.010,0.010,0.010,0.000,0.000
40,7,1.267,1.267,1.267,0.009,0.009,0.009,0.000,0.000
40,7,1.075,1.075,1.075,0.009,0.009,0.009,0.000,0.000
40,7,1.160,1.160,1.160,0.008,0.008,0.008,0.000,0.000
40,7,1.078,1.078,1.078,0.012,0.012,0.012,0.000,0.000
40,7,1.148,1.148,1.148,0.010,0.010,0.010,0.000,0.000
40,7,1.128,1.128,1.128,0.010,0.010,0.010,0.000,0.000
40,7,1.118,1.118,1.118,0.011,0.011,0.011,0.000,0.000
40,8,1.424,1.424,1.424,0.010,0.010,0.010,0.000,0.000
40,8,1.154,1.154,1.154,0.009,0.009,0.009,0.000,0.000
40,8,1.236,1.236,1.236,0.009,0.009,0.009,0.000,0.000
40,8,1.226,1.226,1.226,0.010,0.010,0.010,0.000,0.000
40,8,1.191,1.191,1.191,0.010,0.010,0.010,0.000,0.000
40,8,1.196,1.196,1.196,0.010,0.010,0.010,0.000,0.000
40,8,1.048,1.048,1.048,0.009,0.009,0.009,0.000,0.000
40,8,1.103,1.103,1.103,0.009,0.009,0.009,0.000,0.000
40,8,1.069,1.069,1.069,0.010,0.010,0.010,0.000,0.000
40,8,1.186,1.186,1.186,0.009,0.009,0.009,0.000,0.000
40,8,1.262,1.262,1.262,0.008,0.008,0.008,0.000,0.000
40,8,1.104,1.104,1.104,0.009,0.009,0.009,0.000,0.000
40,8,1.281,1.281,1.281,0.009,0.009,0.009,0.000,0.000
40,8,1.209,1.209,1.209,0.011,0.011,0.011,0.000,0.000
40,8,1.121,1.121,1.121,0.009,0.009,0.009,0.000,0.000
40,8,1.100,1.100,1.100,0.009,0.009,0.009,0.000,0.000
40,8,1.141,1.141,1.141,0.010,0.010,0.010,0.000,0.000
40,8,1.307,1.307,1.307,0.010,0.010,0.010,0.000,0.000
40,8,1.196,1.196,1.196,0.009,0.009,0.009,0.000,0.000
40,8,1.097,1.097,1.097,0.010,0.010,0.010,0.000,0.000
40,8,1.278,1.278,1.278,0.011,0.011,0.011,0.000,0.000
40,8,1.327,1.327,1.327,0.008,0.008,0.008,0.000,0.000
40,8,1.036,1.036,1.036,0.009,0.009,0.009,0.000,0.000
40,8,1.088,1.088,1.088,0.009,0.009,0.009,0.000,0.000
40,8,1.085,1.085,1.085,0.011,0.011,0.011,0.000,0.000
40,8,1.124,1.124,1.124,0.020,0.020,0.020,0.000,0.000
40,8,1.075,1.075,1.075,0.009,0.009,0.009,0.000,0.000
40,8,1.099,1.099,1.099,0.009,0.009,0.009,0.000,0.000
40,8,1.125,1.125,1.125,0.010,0.010,0.010,0.000,0.000
40,8,1.214,1.214,1.214,0.010,0.010,0.010,0.000,0.000
40,8,1.075,1.075,1.075,0.010,0.010,0.010,0.000,0.000
40,8,1.165,1.165,1.165,0.009,0.009,0.009,0.000,0.000
40,8,1.207,1.207,1.207,0.010,0.010,0.010,0.000,0.000
40,8,1.130,1.130,1.130,0.009,0.009,0.009,0.000,0.000
40,8,1.074,1.074,1.074,0.009,0.009,0.009,0.000,0.000
40,8,1.142,1.142,1.142,0.009,0.009,0.009,0.000,0.000
40,8,1.229,1.229,1.229,0.009,0.009,0.009,0.000,0.000
40,8,1.141,1.141,1.141,0.012,0.012,0.012,0.000,0.000
40,8,1.169,1.169,1.169,0.009,0.009,0.009,0.000,0.000
40,8,1.245,1.245,1.245,0.009,0.009,0.009,0.000,0.000
40,8,1.096,1.096,1.096,0.010,0.010,0.010,0.000,0.000
40,8,1.111,1.111,1.111,0.010,0.010,0.010,0.000,0.000
40,8,1.111,1.111,1.111,0.009,0.009,0.009,0.000,0.000
40,8,1.181,1.181,1.181,0.010,0.010,0.010,0.000,0.000
40,8,1.039,1.039,1.039,0.010,0.010,0.010,0.000,0.000
40,8,1.157,1.157,1.157,0.009,0.009,0.009,0.000,0.000
40,8,1.037,1.037,1.037,0.010,0.010,0.010,0.000,0.000
40,8,1.169,1.169,1.169,0.011,0.011,0.011,0.000,0.000
40,8,1.198,1.198,1.198,0.011,0.011,0.011,0.000,0.000
40,8,1.263,1.263,1.263,0.009,0.009,0.009,0.000,0.000
40,8,1.097,1.097,1.097,0.009,0.009,0.009,0.000,0.000
40,8,1.131,1.131,1.131,0.012,0.012,0.012,0.000,0.000
40,8,1.235,1.235,1.235,0.012,0.012,0.012,0.000,0.000
40,8,1.034,1.034,1.034,0.009,0.009,0.009,0.000,0.000
40,8,1.058,1.058,1.058,0.009,0.009,0.009,0.000,0.000
40,8,1.303,1.303,1.303,0.010,0.010,0.010,0.000,0.000
40,8,1.055,1.055,1.055,0.009,0.009,0.009,0.000,0.000
40,8,1.148,1.148,1.148,0.014,0.014,0.014,0.000,0.000
40,8,1.035,1.035,1.035,0.010,0.010,0.010,0.000,0.000
40,8,1.079,1.079,1.079,0.010,0.010,0.010,0.000,0.000
40,8,1.067,1.067,1.067,0.010,0.010,0.010,0.000,0.000
40,8,1.039,1.039,1.039,0.008,0.008,0.008,0.000,0.000
40,8,1.072,1.072,1.072,0.012,0.012,0.012,0.000,0.000
40,8,1.106,1.106,1.106,0.011,0.011,0.011,0.000,0.000
40,8,1.024,1.024,1.024,0.009,0.009,0.009,0.000,0.000
40,8,1.061,1.061,1.061,0.011,0.011,0.011,0.000,0.000
40,8,1.072,1.072,1.072,0.009,0.009,0.009,0.000,0.000
40,8,1.254,1.254,1.254,0.009,0.009,0.009,0.000,0.000
40,8,1.176,1.176,1.176,0.010,0.010,0.010,0.000,0.000
40,8,1.186,1.186,1.186,0.010,0.010,0.010,0.000,0.000
40,8,1.052,1.052,1.052,0.009,0.009,0.009,0.000,0.000
40,8,1.064,1.064,1.064,0.009,0.009,0.009,0.000,0.000
40,8,1.322,1.322,1.322,0.010,0.010,0.010,0.000,0.000
40,8,1.094,1.094,1.094,0.009,0.009,0.009,0.000,0.000
40,8,1.088,1.088,1.088,0.009,0.009,0.009,0.000,0.000
40,8,1.108,1.108,1.108,0.009,0.009,0.009,0.000,0.000
40,8,1.031,1.031,1.031,0.009,0.009,0.009,0.000,0.000
40,8,1.015,1.015,1.015,0.009,0.009,0.009,0.000,0.000
40,8,1.119,1.119,1.119,0.009,0.009,0.009,0.000,0.000
40,8,1.150,1.150,1.150,0.010,0.010,0.010,0.000,0.000
40,8,1.105,1.105,1.105,0.010,0.010,0.010,0.000,0.000
40,8,1.151,1.151,1.151,0.015,0.015,0.015,0.000,0.000
40,8,1.069,1.069,1.069,0.009,0.009,0.009,0.000,0.000
40,8,1.146,1.146,1.146,0.009,0.009,0.009,0.000,0.000
40,8,1.080,1.080,1.080,0.009,0.009,0.009,0.000,0.000
40,8,1.096,1.096,1.096,0.009,0.009,0.009,0.000,0.000
40,8,1.121,1.121,1.121,0.009,0.009,0.009,0.000,0.000
40,8,1.239,1.239,1.239,0.009,0.009,0.009,0.000,0.000
40,8,1.105,1.105,1.105,0.009,0.009,0.009,0.000,0.000
40,8,1.184,1.184,1.184,0.009,0.009,0.009,0.000,0.000
40,8,1.067,1.067,1.067,0.012,0.012,0.012,0.000,0.000
40,8,1.057,1.057,1.057,0.011,0.011,0.011,0.000,0.000
40,8,1.115,1.115,1.115,0.010,0.010,0.010,0.000,0.000
40,8,1.182,1.182,1.182,0.009,0.009,0.009,0.000,0.000
40,8,1.063,1.063,1.063,0.009,0.009,0.009,0.000,0.000
40,8,1.136,1.136,1.136,0.012,0.012,0.012,0.000,0.000
40,8,1.197,1.197,1.197,0.009,0.009,0.009,0.000,0.000
40,8,1.107,1.107,1.107,0.012,0.012,0.012,0.000,0.000
40,8,1.192,1.192,1.192,0.009,0.009,0.009,0.000,0.000
40,8,1.215,1.215,1.215,0.009,0.009,0.009,0.000,0.000
40,9,1.114,1.114,1.114,0.009,0.009,0.009,0.000,0.000
40,9,1.251,1.251,1.251,0.009,0.009,0.009,0.000,0.000
40,9,1.044,1.044,1.044,0.011,0.011,0.011,0.000,0.000
40,9,1.077,1.077,1.077,0.009,0.009,0.009,0.000,0.000
40,9,1.103,1.103,1.103,0.010,0.010,0.010,0.000,0.000
40,9,1.050,1.050,1.050,0.009,0.009,0.009,0.000,0.000
40,9,1.142,1.142,1.142,0.011,0.011,0.011,0.000,0.000
40,9,1.105,1.105,1.105,0.010,0.010,0.010,0.000,0.000
40,9,1.171,1.171,1.171,0.009,0.009,0.009,0.000,0.000
40,9,1.127,1.127,1.127,0.009,0.009,0.009,0.000,0.000
40,9,1.102,1.102,1.102,0.008,0.008,0.008,0.000,0.000
40,9,1.093,1.093,1.093,0.009,0.009,0.009,0.000,0.000
40,9,1.169,1.169,1.169,0.008,0.008,0.008,0.000,0.000
40,9,1.184,1.184,1.184,0.009,0.009,0.009,0.000,0.000
40,9,1.018,1.018,1.018,0.011,0.011,0.011,0.000,0.000
40,9,1.036,1.036,1.036,0.008,0.008,0.008,0.000,0.000
40,9,1.206,1.206,1.206,0.013,0.013,0.013,0.000,0.000
40,9,1.163,1.163,1.163,0.009,0.009,0.009,0.000,0.000
40,9,1.186,1.186,1.186,0.010,0.010,0.010,0.000,0.000
40,9,1.082,1.082,1.082,0.009,0.009,0.009,0.000,0.000
40,9,1.058,1.058,1.058,0.009,0.009,0.009,0.000,0.000
40,9,1.246,1.246,1.246,0.013,0.013,0.013,0.000,0.000
40,9,1.229,1.229,1.229,0.014,0.014,0.014,0.000,0.000
40,9,1.128,1.128,1.128,0.009,0.009,0.009,0.000,0.000
40,9,1.152,1.152,1.152,0.009,0.009,0.009,0.000,0.000
40,9,1.223,1.223,1.223,0.009,0.009,0.009,0.000,0.000
40,9,1.209,1.209,1.209,0.009,0.009,0.009,0.000,0.000
40,9,1.107,1.107,1.107,0.011,0.011,0.011,0.000,0.000
40,9,1.046,1.046,1.046,0.011,0.011,0.011,0.000,0.000
40,9,1.092,1.092,1.092,0.009,0.009,0.009,0.000,0.000
40,9,1.031,1.031,1.031,0.009,0.009,0.009,0.000,0.000
40,9,1.159,1.159,1.159,0.009,0.009,0.009,0.000,0.000
40,9,1.166,1.166,1.166,0.011,0.011,0.011,0.000,0.000
40,9,1.104,1.104,1.104,0.008,0.008,0.008,0.000,0.000
40,9,1.338,1.338,1.338,0.011,0.011,0.011,0.000,0.000
40,9,1.212,1.212,1.212,0.010,0.010,0.010,0.000,0.000
40,9,1.156,1.156,1.156,0.009,0.009,0.009,0.000,0.000
40,9,1.128,1.128,1.128,0.009,0.009,0.009,0.000,0.000
40,9,1.068,1.068,1.068,0.010,0.010,0.010,0.000,0.000
40,9,1.043,1.043,1.043,0.009,0.009,0.009,0.000,0.000
40,9,1.026,1.026,1.026,0.009,0.009,0.009,0.000,0.000
40,9,1.147,1.147,1.147,0.009,0.009,0.009,0.000,0.000
40,9,1.076,1.076,1.076,0.014,0.014,0.014,0.000,0.000
40,9,1.085,1.085,1.085,0.009,0.009,0.009,0.000,0.000
40,9,1.100,1.100,1.100,0.015,0.015,0.015,0.000,0.000
40,9,1.096,1.096,1.096,0.009,0.009,0.009,0.000,0.000
40,9,1.056,1.056,1.056,0.009,0.009,0.009,0.000,0.000
40,9,1.148,1.148,1.148,0.013,0.013,0.013,0.000,0.000
40,9,1.243,1.243,1.243,0.015,0.015,0.015,0.000,0.000
40,9,1.123,1.123,1.123,0.012,0.012,0.012,0.000,0.000
40,9,1.240,1.240,1.240,0.009,0.009,0.009,0.000,0.000
40,9,1.058,1.058,1.058,0.009,0.009,0.009,0.000,0.000
40,9,1.074,1.074,1.074,0.009,0.009,0.009,0.000,0.000
40,9,1.186,1.186,1.186,0.009,0.009,0.009,0.000,0.000
40,9,1.193,1.193,1.193,0.009,0.009,0.009,0.000,0.000
40,9,1.095,1.095,1.095,0.009,0.009,0.009,0.000,0.000
40,9,1.190,1.190,1.190,0.011,0.011,0.011,0.000,0.000
40,9,1.068,1.068,1.068,0.009,0.009,0.009,0.000,0.000
40,9,1.191,1.191,1.191,0.011,0.011,0.011,0.000,0.000
40,9,1.098,1.098,1.098,0.011,0.011,0.011,0.000,0.000
40,9,1.111,1.111,1.111,0.009,0.009,0.009,0.000,0.000
40,9,1.166,1.166,1.166,0.009,0.009,0.009,0.000,0.000
40,9,1.128,1.128,1.128,0.010,0.010,0.010,0.000,0.000
40,9,1.151,1.151,1.151,0.008,0.008,0.008,0.000,0.000
40,9,1.089,1.089,1.089,0.009,0.009,0.009,0.000,0.000
40,9,1.170,1.170,1.170,0.009,0.009,0.009,0.000,0.000
40,9,1.121,1.121,1.121,0.014,0.014,0.014,0.000,0.000
40,9,1.266,1.266,1.266,0.011,0.011,0.011,0.000,0.000
40,9,1.175,1.175,1.175,0.011,0.011,0.011,0.000,0.000
40,9,1.043,1.043,1.043,0.014,0.014,0.014,0.000,0.000
40,9,1.117,1.117,1.117,0.010,0.010,0.010,0.000,0.000
40,9,1.117,1.117,1.117,0.010,0.010,0.010,0.000,0.000
40,9,1.252,1.252,1.252,0.009,0.009,0.009,0.000,0.000
40,9,1.031,1.031,1.031,0.009,0.009,0.009,0.000,0.000
40,9,1.079,1.079,1.079,0.010,0.010,0.010,0.000,0.000
40,9,1.212,1.212,1.212,0.008,0.008,0.008,0.000,0.000
40,9,1.178,1.178,1.178,0.009,0.009,0.009,0.000,0.000
40,9,1.092,1.092,1.092,0.011,0.011,0.011,0.000,0.000
40,9,1.125,1.125,1.125,0.010,0.010,0.010,0.000,0.000
40,9,1.106,1.106,1.106,0.009,0.009,0.009,0.000,0.000
40,9,1.123,1.123,1.123,0.009,0.009,0.009,0.000,0.000
40,9,1.071,1.071,1.071,0.008,0.008,0.008,0.000,0.000
40,9,1.138,1.138,1.138,0.009,0.009,0.009,0.000,0.000
40,9,1.167,1.167,1.167,0.009,0.009,0.009,0.000,0.000
40,9,1.180,1.180,1.180,0.013,0.013,0.013,0.000,0.000
40,9,1.267,1.267,1.267,0.009,0.009,0.009,0.000,0.000
40,9,1.189,1.189,1.189,0.012,0.012,0.012,0.000,0.000
40,9,1.071,1.071,1.071,0.010,0.010,0.010,0.000,0.000
40,9,1.143,1.143,1.143,0.010,0.010,0.010,0.000,0.000
40,9,1.164,1.164,1.164,0.009,0.009,0.009,0.000,0.000
40,9,1.033,1.033,1.033,0.012,0.012,0.012,0.000,0.000
40,9,1.161,1.161,1.161,0.010,0.010,0.010,0.000,0.000
40,9,1.141,1.141,1.141,0.009,0.009,0.009,0.000,0.000
40,9,1.065,1.065,1.065,0.012,0.012,0.012,0.000,0.000
40,9,1.104,1.104,1.104,0.009,0.009,0.009,0.000,0.000
40,9,1.166,1.166,1.166,0.009,0.009,0.009,0.000,0.000
40,9,1.079,1.079,1.079,0.008,0.008,0.008,0.000,0.000
40,9,1.131,1.131,1.131,0.009,0.009,0.009,0.000,0.000
40,9,1.174,1.174,1.174,0.009,0.009,0.009,0.000,0.000
40,9,1.235,1.235,1.235,0.009,0.009,0.009,0.000,0.000
40,10,1.116,1.116,1.116,0.009,0.009,0.009,0.000,0.000
40,10,1.266,1.266,1.266,0.009,0.009,0.009,0.000,0.000
40,10,1.030,1.030,1.030,0.009,0.009,0.009,0.000,0.000
40,10,1.180,1.180,1.180,0.011,0.011,0.011,0.000,0.000
40,10,1.070,1.070,1.070,0.010,0.010,0.010,0.000,0.000
40,10,1.092,1.092,1.092,0.010,0.010,0.010,0.000,0.000
40,10,1.121,1.121,1.121,0.009,0.009,0.009,0.000,0.000
40,10,1.091,1.091,1.091,0.010,0.010,0.010,0.000,0.000
40,10,1.289,1.289,1.289,0.009,0.009,0.009,0.000,0.000
40,10,1.082,1.082,1.082,0.009,0.009,0.009,0.000,0.000
40,10,1.074,1.074,1.074,0.009,0.009,0.009,0.000,0.000
40,10,1.134,1.134,1.134,0.009,0.009,0.009,0.000,0.000
40,10,1.114,1.114,1.114,0.008,0.008,0.008,0.000,0.000
40,10,1.121,1.121,1.121,0.010,0.010,0.010,0.000,0.000
40,10,1.116,1.116,1.116,0.009,0.009,0.009,0.000,0.000
40,10,1.102,1.102,1.102,0.009,0.009,0.009,0.000,0.000
40,10,1.190,1.190,1.190,0.009,0.009,0.009,0.000,0.000
40,10,1.079,1.079,1.079,0.010,0.010,0.010,0.000,0.000
40,10,1.105,1.105,1.105,0.012,0.012,0.012,0.000,0.000
40,10,1.059,1.059,1.059,0.010,0.010,0.010,0.000,0.000
40,10,1.142,1.142,1.142,0.011,0.011,0.011,0.000,0.000
40,10,1.159,1.159,1.159,0.009,0.009,0.009,0.000,0.000
40,10,1.250,1.250,1.250,0.009,0.009,0.009,0.000,0.000
40,10,1.067,1.067,1.067,0.009,0.009,0.009,0.000,0.000
40,10,1.043,1.043,1.043,0.009,0.009,0.009,0.000,0.000
40,10,1.070,1.070,1.070,0.008,0.008,0.008,0.000,0.000
40,10,1.125,1.125,1.125,0.010,0.010,0.010,0.000,0.000
40,10,1.171,1.171,1.171,0.011,0.011,0.011,0.000,0.000
40,10,1.145,1.145,1.145,0.010,0.010,0.010,0.000,0.000
40,10,1.035,1.035,1.035,0.008,0.008,0.008,0.000,0.000
40,10,1.087,1.087,1.087,0.008,0.008,0.008,0.000,0.000
40,10,1.105,1.105,1.105,0.009,0.009,0.009,0.000,0.000
40,10,1.142,1.142,1.142,0.009,0.009,0.009,0.000,0.000
40,10,1.270,1.270,1.270,0.012,0.012,0.012,0.000,0.000
40,10,1.189,1.189,1.189,0.009,0.009,0.009,0.000,0.000
40,10,1.150,1.150,1.150,0.009,0.009,0.009,0.000,0.000
40,10,1.243,1.243,1.243,0.011,0.011,0.011,0.000,0.000
40,10,1.090,1.090,1.090,0.010,0.010,0.010,0.000,0.000
40,10,1.111,1.111,1.111,0.010,0.010,0.010,0.000,0.000
40,10,1.191,1.191,1.191,0.009,0.009,0.009,0.000,0.000
40,10,1.163,1.163,1.163,0.011,0.011,0.011,0.000,0.000
40,10,1.103,1.103,1.103,0.009,0.009,0.009,0.000,0.000
40,10,1.159,1.159,1.159,0.009,0.009,0.009,0.000,0.000
40,10,1.086,1.086,1.086,0.010,0.010,0.010,0.000,0.000
40,10,1.126,1.126,1.126,0.010,0.010,0.010,0.000,0.000
40,10,1.061,1.061,1.061,0.011,0.011,0.011,0.000,0.000
40,10,1.291,1.291,1.291,0.011,0.011,0.011,0.000,0.000
40,10,1.131,1.131,1.131,0.009,0.009,0.009,0.000,0.000
40,10,1.053,1.053,1.053,0.009,0.009,0.009,0.000,0.000
40,10,1.122,1.122,1.122,0.010,0.010,0.010,0.000,0.000
40,10,1.141,1.141,1.141,0.010,0.010,0.010,0.000,0.000
40,10,1.066,1.066,1.066,0.010,0.010,0.010,0.000,0.000
40,10,1.192,1.192,1.192,0.009,0.009,0.009,0.000,0.000
40,10,1.100,1.100,1.100,0.010,0.010,0.010,0.000,0.000
40,10,1.174,1.174,1.174,0.011,0.011,0.011,0.000,0.000
40,10,1.227,1.227,1.227,0.009,0.009,0.009,0.000,0.000
40,10,1.051,1.051,1.051,0.009,0.009,0.009,0.000,0.000
40,10,1.202,1.202,1.202,0.009,0.009,0.009,0.000,0.000
40,10,1.141,1.141,1.141,0.009,0.009,0.009,0.000,0.000
40,10,1.190,1.190,1.190,0.009,0.009,0.009,0.000,0.000
40,10,1.085,1.085,1.085,0.009,0.009,0.009,0.000,0.000
40,10,1.189,1.189,1.189,0.014,0.014,0.014,0.000,0.000
40,10,1.237,1.237,1.237,0.009,0.009,0.009,0.000,0.000
40,10,1.182,1.182,1.182,0.010,0.010,0.010,0.000,0.000
40,10,1.036,1.036,1.036,0.010,0.010,0.010,0.000,0.000
40,10,1.154,1.154,1.154,0.011,0.011,0.011,0.000,0.000
40,10,1.074,1.074,1.074,0.009,0.009,0.009,0.000,0.000
40,10,1.128,1.128,1.128,0.009,0.009,0.009,0.000,0.000
40,10,1.085,1.085,1.085,0.009,0.009,0.009,0.000,0.000
40,10,1.076,1.076,1.076,0.013,0.013,0.013,0.000,0.000
40,10,1.068,1.068,1.068,0.012,0.012,0.012,0.000,0.000
40,10,1.101,1.101,1.101,0.010,0.010,0.010,0.000,0.000
40,10,1.075,1.075,1.075,0.009,0.009,0.009,0.000,0.000
40,10,1.127,1.127,1.127,0.010,0.010,0.010,0.000,0.000
40,10,1.133,1.133,1.133,0.010,0.010,0.010,0.000,0.000
40,10,1.055,1.055,1.055,0.009,0.009,0.009,0.000,0.000
40,10,1.096,1.096,1.096,0.009,0.009,0.009,0.000,0.000
40,10,1.197,1.197,1.197,0.009,0.009,0.009,0.000,0.000
40,10,1.121,1.121,1.121,0.012,0.012,0.012,0.000,0.000
40,10,1.086,1.086,1.086,0.010,0.010,0.010,0.000,0.000
40,10,1.223,1.223,1.223,0.009,0.009,0.009,0.000,0.000
40,10,1.095,1.095,1.095,0.010,0.010,0.010,0.000,0.000
40,10,1.082,1.082,1.082,0.009,0.009,0.009,0.000,0.000
40,10,1.109,1.109,1.109,0.010,0.010,0.010,0.000,0.000
40,10,1.103,1.103,1.103,0.010,0.010,0.010,0.000,0.000
40,10,1.216,1.216,1.216,0.009,0.009,0.009,0.000,0.000
40,10,1.099,1.099,1.099,0.009,0.009,0.009,0.000,0.000
40,10,1.173,1.173,1.173,0.009,0.009,0.009,0.000,0.000
40,10,1.111,1.111,1.111,0.015,0.015,0.015,0.000,0.000
40,10,1.064,1.064,1.064,0.009,0.009,0.009,0.000,0.000
40,10,1.071,1.071,1.071,0.009,0.009,0.009,0.000,0.000
40,10,1.134,1.134,1.134,0.009,0.009,0.009,0.000,0.000
40,10,1.122,1.122,1.122,0.011,0.011,0.011,0.000,0.000
40,10,1.206,1.206,1.206,0.009,0.009,0.009,0.000,0.000
40,10,1.033,1.033,1.033,0.009,0.009,0.009,0.000,0.000
40,10,1.080,1.080,1.080,0.011,0.011,0.011,0.000,0.000
40,10,1.193,1.193,1.193,0.010,0.010,0.010,0.000,0.000
40,10,1.154,1.154,1.154,0.008,0.008,0.008,0.000,0.000
40,10,1.193,1.193,1.193,0.011,0.011,0.011,0.000,0.000
40,10,1.052,1.052,1.052,0.009,0.009,0.009,0.000,0.000
50,2,1.056,1.056,1.056,0.013,0.013,0.013,0.000,0.000
50,2,1.071,1.071,1.071,0.011,0.011,0.011,0.000,0.000
50,2,1.065,1.065,1.065,0.011,0.011,0.011,0.000,0.000
50,2,1.157,1.157,1.157,0.011,0.011,0.011,0.000,0.000
50,2,1.105,1.105,1.105,0.013,0.013,0.013,0.000,0.000
50,2,1.150,1.150,1.150,0.011,0.011,0.011,0.000,0.000
50,2,1.167,1.167,1.167,0.012,0.012,0.012,0.000,0.000
50,2,1.043,1.043,1.043,0.011,0.011,0.011,0.000,0.000
50,2,1.090,1.090,1.090,0.011,0.011,0.011,0.000,0.000
50,2,1.061,1.061,1.061,0.011,0.011,0.011,0.000,0.000
50,2,1.209,1.209,1.209,0.011,0.011,0.011,0.000,0.000
50,2,1.064,1.064,1.064,0.014,0.014,0.014,0.000,0.000
50,2,1.018,1.018,1.018,0.011,0.011,0.011,0.000,0.000
50,2,1.081,1.081,1.081,0.015,0.015,0.015,0.000,0.000
50,2,1.437,1.437,1.437,0.013,0.013,0.013,0.000,0.000
50,2,1.093,1.093,1.093,0.011,0.011,0.011,0.000,0.000
50,2,1.219,1.219,1.219,0.012,0.012,0.012,0.000,0.000
50,2,1.098,1.098,1.098,0.016,0.016,0.016,0.000,0.000
50,2,1.074,1.074,1.074,0.019,0.019,0.019,0.000,0.000
50,2,1.054,1.054,1.054,0.011,0.011,0.011,0.000,0.000
50,2,1.201,1.201,1.201,0.012,0.012,0.012,0.000,0.000
50,2,1.065,1.065,1.065,0.012,0.012,0.012,0.000,0.000
50,2,1.157,1.157,1.157,0.012,0.012,0.012,0.000,0.000
50,2,1.202,1.202,1.202,0.013,0.013,0.013,0.000,0.000
50,2,1.335,1.335,1.335,0.011,0.011,0.011,0.000,0.000
50,2,1.051,1.051,1.051,0.013,0.013,0.013,0.000,0.000
50,2,1.234,1.234,1.234,0.011,0.011,0.011,0.000,0.000
50,2,1.120,1.120,1.120,0.012,0.012,0.012,0.000,0.000
50,2,1.131,1.131,1.131,0.011,0.011,0.011,0.000,0.000
50,2,1.134,1.134,1.134,0.013,0.013,0.013,0.000,0.000
50,2,1.084,1.084,1.084,0.011,0.011,0.011,0.000,0.000
50,2,1.012,1.012,1.012,0.011,0.011,0.011,0.000,0.000
50,2,1.018,1.018,1.018,0.014,0.014,0.014,0.000,0.000
50,2,1.163,1.163,1.163,0.013,0.013,0.013,0.000,0.000
50,2,1.135,1.135,1.135,0.012,0.012,0.012,0.000,0.000
50,2,1.074,1.074,1.074,0.012,0.012,0.012,0.000,0.000
50,2,1.119,1.119,1.119,0.012,0.012,0.012,0.000,0.000
50,2,1.162,1.162,1.162,0.015,0.015,0.015,0.000,0.000
50,2,1.060,1.060,1.060,0.011,0.011,0.011,0.000,0.000
50,2,1.151,1.151,1.151,0.012,0.012,0.012,0.000,0.000
50,2,1.098,1.098,1.098,0.013,0.013,0.013,0.000,0.000
50,2,1.140,1.140,1.140,0.019,0.019,0.019,0.000,0.000
50,2,1.090,1.090,1.090,0.011,0.011,0.011,0.000,0.000
50,2,1.136,1.136,1.136,0.012,0.012,0.012,0.000,0.000
50,2,1.073,1.073,1.073,0.012,0.012,0.012,0.000,0.000
50,2,1.004,1.004,1.004,0.015,0.015,0.015,0.000,0.000
50,2,1.126,1.126,1.126,0.011,0.011,0.011,0.000,0.000
50,2,1.150,1.150,1.150,0.012,0.012,0.012,0.000,0.000
50,2,1.108,1.108,1.108,0.012,0.012,0.012,0.000,0.000
50,2,1.057,1.057,1.057,0.011,0.011,0.011,0.000,0.000
50,2,1.142,1.142,1.142,0.015,0.015,0.015,0.000,0.000
50,2,1.010,1.010,1.010,0.013,0.013,0.013,0.000,0.000
50,2,1.100,1.100,1.100,0.011,0.011,0.011,0.000,0.000
50,2,1.081,1.081,1.081,0.016,0.016,0.016,0.000,0.000
50,2,1.322,1.322,1.322,0.013,0.013,0.013,0.000,0.000
50,2,1.088,1.088,1.088,0.011,0.011,0.011,0.000,0.000
50,2,1.123,1.123,1.123,0.013,0.013,0.013,0.000,0.000
50,2,1.159,1.159,1.159,0.012,0.012,0.012,0.000,0.000
50,2,1.089,1.089,1.089,0.012,0.012,0.012,0.000,0.000
50,2,1.021,1.021,1.021,0.013,0.013,0.013,0.000,0.000
50,2,1.197,1.197,1.197,0.012,0.012,0.012,0.000,0.000
50,2,1.122,1.122,1.122,0.013,0.013,0.013,0.000,0.000
50,2,1.018,1.018,1.018,0.013,0.013,0.013,0.000,0.000
50,2,1.065,1.065,1.065,0.013,0.013,0.013,0.000,0.000
50,2,1.034,1.034,1.034,0.013,0.013,0.013,0.000,0.000
50,2,1.063,1.063,1.063,0.014,0.014,0.014,0.000,0.000
50,2,1.037,1.037,1.037,0.011,0.011,0.011,0.000,0.000
50,2,1.189,1.189,1.189,0.013,0.013,0.013,0.000,0.000
50,2,1.085,1.085,1.085,0.011,0.011,0.011,0.000,0.000
50,2,1.174,1.174,1.174,0.012,0.012,0.012,0.000,0.000
50,2,1.051,1.051,1.051,0.011,0.011,0.011,0.000,0.000
50,2,1.000,1.000,1.000,0.012,0.012,0.012,0.000,0.000
50,2,1.165,1.165,1.165,0.011,0.011,0.011,0.000,0.000
50,2,1.132,1.132,1.132,0.012,0.012,0.012,0.000,0.000
50,2,1.063,1.063,1.063,0.012,0.012,0.012,0.000,0.000
50,2,1.022,1.022,1.022,0.012,0.012,0.012,0.000,0.000
50,2,1.106,1.106,1.106,0.015,0.015,0.015,0.000,0.000
50,2,1.078,1.078,1.078,0.013,0.013,0.013,0.000,0.000
50,2,1.106,1.106,1.106,0.012,0.012,0.012,0.000,0.000
50,2,1.119,1.119,1.119,0.011,0.011,0.011,0.000,0.000
50,2,1.017,1.017,1.017,0.013,0.013,0.013,0.000,0.000
50,2,1.167,1.167,1.167,0.012,0.012,0.012,0.000,0.000
50,2,1.225,1.225,1.225,0.013,0.013,0.013,0.000,0.000
50,2,1.249,1.249,1.249,0.014,0.014,0.014,0.000,0.000
50,2,1.055,1.055,1.055,0.011,0.011,0.011,0.000,0.000
50,2,1.095,1.095,1.095,0.013,0.013,0.013,0.000,0.000
50,2,1.008,1.008,1.008,0.014,0.014,0.014,0.000,0.000
50,2,1.060,1.060,1.060,0.015,0.015,0.015,0.000,0.000
50,2,1.051,1.051,1.051,0.015,0.015,0.015,0.000,0.000
50,2,1.052,1.052,1.052,0.011,0.011,0.011,0.000,0.000
50,2,1.058,1.058,1.058,0.012,0.012,0.012,0.000,0.000
50,2,1.041,1.041,1.041,0.014,0.014,0.014,0.000,0.000
50,2,1.295,1.295,1.295,0.012,0.012,0.012,0.000,0.000
50,2,1.009,1.009,1.009,0.012,0.012,0.012,0.000,0.000
50,2,1.095,1.095,1.095,0.011,0.011,0.011,0.000,0.000
50,2,1.111,1.111,1.111,0.016,0.016,0.016,0.000,0.000
50,2,1.234,1.234,1.234,0.012,0.012,0.012,0.000,0.000
50,2,1.180,1.180,1.180,0.011,0.011,0.011,0.000,0.000
50,2,1.042,1.042,1.042,0.013,0.013,0.013,0.000,0.000
50,2,1.033,1.033,1.033,0.012,0.012,0.012,0.000,0.000
50,3,1.198,1.198,1.198,0.011,0.011,0.011,0.000,0.000
50,3,1.138,1.138,1.138,0.011,0.011,0.011,0.000,0.000
50,3,1.149,1.149,1.149,0.012,0.012,0.012,0.000,0.000
50,3,1.092,1.092,1.092,0.014,0.014,0.014,0.000,0.000
50,3,1.066,1.066,1.066,0.011,0.011,0.011,0.000,0.000
50,3,1.119,1.119,1.119,0.011,0.011,0.011,0.000,0.000
50,3,1.194,1.194,1.194,0.013,0.013,0.013,0.000,0.000
50,3,1.010,1.010,1.010,0.013,0.013,0.013,0.000,0.000
50,3,1.147,1.147,1.147,0.015,0.015,0.015,0.000,0.000
50,3,1.123,1.123,1.123,0.015,0.015,0.015,0.000,0.000
50,3,1.093,1.093,1.093,0.013,0.013,0.013,0.000,0.000
50,3,1.054,1.054,1.054,0.011,0.011,0.011,0.000,0.000
50,3,1.018,1.018,1.018,0.011,0.011,0.011,0.000,0.000
50,3,1.150,1.150,1.150,0.015,0.015,0.015,0.000,0.000
50,3,1.016,1.016,1.016,0.014,0.014,0.014,0.000,0.000
50,3,1.069,1.069,1.069,0.011,0.011,0.011,0.000,0.000
50,3,1.190,1.190,1.190,0.012,0.012,0.012,0.000,0.000
50,3,1.205,1.205,1.205,0.011,0.011,0.011,0.000,0.000
50,3,1.104,1.104,1.104,0.011,0.011,0.011,0.000,0.000
50,3,1.034,1.034,1.034,0.015,0.015,0.015,0.000,0.000
50,3,1.149,1.149,1.149,0.013,0.013,0.013,0.000,0.000
50,3,1.068,1.068,1.068,0.017,0.017,0.017,0.000,0.000
50,3,1.149,1.149,1.149,0.011,0.011,0.011,0.000,0.000
50,3,1.165,1.165,1.165,0.012,0.012,0.012,0.000,0.000
50,3,1.145,1.145,1.145,0.011,0.011,0.011,0.000,0.000
50,3,1.160,1.160,1.160,0.011,0.011,0.011,0.000,0.000
50,3,1.125,1.125,1.125,0.012,0.012,0.012,0.000,0.000
50,3,1.189,1.189,1.189,0.014,0.014,0.014,0.000,0.000
50,3,1.078,1.078,1.078,0.012,0.012,0.012,0.000,0.000
50,3,1.086,1.086,1.086,0.011,0.011,0.011,0.000,0.000
50,3,1.102,1.102,1.102,0.012,0.012,0.012,0.000,0.000
50,3,1.019,1.019,1.019,0.013,0.013,0.013,0.000,0.000
50,3,1.054,1.054,1.054,0.011,0.011,0.011,0.000,0.000
50,3,1.033,1.033,1.033,0.012,0.012,0.012,0.000,0.000
50,3,1.014,1.014,1.014,0.023,0.023,0.023,0.000,0.000
50,3,1.186,1.186,1.186,0.013,0.013,0.013,0.000,0.000
50,3,1.025,1.025,1.025,0.013,0.013,0.013,0.000,0.000
50,3,1.024,1.024,1.024,0.014,0.014,0.014,0.000,0.000
50,3,1.106,1.106,1.106,0.012,0.012,0.012,0.000,0.000
50,3,1.083,1.083,1.083,0.017,0.017,0.017,0.000,0.000
50,3,1.006,1.006,1.006,0.011,0.011,0.011,0.000,0.000
50,3,1.026,1.026,1.026,0.012,0.012,0.012,0.000,0.000
50,3,1.086,1.086,1.086,0.012,0.012,0.012,0.000,0.000
50,3,1.128,1.128,1.128,0.012,0.012,0.012,0.000,0.000
50,3,1.093,1.093,1.093,0.012,0.012,0.012,0.000,0.000
50,3,1.122,1.122,1.122,0.011,0.011,0.011,0.000,0.000
50,3,1.179,1.179,1.179,0.012,0.012,0.012,0.000,0.000
50,3,1.072,1.072,1.072,0.016,0.016,0.016,0.000,0.000
50,3,1.058,1.058,1.058,0.012,0.012,0.012,0.000,0.000
50,3,1.046,1.046,1.046,0.011,0.011,0.011,0.000,0.000
50,3,1.062,1.062,1.062,0.014,0.014,0.014,0.000,0.000
50,3,1.010,1.010,1.010,0.011,0.011,0.011,0.000,0.000
50,3,1.018,1.018,1.018,0.011,0.011,0.011,0.000,0.000
50,3,1.115,1.115,1.115,0.011,0.011,0.011,0.000,0.000
50,3,1.047,1.047,1.047,0.014,0.014,0.014,0.000,0.000
50,3,1.233,1.233,1.233,0.013,0.013,0.013,0.000,0.000
50,3,1.069,1.069,1.069,0.011,0.011,0.011,0.000,0.000
50,3,1.213,1.213,1.213,0.017,0.017,0.017,0.000,0.000
50,3,1.050,1.050,1.050,0.012,0.012,0.012,0.000,0.000
50,3,1.188,1.188,1.188,0.012,0.012,0.012,0.000,0.000
50,3,1.102,1.102,1.102,0.012,0.012,0.012,0.000,0.000
50,3,1.135,1.135,1.135,0.016,0.016,0.016,0.000,0.000
50,3,1.106,1.106,1.106,0.011,0.011,0.011,0.000,0.000
50,3,1.041,1.041,1.041,0.012,0.012,0.012,0.000,0.000
50,3,1.050,1.050,1.050,0.012,0.012,0.012,0.000,0.000
50,3,1.285,1.285,1.285,0.012,0.012,0.012,0.000,0.000
50,3,1.118,1.118,1.118,0.011,0.011,0.011,0.000,0.000
50,3,1.191,1.191,1.191,0.016,0.016,0.016,0.000,0.000
50,3,1.356,1.356,1.356,0.017,0.017,0.017,0.000,0.000
50,3,1.247,1.247,1.247,0.012,0.012,0.012,0.000,0.000
50,3,1.054,1.054,1.054,0.014,0.014,0.014,0.000,0.000
50,3,1.061,1.061,1.061,0.013,0.013,0.013,0.000,0.000
50,3,1.201,1.201,1.201,0.013,0.013,0.013,0.000,0.000
50,3,1.241,1.241,1.241,0.012,0.012,0.012,0.000,0.000
50,3,1.135,1.135,1.135,0.012,0.012,0.012,0.000,0.000
50,3,1.052,1.052,1.052,0.012,0.012,0.012,0.000,0.000
50,3,1.138,1.138,1.138,0.013,0.013,0.013,0.000,0.000
50,3,1.211,1.211,1.211,0.012,0.012,0.012,0.000,0.000
50,3,1.048,1.048,1.048,0.012,0.012,0.012,0.000,0.000
50,3,1.107,1.107,1.107,0.012,0.012,0.012,0.000,0.000
50,3,1.146,1.146,1.146,0.012,0.012,0.012,0.000,0.000
50,3,1.106,1.106,1.106,0.012,0.012,0.012,0.000,0.000
50,3,1.112,1.112,1.112,0.011,0.011,0.011,0.000,0.000
50,3,1.088,1.088,1.088,0.014,0.014,0.014,0.000,0.000
50,3,1.039,1.039,1.039,0.012,0.012,0.012,0.000,0.000
50,3,1.184,1.184,1.184,0.012,0.012,0.012,0.000,0.000
50,3,1.037,1.037,1.037,0.012,0.012,0.012,0.000,0.000
50,3,1.075,1.075,1.075,0.013,0.013,0.013,0.000,0.000
50,3,1.031,1.031,1.031,0.012,0.012,0.012,0.000,0.000
50,3,1.078,1.078,1.078,0.012,0.012,0.012,0.000,0.000
50,3,1.173,1.173,1.173,0.017,0.017,0.017,0.000,0.000
50,3,1.084,1.084,1.084,0.012,0.012,0.012,0.000,0.000
50,3,1.108,1.108,1.108,0.011,0.011,0.011,0.000,0.000
50,3,1.020,1.020,1.020,0.012,0.012,0.012,0.000,0.000
50,3,1.178,1.178,1.178,0.015,0.015,0.015,0.000,0.000
50,3,1.062,1.062,1.062,0.018,0.018,0.018,0.000,0.000
50,3,1.076,1.076,1.076,0.012,0.012,0.012,0.000,0.000
50,3,1.139,1.139,1.139,0.011,0.011,0.011,0.000,0.000
50,3,1.086,1.086,1.086,0.012,0.012,0.012,0.000,0.000
50,3,1.117,1.117,1.117,0.015,0.015,0.015,0.000,0.000
50,4,1.203,1.203,1.203,0.013,0.013,0.013,0.000,0.000
50,4,1.169,1.169,1.169,0.012,0.012,0.012,0.000,0.000
50,4,1.331,1.331,1.331,0.018,0.018,0.018,0.000,0.000
50,4,1.123,1.123,1.123,0.013,0.013,0.013,0.000,0.000
50,4,1.171,1.171,1.171,0.011,0.011,0.011,0.000,0.000
50,4,1.103,1.103,1.103,0.012,0.012,0.012,0.000,0.000
50,4,1.241,1.241,1.241,0.011,0.011,0.011,0.000,0.000
50,4,1.134,1.134,1.134,0.012,0.012,0.012,0.000,0.000
50,4,1.174,1.174,1.174,0.015,0.015,0.015,0.000,0.000
50,4,1.114,1.114,1.114,0.013,0.013,0.013,0.000,0.000
50,4,1.144,1.144,1.144,0.011,0.011,0.011,0.000,0.000
50,4,1.164,1.164,1.164,0.011,0.011,0.011,0.000,0.000
50,4,1.063,1.063,1.063,0.011,0.011,0.011,0.000,0.000
50,4,1.048,1.048,1.048,0.014,0.014,0.014,0.000,0.000
50,4,1.069,1.069,1.069,0.013,0.013,0.013,0.000,0.000
50,4,1.035,1.035,1.035,0.016,0.016,0.016,0.000,0.000
50,4,1.064,1.064,1.064,0.017,0.017,0.017,0.000,0.000
50,4,1.073,1.073,1.073,0.013,0.013,0.013,0.000,0.000
50,4,1.029,1.029,1.029,0.011,0.011,0.011,0.000,0.000
50,4,1.177,1.177,1.177,0.011,0.011,0.011,0.000,0.000
50,4,1.057,1.057,1.057,0.012,0.012,0.012,0.000,0.000
50,4,1.300,1.300,1.300,0.012,0.012,0.012,0.000,0.000
50,4,1.026,1.026,1.026,0.014,0.014,0.014,0.000,0.000
50,4,1.037,1.037,1.037,0.012,0.012,0.012,0.000,0.000
50,4,1.183,1.183,1.183,0.013,0.013,0.013,0.000,0.000
50,4,1.055,1.055,1.055,0.012,0.012,0.012,0.000,0.000
50,4,1.133,1.133,1.133,0.014,0.014,0.014,0.000,0.000
50,4,1.117,1.117,1.117,0.011,0.011,0.011,0.000,0.000
50,4,1.111,1.111,1.111,0.012,0.012,0.012,0.000,0.000
50,4,1.050,1.050,1.050,0.013,0.013,0.013,0.000,0.000
50,4,1.029,1.029,1.029,0.015,0.015,0.015,0.000,0.000
50,4,1.076,1.076,1.076,0.012,0.012,0.012,0.000,0.000
50,4,1.102,1.102,1.102,0.014,0.014,0.014,0.000,0.000
50,4,1.194,1.194,1.194,0.018,0.018,0.018,0.000,0.000
50,4,1.095,1.095,1.095,0.011,0.011,0.011,0.000,0.000
50,4,1.274,1.274,1.274,0.017,0.017,0.017,0.000,0.000
50,4,1.129,1.129,1.129,0.013,0.013,0.013,0.000,0.000
50,4,1.101,1.101,1.101,0.016,0.016,0.016,0.000,0.000
50,4,1.185,1.185,1.185,0.011,0.011,0.011,0.000,0.000
50,4,1.115,1.115,1.115,0.012,0.012,0.012,0.000,0.000
50,4,1.201,1.201,1.201,0.011,0.011,0.011,0.000,0.000
50,4,1.099,1.099,1.099,0.018,0.018,0.018,0.000,0.000
50,4,1.112,1.112,1.112,0.018,0.018,0.018,0.000,0.000
50,4,1.050,1.050,1.050,0.014,0.014,0.014,0.000,0.000
50,4,1.135,1.135,1.135,0.015,0.015,0.015,0.000,0.000
50,4,1.050,1.050,1.050,0.012,0.012,0.012,0.000,0.000
50,4,1.114,1.114,1.114,0.013,0.013,0.013,0.000,0.000
50,4,1.071,1.071,1.071,0.018,0.018,0.018,0.000,0.000
50,4,1.102,1.102,1.102,0.012,0.012,0.012,0.000,0.000
50,4,1.046,1.046,1.046,0.011,0.011,0.011,0.000,0.000
50,4,1.076,1.076,1.076,0.012,0.012,0.012,0.000,0.000
50,4,1.011,1.011,1.011,0.011,0.011,0.011,0.000,0.000
50,4,1.104,1.104,1.104,0.012,0.012,0.012,0.000,0.000
50,4,1.095,1.095,1.095,0.011,0.011,0.011,0.000,0.000
50,4,1.083,1.083,1.083,0.011,0.011,0.011,0.000,0.000
50,4,1.134,1.134,1.134,0.011,0.011,0.011,0.000,0.000
50,4,1.189,1.189,1.189,0.013,0.013,0.013,0.000,0.000
50,4,1.061,1.061,1.061,0.011,0.011,0.011,0.000,0.000
50,4,1.318,1.318,1.318,0.012,0.012,0.012,0.000,0.000
50,4,1.240,1.240,1.240,0.011,0.011,0.011,0.000,0.000
50,4,1.038,1.038,1.038,0.014,0.014,0.014,0.000,0.000
50,4,1.157,1.157,1.157,0.011,0.011,0.011,0.000,0.000
50,4,1.064,1.064,1.064,0.012,0.012,0.012,0.000,0.000
50,4,1.070,1.070,1.070,0.011,0.011,0.011,0.000,0.000
50,4,1.151,1.151,1.151,0.011,0.011,0.011,0.000,0.000
50,4,1.217,1.217,1.217,0.013,0.013,0.013,0.000,0.000
50,4,1.238,1.238,1.238,0.015,0.015,0.015,0.000,0.000
50,4,1.208,1.208,1.208,0.011,0.011,0.011,0.000,0.000
50,4,1.035,1.035,1.035,0.012,0.012,0.012,0.000,0.000
50,4,1.228,1.228,1.228,0.012,0.012,0.012,0.000,0.000
50,4,1.123,1.123,1.123,0.011,0.011,0.011,0.000,0.000
50,4,1.137,1.137,1.137,0.011,0.011,0.011,0.000,0.000
50,4,1.004,1.004,1.004,0.015,0.015,0.015,0.000,0.000
50,4,1.061,1.061,1.061,0.011,0.011,0.011,0.000,0.000
50,4,1.045,1.045,1.045,0.011,0.011,0.011,0.000,0.000
50,4,1.307,1.307,1.307,0.016,0.016,0.016,0.000,0.000
50,4,1.081,1.081,1.081,0.011,0.011,0.011,0.000,0.000
50,4,1.005,1.005,1.005,0.012,0.012,0.012,0.000,0.000
50,4,1.060,1.060,1.060,0.015,0.015,0.015,0.000,0.000
50,4,1.052,1.052,1.052,0.012,0.012,0.012,0.000,0.000
50,4,1.035,1.035,1.035,0.011,0.011,0.011,0.000,0.000
50,4,1.134,1.134,1.134,0.016,0.016,0.016,0.000,0.000
50,4,1.136,1.136,1.136,0.011,0.011,0.011,0.000,0.000
50,4,1.089,1.089,1.089,0.012,0.012,0.012,0.000,0.000
50,4,1.139,1.139,1.139,0.016,0.016,0.016,0.000,0.000
50,4,1.083,1.083,1.083,0.011,0.011,0.011,0.000,0.000
50,4,1.165,1.165,1.165,0.013,0.013,0.013,0.000,0.000
50,4,1.052,1.052,1.052,0.011,0.011,0.011,0.000,0.000
50,4,1.231,1.231,1.231,0.012,0.012,0.012,0.000,0.000
50,4,1.136,1.136,1.136,0.014,0.014,0.014,0.000,0.000
50,4,1.155,1.155,1.155,0.012,0.012,0.012,0.000,0.000
50,4,1.040,1.040,1.040,0.012,0.012,0.012,0.000,0.000
50,4,1.248,1.248,1.248,0.012,0.012,0.012,0.000,0.000
50,4,1.063,1.063,1.063,0.014,0.014,0.014,0.000,0.000
50,4,1.109,1.109,1.109,0.012,0.012,0.012,0.000,0.000
50,4,1.131,1.131,1.131,0.012,0.012,0.012,0.000,0.000
50,4,1.223,1.223,1.223,0.012,0.012,0.012,0.000,0.000
50,4,1.040,1.040,1.040,0.013,0.013,0.013,0.000,0.000
50,4,1.425,1.425,1.425,0.011,0.011,0.011,0.000,0.000
50,4,1.085,1.085,1.085,0.016,0.016,0.016,0.000,0.000
50,5,1.195,1.195,1.195,0.015,0.015,0.015,0.000,0.000
50,5,1.094,1.094,1.094,0.013,0.013,0.013,0.000,0.000
50,5,1.093,1.093,1.093,0.012,0.012,0.012,0.000,0.000
50,5,1.052,1.052,1.052,0.015,0.015,0.015,0.000,0.000
50,5,1.067,1.067,1.067,0.011,0.011,0.011,0.000,0.000
50,5,1.104,1.104,1.104,0.012,0.012,0.012,0.000,0.000
50,5,1.095,1.095,1.095,0.013,0.013,0.013,0.000,0.000
50,5,1.075,1.075,1.075,0.011,0.011,0.011,0.000,0.000
50,5,1.110,1.110,1.110,0.011,0.011,0.011,0.000,0.000
50,5,1.285,1.285,1.285,0.015,0.015,0.015,0.000,0.000
50,5,1.075,1.075,1.075,0.012,0.012,0.012,0.000,0.000
50,5,1.056,1.056,1.056,0.018,0.018,0.018,0.000,0.000
50,5,1.047,1.047,1.047,0.014,0.014,0.014,0.000,0.000
50,5,1.119,1.119,1.119,0.011,0.011,0.011,0.000,0.000
50,5,1.263,1.263,1.263,0.014,0.014,0.014,0.000,0.000
50,5,1.106,1.106,1.106,0.014,0.014,0.014,0.000,0.000
50,5,1.055,1.055,1.055,0.012,0.012,0.012,0.000,0.000
50,5,1.083,1.083,1.083,0.011,0.011,0.011,0.000,0.000
50,5,1.102,1.102,1.102,0.016,0.016,0.016,0.000,0.000
50,5,1.138,1.138,1.138,0.014,0.014,0.014,0.000,0.000
50,5,1.069,1.069,1.069,0.012,0.012,0.012,0.000,0.000
50,5,1.232,1.232,1.232,0.017,0.017,0.017,0.000,0.000
50,5,1.170,1.170,1.170,0.013,0.013,0.013,0.000,0.000
50,5,1.000,1.000,1.000,0.011,0.011,0.011,0.000,0.000
50,5,1.082,1.082,1.082,0.012,0.012,0.012,0.000,0.000
50,5,1.205,1.205,1.205,0.011,0.011,0.011,0.000,0.000
50,5,1.094,1.094,1.094,0.013,0.013,0.013,0.000,0.000
50,5,1.085,1.085,1.085,0.012,0.012,0.012,0.000,0.000
50,5,1.021,1.021,1.021,0.014,0.014,0.014,0.000,0.000
50,5,1.176,1.176,1.176,0.016,0.016,0.016,0.000,0.000
50,5,1.335,1.335,1.335,0.017,0.017,0.017,0.000,0.000
50,5,1.070,1.070,1.070,0.011,0.011,0.011,0.000,0.000
50,5,1.197,1.197,1.197,0.013,0.013,0.013,0.000,0.000
50,5,1.118,1.118,1.118,0.011,0.011,0.011,0.000,0.000
50,5,1.158,1.158,1.158,0.012,0.012,0.012,0.000,0.000
50,5,1.208,1.208,1.208,0.014,0.014,0.014,0.000,0.000
50,5,1.118,1.118,1.118,0.014,0.014,0.014,0.000,0.000
50,5,1.127,1.127,1.127,0.012,0.012,0.012,0.000,0.000
50,5,1.078,1.078,1.078,0.012,0.012,0.012,0.000,0.000
50,5,1.069,1.069,1.069,0.014,0.014,0.014,0.000,0.000
50,5,1.102,1.102,1.102,0.019,0.019,0.019,0.000,0.000
50,5,1.100,1.100,1.100,0.012,0.012,0.012,0.000,0.000
50,5,1.090,1.090,1.090,0.013,0.013,0.013,0.000,0.000
50,5,1.163,1.163,1.163,0.015,0.015,0.015,0.000,0.000
50,5,1.070,1.070,1.070,0.015,0.015,0.015,0.000,0.000
50,5,1.074,1.074,1.074,0.011,0.011,0.011,0.000,0.000
50,5,1.066,1.066,1.066,0.014,0.014,0.014,0.000,0.000
50,5,1.056,1.056,1.056,0.011,0.011,0.011,0.000,0.000
50,5,1.068,1.068,1.068,0.014,0.014,0.014,0.000,0.000
50,5,1.080,1.080,1.080,0.013,0.013,0.013,0.000,0.000
50,5,1.071,1.071,1.071,0.012,0.012,0.012,0.000,0.000
50,5,1.189,1.189,1.189,0.012,0.012,0.012,0.000,0.000
50,5,1.090,1.090,1.090,0.013,0.013,0.013,0.000,0.000
50,5,1.084,1.084,1.084,0.011,0.011,0.011,0.000,0.000
50,5,1.182,1.182,1.182,0.017,0.017,0.017,0.000,0.000
50,5,1.145,1.145,1.145,0.012,0.012,0.012,0.000,0.000
50,5,1.144,1.144,1.144,0.015,0.015,0.015,0.000,0.000
50,5,1.179,1.179,1.179,0.013,0.013,0.013,0.000,0.000
50,5,1.147,1.147,1.147,0.014,0.014,0.014,0.000,0.000
50,5,1.119,1.119,1.119,0.016,0.016,0.016,0.000,0.000
50,5,1.082,1.082,1.082,0.011,0.011,0.011,0.000,0.000
50,5,1.233,1.233,1.233,0.017,0.017,0.017,0.000,0.000
50,5,1.079,1.079,1.079,0.012,0.012,0.012,0.000,0.000
50,5,1.145,1.145,1.145,0.012,0.012,0.012,0.000,0.000
50,5,1.033,1.033,1.033,0.011,0.011,0.011,0.000,0.000
50,5,1.099,1.099,1.099,0.011,0.011,0.011,0.000,0.000
50,5,1.118,1.118,1.118,0.017,0.017,0.017,0.000,0.000
50,5,1.174,1.174,1.174,0.012,0.012,0.012,0.000,0.000
50,5,1.120,1.120,1.120,0.012,0.012,0.012,0.000,0.000
50,5,1.127,1.127,1.127,0.016,0.016,0.016,0.000,0.000
50,5,1.107,1.107,1.107,0.011,0.011,0.011,0.000,0.000
50,5,1.054,1.054,1.054,0.012,0.012,0.012,0.000,0.000
50,5,1.110,1.110,1.110,0.014,0.014,0.014,0.000,0.000
50,5,1.068,1.068,1.068,0.011,0.011,0.011,0.000,0.000
50,5,1.101,1.101,1.101,0.012,0.012,0.012,0.000,0.000
50,5,1.223,1.223,1.223,0.012,0.012,0.012,0.000,0.000
50,5,1.052,1.052,1.052,0.011,0.011,0.011,0.000,0.000
50,5,1.325,1.325,1.325,0.015,0.015,0.015,0.000,0.000
50,5,1.171,1.171,1.171,0.015,0.015,0.015,0.000,0.000
50,5,1.149,1.149,1.149,0.013,0.013,0.013,0.000,0.000
50,5,1.102,1.102,1.102,0.011,0.011,0.011,0.000,0.000
50,5,1.175,1.175,1.175,0.011,0.011,0.011,0.000,0.000
50,5,1.050,1.050,1.050,0.016,0.016,0.016,0.000,0.000
50,5,1.135,1.135,1.135,0.013,0.013,0.013,0.000,0.000
50,5,1.185,1.185,1.185,0.011,0.011,0.011,0.000,0.000
50,5,1.040,1.040,1.040,0.013,0.013,0.013,0.000,0.000
50,5,1.110,1.110,1.110,0.012,0.012,0.012,0.000,0.000
50,5,1.031,1.031,1.031,0.013,0.013,0.013,0.000,0.000
50,5,1.174,1.174,1.174,0.012,0.012,0.012,0.000,0.000
50,5,1.175,1.175,1.175,0.012,0.012,0.012,0.000,0.000
50,5,1.192,1.192,1.192,0.018,0.018,0.018,0.000,0.000
50,5,1.106,1.106,1.106,0.014,0.014,0.014,0.000,0.000
50,5,1.104,1.104,1.104,0.014,0.014,0.014,0.000,0.000
50,5,1.244,1.244,1.244,0.013,0.013,0.013,0.000,0.000
50,5,1.043,1.043,1.043,0.011,0.011,0.011,0.000,0.000
50,5,1.030,1.030,1.030,0.013,0.013,0.013,0.000,0.000
50,5,1.093,1.093,1.093,0.011,0.011,0.011,0.000,0.000
50,5,1.196,1.196,1.196,0.012,0.012,0.012,0.000,0.000
50,5,1.045,1.045,1.045,0.012,0.012,0.012,0.000,0.000
50,5,1.165,1.165,1.165,0.011,0.011,0.011,0.000,0.000
50,6,1.110,1.110,1.110,0.012,0.012,0.012,0.000,0.000
50,6,1.106,1.106,1.106,0.013,0.013,0.013,0.000,0.000
50,6,1.117,1.117,1.117,0.013,0.013,0.013,0.000,0.000
50,6,1.173,1.173,1.173,0.014,0.014,0.014,0.000,0.000
50,6,1.137,1.137,1.137,0.013,0.013,0.013,0.000,0.000
50,6,1.156,1.156,1.156,0.012,0.012,0.012,0.000,0.000
50,6,1.157,1.157,1.157,0.014,0.014,0.014,0.000,0.000
50,6,1.022,1.022,1.022,0.012,0.012,0.012,0.000,0.000
50,6,1.107,1.107,1.107,0.014,0.014,0.014,0.000,0.000
50,6,1.149,1.149,1.149,0.016,0.016,0.016,0.000,0.000
50,6,1.089,1.089,1.089,0.016,0.016,0.016,0.000,0.000
50,6,1.192,1.192,1.192,0.011,0.011,0.011,0.000,0.000
50,6,1.119,1.119,1.119,0.015,0.015,0.015,0.000,0.000
50,6,1.209,1.209,1.209,0.012,0.012,0.012,0.000,0.000
50,6,1.154,1.154,1.154,0.012,0.012,0.012,0.000,0.000
50,6,1.104,1.104,1.104,0.017,0.017,0.017,0.000,0.000
50,6,1.200,1.200,1.200,0.013,0.013,0.013,0.000,0.000
50,6,1.053,1.053,1.053,0.014,0.014,0.014,0.000,0.000
50,6,1.299,1.299,1.299,0.013,0.013,0.013,0.000,0.000
50,6,1.082,1.082,1.082,0.014,0.014,0.014,0.000,0.000
50,6,1.020,1.020,1.020,0.013,0.013,0.013,0.000,0.000
50,6,1.060,1.060,1.060,0.012,0.012,0.012,0.000,0.000
50,6,1.116,1.116,1.116,0.011,0.011,0.011,0.000,0.000
50,6,1.186,1.186,1.186,0.012,0.012,0.012,0.000,0.000
50,6,1.170,1.170,1.170,0.014,0.014,0.014,0.000,0.000
50,6,1.066,1.066,1.066,0.015,0.015,0.015,0.000,0.000
50,6,1.286,1.286,1.286,0.019,0.019,0.019,0.000,0.000
50,6,1.064,1.064,1.064,0.013,0.013,0.013,0.000,0.000
50,6,1.075,1.075,1.075,0.012,0.012,0.012,0.000,0.000
50,6,1.062,1.062,1.062,0.011,0.011,0.011,0.000,0.000
50,6,1.145,1.145,1.145,0.011,0.011,0.011,0.000,0.000
50,6,1.104,1.104,1.104,0.013,0.013,0.013,0.000,0.000
50,6,1.115,1.115,1.115,0.012,0.012,0.012,0.000,0.000
50,6,1.245,1.245,1.245,0.017,0.017,0.017,0.000,0.000
50,6,1.168,1.168,1.168,0.012,0.012,0.012,0.000,0.000
50,6,1.145,1.145,1.145,0.014,0.014,0.014,0.000,0.000
50,6,1.106,1.106,1.106,0.015,0.015,0.015,0.000,0.000
50,6,1.086,1.086,1.086,0.012,0.012,0.012,0.000,0.000
50,6,1.214,1.214,1.214,0.012,0.012,0.012,0.000,0.000
50,6,1.060,1.060,1.060,0.012,0.012,0.012,0.000,0.000
50,6,1.143,1.143,1.143,0.011,0.011,0.011,0.000,0.000
50,6,1.036,1.036,1.036,0.011,0.011,0.011,0.000,0.000
50,6,1.264,1.264,1.264,0.014,0.014,0.014,0.000,0.000
50,6,1.077,1.077,1.077,0.011,0.011,0.011,0.000,0.000
50,6,1.203,1.203,1.203,0.020,0.020,0.020,0.000,0.000
50,6,1.170,1.170,1.170,0.012,0.012,0.012,0.000,0.000
50,6,1.154,1.154,1.154,0.012,0.012,0.012,0.000,0.000
50,6,1.166,1.166,1.166,0.015,0.015,0.015,0.000,0.000
50,6,1.067,1.067,1.067,0.011,0.011,0.011,0.000,0.000
50,6,1.186,1.186,1.186,0.013,0.013,0.013,0.000,0.000
50,6,1.051,1.051,1.051,0.013,0.013,0.013,0.000,0.000
50,6,1.196,1.196,1.196,0.011,0.011,0.011,0.000,0.000
50,6,1.111,1.111,1.111,0.016,0.016,0.016,0.000,0.000
50,6,1.115,1.115,1.115,0.011,0.011,0.011,0.000,0.000
50,6,1.164,1.164,1.164,0.015,0.015,0.015,0.000,0.000
50,6,1.178,1.178,1.178,0.013,0.013,0.013,0.000,0.000
50,6,1.312,1.312,1.312,0.014,0.014,0.014,0.000,0.000
50,6,1.071,1.071,1.071,0.011,0.011,0.011,0.000,0.000
50,6,1.114,1.114,1.114,0.015,0.015,0.015,0.000,0.000
50,6,1.106,1.106,1.106,0.013,0.013,0.013,0.000,0.000
50,6,1.112,1.112,1.112,0.012,0.012,0.012,0.000,0.000
50,6,1.082,1.082,1.082,0.012,0.012,0.012,0.000,0.000
50,6,1.075,1.075,1.075,0.011,0.011,0.011,0.000,0.000
50,6,1.113,1.113,1.113,0.013,0.013,0.013,0.000,0.000
50,6,1.055,1.055,1.055,0.013,0.013,0.013,0.000,0.000
50,6,1.067,1.067,1.067,0.011,0.011,0.011,0.000,0.000
50,6,1.181,1.181,1.181,0.016,0.016,0.016,0.000,0.000
50,6,1.105,1.105,1.105,0.011,0.011,0.011,0.000,0.000
50,6,1.206,1.206,1.206,0.013,0.013,0.013,0.000,0.000
50,6,1.098,1.098,1.098,0.012,0.012,0.012,0.000,0.000
50,6,1.133,1.133,1.133,0.011,0.011,0.011,0.000,0.000
50,6,1.118,1.118,1.118,0.016,0.016,0.016,0.000,0.000
50,6,1.092,1.092,1.092,0.013,0.013,0.013,0.000,0.000
50,6,1.127,1.127,1.127,0.014,0.014,0.014,0.000,0.000
50,6,1.106,1.106,1.106,0.017,0.017,0.017,0.000,0.000
50,6,1.048,1.048,1.048,0.013,0.013,0.013,0.000,0.000
50,6,1.087,1.087,1.087,0.011,0.011,0.011,0.000,0.000
50,6,1.076,1.076,1.076,0.011,0.011,0.011,0.000,0.000
50,6,1.145,1.145,1.145,0.011,0.011,0.011,0.000,0.000
50,6,1.113,1.113,1.113,0.012,0.012,0.012,0.000,0.000
50,6,1.101,1.101,1.101,0.013,0.013,0.013,0.000,0.000
50,6,1.142,1.142,1.142,0.012,0.012,0.012,0.000,0.000
50,6,1.078,1.078,1.078,0.012,0.012,0.012,0.000,0.000
50,6,1.222,1.222,1.222,0.013,0.013,0.013,0.000,0.000
50,6,1.033,1.033,1.033,0.012,0.012,0.012,0.000,0.000
50,6,1.053,1.053,1.053,0.014,0.014,0.014,0.000,0.000
50,6,1.084,1.084,1.084,0.014,0.014,0.014,0.000,0.000
50,6,1.132,1.132,1.132,0.019,0.019,0.019,0.000,0.000
50,6,1.110,1.110,1.110,0.015,0.015,0.015,0.000,0.000
50,6,1.087,1.087,1.087,0.015,0.015,0.015,0.000,0.000
50,6,1.160,1.160,1.160,0.015,0.015,0.015,0.000,0.000
50,6,1.083,1.083,1.083,0.012,0.012,0.012,0.000,0.000
50,6,1.017,1.017,1.017,0.012,0.012,0.012,0.000,0.000
50,6,1.084,1.084,1.084,0.011,0.011,0.011,0.000,0.000
50,6,1.075,1.075,1.075,0.011,0.011,0.011,0.000,0.000
50,6,1.104,1.104,1.104,0.012,0.012,0.012,0.000,0.000
50,6,1.054,1.054,1.054,0.020,0.020,0.020,0.000,0.000
50,6,1.080,1.080,1.080,0.012,0.012,0.012,0.000,0.000
50,6,1.147,1.147,1.147,0.011,0.011,0.011,0.000,0.000
50,6,1.076,1.076,1.076,0.015,0.015,0.015,0.000,0.000
50,7,1.135,1.135,1.135,0.012,0.012,0.012,0.000,0.000
50,7,1.041,1.041,1.041,0.012,0.012,0.012,0.000,0.000
50,7,1.133,1.133,1.133,0.016,0.016,0.016,0.000,0.000
50,7,1.078,1.078,1.078,0.014,0.014,0.014,0.000,0.000
50,7,1.160,1.160,1.160,0.011,0.011,0.011,0.000,0.000
50,7,1.112,1.112,1.112,0.014,0.014,0.014,0.000,0.000
50,7,1.104,1.104,1.104,0.012,0.012,0.012,0.000,0.000
50,7,1.111,1.111,1.111,0.016,0.016,0.016,0.000,0.000
50,7,1.119,1.119,1.119,0.011,0.011,0.011,0.000,0.000
50,7,1.251,1.251,1.251,0.011,0.011,0.011,0.000,0.000
50,7,1.069,1.069,1.069,0.011,0.011,0.011,0.000,0.000
50,7,1.060,1.060,1.060,0.012,0.012,0.012,0.000,0.000
50,7,1.083,1.083,1.083,0.013,0.013,0.013,0.000,0.000
50,7,1.091,1.091,1.091,0.013,0.013,0.013,0.000,0.000
50,7,1.109,1.109,1.109,0.015,0.015,0.015,0.000,0.000
50,7,1.225,1.225,1.225,0.012,0.012,0.012,0.000,0.000
50,7,1.119,1.119,1.119,0.012,0.012,0.012,0.000,0.000
50,7,1.078,1.078,1.078,0.014,0.014,0.014,0.000,0.000
50,7,1.259,1.259,1.259,0.013,0.013,0.013,0.000,0.000
50,7,1.135,1.135,1.135,0.012,0.012,0.012,0.000,0.000
50,7,1.136,1.136,1.136,0.011,0.011,0.011,0.000,0.000
50,7,1.151,1.151,1.151,0.012,0.012,0.012,0.000,0.000
50,7,1.095,1.095,1.095,0.013,0.013,0.013,0.000,0.000
50,7,1.061,1.061,1.061,0.013,0.013,0.013,0.000,0.000
50,7,1.063,1.063,1.063,0.011,0.011,0.011,0.000,0.000
50,7,1.144,1.144,1.144,0.013,0.013,0.013,0.000,0.000
50,7,1.228,1.228,1.228,0.013,0.013,0.013,0.000,0.000
50,7,1.124,1.124,1.124,0.012,0.012,0.012,0.000,0.000
50,7,1.113,1.113,1.113,0.012,0.012,0.012,0.000,0.000
50,7,1.228,1.228,1.228,0.013,0.013,0.013,0.000,0.000
50,7,1.291,1.291,1.291,0.012,0.012,0.012,0.000,0.000
50,7,1.312,1.312,1.312,0.012,0.012,0.012,0.000,0.000
50,7,1.145,1.145,1.145,0.012,0.012,0.012,0.000,0.000
50,7,1.059,1.059,1.059,0.012,0.012,0.012,0.000,0.000
50,7,1.045,1.045,1.045,0.011,0.011,0.011,0.000,0.000
50,7,1.052,1.052,1.052,0.017,0.017,0.017,0.000,0.000
50,7,1.299,1.299,1.299,0.012,0.012,0.012,0.000,0.000
50,7,1.081,1.081,1.081,0.011,0.011,0.011,0.000,0.000
50,7,1.134,1.134,1.134,0.014,0.014,0.014,0.000,0.000
50,7,1.183,1.183,1.183,0.013,0.013,0.013,0.000,0.000
50,7,1.174,1.174,1.174,0.014,0.014,0.014,0.000,0.000
50,7,1.161,1.161,1.161,0.012,0.012,0.012,0.000,0.000
50,7,1.043,1.043,1.043,0.012,0.012,0.012,0.000,0.000
50,7,1.135,1.135,1.135,0.012,0.012,0.012,0.000,0.000
50,7,1.047,1.047,1.047,0.012,0.012,0.012,0.000,0.000
50,7,1.100,1.100,1.100,0.013,0.013,0.013,0.000,0.000
50,7,1.133,1.133,1.133,0.012,0.012,0.012,0.000,0.000
50,7,1.206,1.206,1.206,0.011,0.011,0.011,0.000,0.000
50,7,1.042,1.042,1.042,0.013,0.013,0.013,0.000,0.000
50,7,1.094,1.094,1.094,0.016,0.016,0.016,0.000,0.000
50,7,1.061,1.061,1.061,0.012,0.012,0.012,0.000,0.000
50,7,1.244,1.244,1.244,0.012,0.012,0.012,0.000,0.000
50,7,1.151,1.151,1.151,0.011,0.011,0.011,0.000,0.000
50,7,1.312,1.312,1.312,0.014,0.014,0.014,0.000,0.000
50,7,1.145,1.145,1.145,0.014,0.014,0.014,0.000,0.000
50,7,1.044,1.044,1.044,0.011,0.011,0.011,0.000,0.000
50,7,1.026,1.026,1.026,0.011,0.011,0.011,0.000,0.000
50,7,1.122,1.122,1.122,0.012,0.012,0.012,0.000,0.000
50,7,1.218,1.218,1.218,0.013,0.013,0.013,0.000,0.000
50,7,1.186,1.186,1.186,0.013,0.013,0.013,0.000,0.000
50,7,1.144,1.144,1.144,0.013,0.013,0.013,0.000,0.000
50,7,1.090,1.090,1.090,0.016,0.016,0.016,0.000,0.000
50,7,1.102,1.102,1.102,0.013,0.013,0.013,0.000,0.000
50,7,1.152,1.152,1.152,0.019,0.019,0.019,0.000,0.000
50,7,1.158,1.158,1.158,0.012,0.012,0.012,0.000,0.000
50,7,1.114,1.114,1.114,0.016,0.016,0.016,0.000,0.000
50,7,1.103,1.103,1.103,0.012,0.012,0.012,0.000,0.000
50,7,1.110,1.110,1.110,0.012,0.012,0.012,0.000,0.000
50,7,1.066,1.066,1.066,0.011,0.011,0.011,0.000,0.000
50,7,1.168,1.168,1.168,0.015,0.015,0.015,0.000,0.000
50,7,1.094,1.094,1.094,0.015,0.015,0.015,0.000,0.000
50,7,1.136,1.136,1.136,0.012,0.012,0.012,0.000,0.000
50,7,1.074,1.074,1.074,0.012,0.012,0.012,0.000,0.000
50,7,1.225,1.225,1.225,0.013,0.013,0.013,0.000,0.000
50,7,1.181,1.181,1.181,0.015,0.015,0.015,0.000,0.000
50,7,1.219,1.219,1.219,0.016,0.016,0.016,0.000,0.000
50,7,1.143,1.143,1.143,0.012,0.012,0.012,0.000,0.000
50,7,1.045,1.045,1.045,0.012,0.012,0.012,0.000,0.000
50,7,1.098,1.098,1.098,0.012,0.012,0.012,0.000,0.000
50,7,1.080,1.080,1.080,0.016,0.016,0.016,0.000,0.000
50,7,1.086,1.086,1.086,0.011,0.011,0.011,0.000,0.000
50,7,1.215,1.215,1.215,0.011,0.011,0.011,0.000,0.000
50,7,1.155,1.155,1.155,0.012,0.012,0.012,0.000,0.000
50,7,1.150,1.150,1.150,0.012,0.012,0.012,0.000,0.000
50,7,1.121,1.121,1.121,0.012,0.012,0.012,0.000,0.000
50,7,1.160,1.160,1.160,0.012,0.012,0.012,0.000,0.000
50,7,1.051,1.051,1.051,0.013,0.013,0.013,0.000,0.000
50,7,1.072,1.072,1.072,0.011,0.011,0.011,0.000,0.000
50,7,1.111,1.111,1.111,0.013,0.013,0.013,0.000,0.000
50,7,1.086,1.086,1.086,0.014,0.014,0.014,0.000,0.000
50,7,1.080,1.080,1.080,0.012,0.012,0.012,0.000,0.000
50,7,1.108,1.108,1.108,0.014,0.014,0.014,0.000,0.000
50,7,1.106,1.106,1.106,0.015,0.015,0.015,0.000,0.000
50,7,1.081,1.081,1.081,0.012,0.012,0.012,0.000,0.000
50,7,1.071,1.071,1.071,0.015,0.015,0.015,0.000,0.000
50,7,1.145,1.145,1.145,0.012,0.012,0.012,0.000,0.000
50,7,1.106,1.106,1.106,0.011,0.011,0.011,0.000,0.000
50,7,1.127,1.127,1.127,0.011,0.011,0.011,0.000,0.000
50,7,1.133,1.133,1.133,0.015,0.015,0.015,0.000,0.000
50,7,1.150,1.150,1.150,0.013,0.013,0.013,0.000,0.000
50,8,1.097,1.097,1.097,0.012,0.012,0.012,0.000,0.000
50,8,1.116,1.116,1.116,0.012,0.012,0.012,0.000,0.000
50,8,1.060,1.060,1.060,0.013,0.013,0.013,0.000,0.000
50,8,1.073,1.073,1.073,0.012,0.012,0.012,0.000,0.000
50,8,1.080,1.080,1.080,0.011,0.011,0.011,0.000,0.000
50,8,1.125,1.125,1.125,0.019,0.019,0.019,0.000,0.000
50,8,1.073,1.073,1.073,0.017,0.017,0.017,0.000,0.000
50,8,1.150,1.150,1.150,0.017,0.017,0.017,0.000,0.000
50,8,1.138,1.138,1.138,0.012,0.012,0.012,0.000,0.000
50,8,1.268,1.268,1.268,0.012,0.012,0.012,0.000,0.000
50,8,1.154,1.154,1.154,0.013,0.013,0.013,0.000,0.000
50,8,1.086,1.086,1.086,0.014,0.014,0.014,0.000,0.000
50,8,1.091,1.091,1.091,0.011,0.011,0.011,0.000,0.000
50,8,1.048,1.048,1.048,0.011,0.011,0.011,0.000,0.000
50,8,1.090,1.090,1.090,0.012,0.012,0.012,0.000,0.000
50,8,1.109,1.109,1.109,0.013,0.013,0.013,0.000,0.000
50,8,1.105,1.105,1.105,0.013,0.013,0.013,0.000,0.000
50,8,1.133,1.133,1.133,0.015,0.015,0.015,0.000,0.000
50,8,1.079,1.079,1.079,0.011,0.011,0.011,0.000,0.000
50,8,1.170,1.170,1.170,0.011,0.011,0.011,0.000,0.000
50,8,1.227,1.227,1.227,0.014,0.014,0.014,0.000,0.000
50,8,1.243,1.243,1.243,0.011,0.011,0.011,0.000,0.000
50,8,1.144,1.144,1.144,0.012,0.012,0.012,0.000,0.000
50,8,1.088,1.088,1.088,0.012,0.012,0.012,0.000,0.000
50,8,1.103,1.103,1.103,0.015,0.015,0.015,0.000,0.000
50,8,1.128,1.128,1.128,0.016,0.016,0.016,0.000,0.000
50,8,1.083,1.083,1.083,0.011,0.011,0.011,0.000,0.000
50,8,1.096,1.096,1.096,0.013,0.013,0.013,0.000,0.000
50,8,1.090,1.090,1.090,0.011,0.011,0.011,0.000,0.000
50,8,1.185,1.185,1.185,0.011,0.011,0.011,0.000,0.000
50,8,1.082,1.082,1.082,0.018,0.018,0.018,0.000,0.000
50,8,1.104,1.104,1.104,0.011,0.011,0.011,0.000,0.000
50,8,1.219,1.219,1.219,0.012,0.012,0.012,0.000,0.000
50,8,1.159,1.159,1.159,0.011,0.011,0.011,0.000,0.000
50,8,1.083,1.083,1.083,0.013,0.013,0.013,0.000,0.000
50,8,1.170,1.170,1.170,0.016,0.016,0.016,0.000,0.000
50,8,1.072,1.072,1.072,0.013,0.013,0.013,0.000,0.000
50,8,1.150,1.150,1.150,0.011,0.011,0.011,0.000,0.000
50,8,1.267,1.267,1.267,0.014,0.014,0.014,0.000,0.000
50,8,1.081,1.081,1.081,0.013,0.013,0.013,0.000,0.000
50,8,1.122,1.122,1.122,0.012,0.012,0.012,0.000,0.000
50,8,1.083,1.083,1.083,0.012,0.012,0.012,0.000,0.000
50,8,1.130,1.130,1.130,0.014,0.014,0.014,0.000,0.000
50,8,1.204,1.204,1.204,0.012,0.012,0.012,0.000,0.000
50,8,1.133,1.133,1.133,0.011,0.011,0.011,0.000,0.000
50,8,1.108,1.108,1.108,0.014,0.014,0.014,0.000,0.000
50,8,1.165,1.165,1.165,0.013,0.013,0.013,0.000,0.000
50,8,1.212,1.212,1.212,0.013,0.013,0.013,0.000,0.000
50,8,1.147,1.147,1.147,0.012,0.012,0.012,0.000,0.000
50,8,1.058,1.058,1.058,0.015,0.015,0.015,0.000,0.000
50,8,1.155,1.155,1.155,0.011,0.011,0.011,0.000,0.000
50,8,1.086,1.086,1.086,0.011,0.011,0.011,0.000,0.000
50,8,1.050,1.050,1.050,0.016,0.016,0.016,0.000,0.000
50,8,1.171,1.171,1.171,0.011,0.011,0.011,0.000,0.000
50,8,1.119,1.119,1.119,0.011,0.011,0.011,0.000,0.000
50,8,1.100,1.100,1.100,0.015,0.015,0.015,0.000,0.000
50,8,1.212,1.212,1.212,0.016,0.016,0.016,0.000,0.000
50,8,1.225,1.225,1.225,0.012,0.012,0.012,0.000,0.000
50,8,1.095,1.095,1.095,0.016,0.016,0.016,0.000,0.000
50,8,1.165,1.165,1.165,0.015,0.015,0.015,0.000,0.000
50,8,1.184,1.184,1.184,0.012,0.012,0.012,0.000,0.000
50,8,1.117,1.117,1.117,0.011,0.011,0.011,0.000,0.000
50,8,1.065,1.065,1.065,0.013,0.013,0.013,0.000,0.000
50,8,1.125,1.125,1.125,0.011,0.011,0.011,0.000,0.000
50,8,1.112,1.112,1.112,0.013,0.013,0.013,0.000,0.000
50,8,1.216,1.216,1.216,0.012,0.012,0.012,0.000,0.000
50,8,1.065,1.065,1.065,0.014,0.014,0.014,0.000,0.000
50,8,1.119,1.119,1.119,0.022,0.022,0.022,0.000,0.000
50,8,1.047,1.047,1.047,0.016,0.016,0.016,0.000,0.000
50,8,1.122,1.122,1.122,0.011,0.011,0.011,0.000,0.000
50,8,1.102,1.102,1.102,0.011,0.011,0.011,0.000,0.000
50,8,1.193,1.193,1.193,0.011,0.011,0.011,0.000,0.000
50,8,1.257,1.257,1.257,0.018,0.018,0.018,0.000,0.000
50,8,1.074,1.074,1.074,0.012,0.012,0.012,0.000,0.000
50,8,1.112,1.112,1.112,0.011,0.011,0.011,0.000,0.000
50,8,1.118,1.118,1.118,0.012,0.012,0.012,0.000,0.000
50,8,1.098,1.098,1.098,0.013,0.013,0.013,0.000,0.000
50,8,1.186,1.186,1.186,0.013,0.013,0.013,0.000,0.000
50,8,1.104,1.104,1.104,0.011,0.011,0.011,0.000,0.000
50,8,1.115,1.115,1.115,0.011,0.011,0.011,0.000,0.000
50,8,1.065,1.065,1.065,0.011,0.011,0.011,0.000,0.000
50,8,1.100,1.100,1.100,0.011,0.011,0.011,0.000,0.000
50,8,1.130,1.130,1.130,0.014,0.014,0.014,0.000,0.000
50,8,1.054,1.054,1.054,0.012,0.012,0.012,0.000,0.000
50,8,1.112,1.112,1.112,0.015,0.015,0.015,0.000,0.000
50,8,1.163,1.163,1.163,0.012,0.012,0.012,0.000,0.000
50,8,1.178,1.178,1.178,0.011,0.011,0.011,0.000,0.000
50,8,1.072,1.072,1.072,0.014,0.014,0.014,0.000,0.000
50,8,1.062,1.062,1.062,0.011,0.011,0.011,0.000,0.000
50,8,1.149,1.149,1.149,0.011,0.011,0.011,0.000,0.000
50,8,1.087,1.087,1.087,0.013,0.013,0.013,0.000,0.000
50,8,1.230,1.230,1.230,0.011,0.011,0.011,0.000,0.000
50,8,1.189,1.189,1.189,0.011,0.011,0.011,0.000,0.000
50,8,1.144,1.144,1.144,0.013,0.013,0.013,0.000,0.000
50,8,1.117,1.117,1.117,0.014,0.014,0.014,0.000,0.000
50,8,1.095,1.095,1.095,0.011,0.011,0.011,0.000,0.000
50,8,1.152,1.152,1.152,0.014,0.014,0.014,0.000,0.000
50,8,1.059,1.059,1.059,0.013,0.013,0.013,0.000,0.000
50,8,1.062,1.062,1.062,0.012,0.012,0.012,0.000,0.000
50,8,1.134,1.134,1.134,0.012,0.012,0.012,0.000,0.000
50,9,1.084,1.084,1.084,0.012,0.012,0.012,0.000,0.000
50,9,1.171,1.171,1.171,0.011,0.011,0.011,0.000,0.000
50,9,1.117,1.117,1.117,0.015,0.015,0.015,0.000,0.000
50,9,1.103,1.103,1.103,0.011,0.011,0.011,0.000,0.000
50,9,1.059,1.059,1.059,0.017,0.017,0.017,0.000,0.000
50,9,1.093,1.093,1.093,0.011,0.011,0.011,0.000,0.000
50,9,1.049,1.049,1.049,0.019,0.019,0.019,0.000,0.000
50,9,1.138,1.138,1.138,0.012,0.012,0.012,0.000,0.000
50,9,1.028,1.028,1.028,0.011,0.011,0.011,0.000,0.000
50,9,1.146,1.146,1.146,0.011,0.011,0.011,0.000,0.000
50,9,1.207,1.207,1.207,0.011,0.011,0.011,0.000,0.000
50,9,1.227,1.227,1.227,0.014,0.014,0.014,0.000,0.000
50,9,1.182,1.182,1.182,0.012,0.012,0.012,0.000,0.000
50,9,1.278,1.278,1.278,0.014,0.014,0.014,0.000,0.000
50,9,1.127,1.127,1.127,0.012,0.012,0.012,0.000,0.000
50,9,1.091,1.091,1.091,0.012,0.012,0.012,0.000,0.000
50,9,1.117,1.117,1.117,0.011,0.011,0.011,0.000,0.000
50,9,1.146,1.146,1.146,0.011,0.011,0.011,0.000,0.000
50,9,1.118,1.118,1.118,0.012,0.012,0.012,0.000,0.000
50,9,1.203,1.203,1.203,0.012,0.012,0.012,0.000,0.000
50,9,1.188,1.188,1.188,0.014,0.014,0.014,0.000,0.000
50,9,1.119,1.119,1.119,0.012,0.012,0.012,0.000,0.000
50,9,1.098,1.098,1.098,0.012,0.012,0.012,0.000,0.000
50,9,1.075,1.075,1.075,0.012,0.012,0.012,0.000,0.000
50,9,1.181,1.181,1.181,0.013,0.013,0.013,0.000,0.000
50,9,1.146,1.146,1.146,0.011,0.011,0.011,0.000,0.000
50,9,1.177,1.177,1.177,0.012,0.012,0.012,0.000,0.000
50,9,1.093,1.093,1.093,0.016,0.016,0.016,0.000,0.000
50,9,1.113,1.113,1.113,0.014,0.014,0.014,0.000,0.000
50,9,1.082,1.082,1.082,0.011,0.011,0.011,0.000,0.000
50,9,1.183,1.183,1.183,0.013,0.013,0.013,0.000,0.000
50,9,1.080,1.080,1.080,0.017,0.017,0.017,0.000,0.000
50,9,1.078,1.078,1.078,0.012,0.012,0.012,0.000,0.000
50,9,1.099,1.099,1.099,0.012,0.012,0.012,0.000,0.000
50,9,1.131,1.131,1.131,0.012,0.012,0.012,0.000,0.000
50,9,1.098,1.098,1.098,0.012,0.012,0.012,0.000,0.000
50,9,1.098,1.098,1.098,0.015,0.015,0.015,0.000,0.000
50,9,1.087,1.087,1.087,0.012,0.012,0.012,0.000,0.000
50,9,1.220,1.220,1.220,0.013,0.013,0.013,0.000,0.000
50,9,1.159,1.159,1.159,0.011,0.011,0.011,0.000,0.000
50,9,1.190,1.190,1.190,0.014,0.014,0.014,0.000,0.000
50,9,1.102,1.102,1.102,0.014,0.014,0.014,0.000,0.000
50,9,1.110,1.110,1.110,0.012,0.012,0.012,0.000,0.000
50,9,1.126,1.126,1.126,0.014,0.014,0.014,0.000,0.000
50,9,1.119,1.119,1.119,0.011,0.011,0.011,0.000,0.000
50,9,1.101,1.101,1.101,0.013,0.013,0.013,0.000,0.000
50,9,1.100,1.100,1.100,0.011,0.011,0.011,0.000,0.000
50,9,1.114,1.114,1.114,0.012,0.012,0.012,0.000,0.000
50,9,1.033,1.033,1.033,0.011,0.011,0.011,0.000,0.000
50,9,1.107,1.107,1.107,0.013,0.013,0.013,0.000,0.000
50,9,1.101,1.101,1.101,0.011,0.011,0.011,0.000,0.000
50,9,1.103,1.103,1.103,0.015,0.015,0.015,0.000,0.000
50,9,1.090,1.090,1.090,0.013,0.013,0.013,0.000,0.000
50,9,1.351,1.351,1.351,0.012,0.012,0.012,0.000,0.000
50,9,1.066,1.066,1.066,0.012,0.012,0.012,0.000,0.000
50,9,1.088,1.088,1.088,0.011,0.011,0.011,0.000,0.000
50,9,1.067,1.067,1.067,0.013,0.013,0.013,0.000,0.000
50,9,1.210,1.210,1.210,0.012,0.012,0.012,0.000,0.000
50,9,1.185,1.185,1.185,0.013,0.013,0.013,0.000,0.000
50,9,1.108,1.108,1.108,0.013,0.013,0.013,0.000,0.000
50,9,1.090,1.090,1.090,0.012,0.012,0.012,0.000,0.000
50,9,1.106,1.106,1.106,0.012,0.012,0.012,0.000,0.000
50,9,1.099,1.099,1.099,0.015,0.015,0.015,0.000,0.000
50,9,1.053,1.053,1.053,0.015,0.015,0.015,0.000,0.000
50,9,1.199,1.199,1.199,0.011,0.011,0.011,0.000,0.000
50,9,1.191,1.191,1.191,0.013,0.013,0.013,0.000,0.000
50,9,1.175,1.175,1.175,0.011,0.011,0.011,0.000,0.000
50,9,1.057,1.057,1.057,0.017,0.017,0.017,0.000,0.000
50,9,1.123,1.123,1.123,0.011,0.011,0.011,0.000,0.000
50,9,1.101,1.101,1.101,0.016,0.016,0.016,0.000,0.000
50,9,1.215,1.215,1.215,0.013,0.013,0.013,0.000,0.000
50,9,1.165,1.165,1.165,0.011,0.011,0.011,0.000,0.000
50,9,1.183,1.183,1.183,0.011,0.011,0.011,0.000,0.000
50,9,1.178,1.178,1.178,0.015,0.015,0.015,0.000,0.000
50,9,1.065,1.065,1.065,0.011,0.011,0.011,0.000,0.000
50,9,1.170,1.170,1.170,0.014,0.014,0.014,0.000,0.000
50,9,1.492,1.492,1.492,0.021,0.021,0.021,0.000,0.000
50,9,1.125,1.125,1.125,0.012,0.012,0.012,0.000,0.000
50,9,1.128,1.128,1.128,0.014,0.014,0.014,0.000,0.000
50,9,1.193,1.193,1.193,0.011,0.011,0.011,0.000,0.000
50,9,1.103,1.103,1.103,0.017,0.017,0.017,0.000,0.000
50,9,1.064,1.064,1.064,0.013,0.013,0.013,0.000,0.000
50,9,1.062,1.062,1.062,0.011,0.011,0.011,0.000,0.000
50,9,1.045,1.045,1.045,0.012,0.012,0.012,0.000,0.000
50,9,1.097,1.097,1.097,0.012,0.012,0.012,0.000,0.000
50,9,1.045,1.045,1.045,0.012,0.012,0.012,0.000,0.000
50,9,1.166,1.166,1.166,0.013,0.013,0.013,0.000,0.000
50,9,1.123,1.123,1.123,0.019,0.019,0.019,0.000,0.000
50,9,1.136,1.136,1.136,0.018,0.018,0.018,0.000,0.000
50,9,1.229,1.229,1.229,0.012,0.012,0.012,0.000,0.000
50,9,1.047,1.047,1.047,0.011,0.011,0.011,0.000,0.000
50,9,1.073,1.073,1.073,0.017,0.017,0.017,0.000,0.000
50,9,1.233,1.233,1.233,0.012,0.012,0.012,0.000,0.000
50,9,1.192,1.192,1.192,0.011,0.011,0.011,0.000,0.000
50,9,1.123,1.123,1.123,0.016,0.016,0.016,0.000,0.000
50,9,1.152,1.152,1.152,0.014,0.014,0.014,0.000,0.000
50,9,1.158,1.158,1.158,0.015,0.015,0.015,0.000,0.000
50,9,1.087,1.087,1.087,0.014,0.014,0.014,0.000,0.000
50,9,1.117,1.117,1.117,0.014,0.014,0.014,0.000,0.000
50,9,1.072,1.072,1.072,0.012,0.012,0.012,0.000,0.000
50,10,1.141,1.141,1.141,0.012,0.012,0.012,0.000,0.000
50,10,1.163,1.163,1.163,0.012,0.012,0.012,0.000,0.000
50,10,1.077,1.077,1.077,0.012,0.012,0.012,0.000,0.000
50,10,1.037,1.037,1.037,0.016,0.016,0.016,0.000,0.000
50,10,1.262,1.262,1.262,0.011,0.011,0.011,0.000,0.000
50,10,1.189,1.189,1.189,0.013,0.013,0.013,0.000,0.000
50,10,1.199,1.199,1.199,0.011,0.011,0.011,0.000,0.000
50,10,1.101,1.101,1.101,0.012,0.012,0.012,0.000,0.000
50,10,1.058,1.058,1.058,0.012,0.012,0.012,0.000,0.000
50,10,1.171,1.171,1.171,0.012,0.012,0.012,0.000,0.000
50,10,1.136,1.136,1.136,0.015,0.015,0.015,0.000,0.000
50,10,1.120,1.120,1.120,0.012,0.012,0.012,0.000,0.000
50,10,1.093,1.093,1.093,0.015,0.015,0.015,0.000,0.000
50,10,1.079,1.079,1.079,0.011,0.011,0.011,0.000,0.000
50,10,1.061,1.061,1.061,0.011,0.011,0.011,0.000,0.000
50,10,1.197,1.197,1.197,0.013,0.013,0.013,0.000,0.000
50,10,1.103,1.103,1.103,0.011,0.011,0.011,0.000,0.000
50,10,1.121,1.121,1.121,0.011,0.011,0.011,0.000,0.000
50,10,1.101,1.101,1.101,0.015,0.015,0.015,0.000,0.000
50,10,1.228,1.228,1.228,0.013,0.013,0.013,0.000,0.000
50,10,1.080,1.080,1.080,0.011,0.011,0.011,0.000,0.000
50,10,1.157,1.157,1.157,0.014,0.014,0.014,0.000,0.000
50,10,1.206,1.206,1.206,0.012,0.012,0.012,0.000,0.000
50,10,1.129,1.129,1.129,0.011,0.011,0.011,0.000,0.000
50,10,1.121,1.121,1.121,0.012,0.012,0.012,0.000,0.000
50,10,1.203,1.203,1.203,0.011,0.011,0.011,0.000,0.000
50,10,1.279,1.279,1.279,0.012,0.012,0.012,0.000,0.000
50,10,1.055,1.055,1.055,0.015,0.015,0.015,0.000,0.000
50,10,1.149,1.149,1.149,0.011,0.011,0.011,0.000,0.000
50,10,1.088,1.088,1.088,0.012,0.012,0.012,0.000,0.000
50,10,1.191,1.191,1.191,0.011,0.011,0.011,0.000,0.000
50,10,1.064,1.064,1.064,0.014,0.014,0.014,0.000,0.000
50,10,1.284,1.284,1.284,0.014,0.014,0.014,0.000,0.000
50,10,1.258,1.258,1.258,0.012,0.012,0.012,0.000,0.000
50,10,1.123,1.123,1.123,0.011,0.011,0.011,0.000,0.000
50,10,1.126,1.126,1.126,0.013,0.013,0.013,0.000,0.000
50,10,1.128,1.128,1.128,0.017,0.017,0.017,0.000,0.000
50,10,1.109,1.109,1.109,0.013,0.013,0.013,0.000,0.000
50,10,1.146,1.146,1.146,0.012,0.012,0.012,0.000,0.000
50,10,1.193,1.193,1.193,0.011,0.011,0.011,0.000,0.000
50,10,1.099,1.099,1.099,0.011,0.011,0.011,0.000,0.000
50,10,1.065,1.065,1.065,0.013,0.013,0.013,0.000,0.000
50,10,1.197,1.197,1.197,0.011,0.011,0.011,0.000,0.000
50,10,1.177,1.177,1.177,0.018,0.018,0.018,0.000,0.000
50,10,1.113,1.113,1.113,0.013,0.013,0.013,0.000,0.000
50,10,1.077,1.077,1.077,0.018,0.018,0.018,0.000,0.000
50,10,1.055,1.055,1.055,0.011,0.011,0.011,0.000,0.000
50,10,1.193,1.193,1.193,0.015,0.015,0.015,0.000,0.000
50,10,1.217,1.217,1.217,0.013,0.013,0.013,0.000,0.000
50,10,1.170,1.170,1.170,0.013,0.013,0.013,0.000,0.000
50,10,1.041,1.041,1.041,0.012,0.012,0.012,0.000,0.000
50,10,1.221,1.221,1.221,0.015,0.015,0.015,0.000,0.000
50,10,1.116,1.116,1.116,0.015,0.015,0.015,0.000,0.000
50,10,1.095,1.095,1.095,0.012,0.012,0.012,0.000,0.000
50,10,1.151,1.151,1.151,0.016,0.016,0.016,0.000,0.000
50,10,1.136,1.136,1.136,0.013,0.013,0.013,0.000,0.000
50,10,1.148,1.148,1.148,0.015,0.015,0.015,0.000,0.000
50,10,1.040,1.040,1.040,0.012,0.012,0.012,0.000,0.000
50,10,1.046,1.046,1.046,0.011,0.011,0.011,0.000,0.000
50,10,1.166,1.166,1.166,0.011,0.011,0.011,0.000,0.000
50,10,1.166,1.166,1.166,0.014,0.014,0.014,0.000,0.000
50,10,1.151,1.151,1.151,0.017,0.017,0.017,0.000,0.000
50,10,1.126,1.126,1.126,0.013,0.013,0.013,0.000,0.000
50,10,1.164,1.164,1.164,0.015,0.015,0.015,0.000,0.000
50,10,1.041,1.041,1.041,0.011,0.011,0.011,0.000,0.000
50,10,1.124,1.124,1.124,0.014,0.014,0.014,0.000,0.000
50,10,1.211,1.211,1.211,0.013,0.013,0.013,0.000,0.000
50,10,1.075,1.075,1.075,0.012,0.012,0.012,0.000,0.000
50,10,1.189,1.189,1.189,0.012,0.012,0.012,0.000,0.000
50,10,1.189,1.189,1.189,0.017,0.017,0.017,0.000,0.000
50,10,1.050,1.050,1.050,0.013,0.013,0.013,0.000,0.000
50,10,1.181,1.181,1.181,0.013,0.013,0.013,0.000,0.000
50,10,1.266,1.266,1.266,0.012,0.012,0.012,0.000,0.000
50,10,1.231,1.231,1.231,0.011,0.011,0.011,0.000,0.000
50,10,1.066,1.066,1.066,0.011,0.011,0.011,0.000,0.000
50,10,1.072,1.072,1.072,0.011,0.011,0.011,0.000,0.000
50,10,1.193,1.193,1.193,0.011,0.011,0.011,0.000,0.000
50,10,1.150,1.150,1.150,0.012,0.012,0.012,0.000,0.000
50,10,1.059,1.059,1.059,0.012,0.012,0.012,0.000,0.000
50,10,1.115,1.115,1.115,0.011,0.011,0.011,0.000,0.000
50,10,1.172,1.172,1.172,0.011,0.011,0.011,0.000,0.000
50,10,1.221,1.221,1.221,0.012,0.012,0.012,0.000,0.000
50,10,1.145,1.145,1.145,0.011,0.011,0.011,0.000,0.000
50,10,1.150,1.150,1.150,0.015,0.015,0.015,0.000,0.000
50,10,1.053,1.053,1.053,0.012,0.012,0.012,0.000,0.000
50,10,1.123,1.123,1.123,0.011,0.011,0.011,0.000,0.000
50,10,1.055,1.055,1.055,0.012,0.012,0.012,0.000,0.000
50,10,1.093,1.093,1.093,0.011,0.011,0.011,0.000,0.000
50,10,1.293,1.293,1.293,0.012,0.012,0.012,0.000,0.000
50,10,1.133,1.133,1.133,0.011,0.011,0.011,0.000,0.000
50,10,1.092,1.092,1.092,0.018,0.018,0.018,0.000,0.000
50,10,1.130,1.130,1.130,0.015,0.015,0.015,0.000,0.000
50,10,1.109,1.109,1.109,0.012,0.012,0.012,0.000,0.000
50,10,1.101,1.101,1.101,0.015,0.015,0.015,0.000,0.000
50,10,1.112,1.112,1.112,0.011,0.011,0.011,0.000,0.000
50,10,1.132,1.132,1.132,0.011,0.011,0.011,0.000,0.000
50,10,1.072,1.072,1.072,0.011,0.011,0.011,0.000,0.000
50,10,1.150,1.150,1.150,0.014,0.014,0.014,0.000,0.000
50,10,1.065,1.065,1.065,0.012,0.012,0.012,0.000,0.000
50,10,1.166,1.166,1.166,0.011,0.011,0.011,0.000,0.000
60,2,1.159,1.159,1.159,0.017,0.017,0.017,0.000,0.000
60,2,1.089,1.089,1.089,0.014,0.014,0.014,0.000,0.000
60,2,1.176,1.176,1.176,0.014,0.014,0.014,0.000,0.000
60,2,1.083,1.083,1.083,0.014,0.014,0.014,0.000,0.000
60,2,1.275,1.275,1.275,0.015,0.015,0.015,0.000,0.000
60,2,1.038,1.038,1.038,0.014,0.014,0.014,0.000,0.000
60,2,1.139,1.139,1.139,0.016,0.016,0.016,0.000,0.000
60,2,1.153,1.153,1.153,0.016,0.016,0.016,0.000,0.000
60,2,1.060,1.060,1.060,0.016,0.016,0.016,0.000,0.000
60,2,1.103,1.103,1.103,0.016,0.016,0.016,0.000,0.000
60,2,1.293,1.293,1.293,0.017,0.017,0.017,0.000,0.000
60,2,1.076,1.076,1.076,0.014,0.014,0.014,0.000,0.000
60,2,1.048,1.048,1.048,0.018,0.018,0.018,0.000,0.000
60,2,1.028,1.028,1.028,0.016,0.016,0.016,0.000,0.000
60,2,1.098,1.098,1.098,0.014,0.014,0.014,0.000,0.000
60,2,1.254,1.254,1.254,0.014,0.014,0.014,0.000,0.000
60,2,1.127,1.127,1.127,0.015,0.015,0.015,0.000,0.000
60,2,1.029,1.029,1.029,0.014,0.014,0.014,0.000,0.000
60,2,1.053,1.053,1.053,0.021,0.021,0.021,0.000,0.000
60,2,1.013,1.013,1.013,0.015,0.015,0.015,0.000,0.000
60,2,1.026,1.026,1.026,0.016,0.016,0.016,0.000,0.000
60,2,1.019,1.019,1.019,0.016,0.016,0.016,0.000,0.000
60,2,1.123,1.123,1.123,0.014,0.014,0.014,0.000,0.000
60,2,1.106,1.106,1.106,0.014,0.014,0.014,0.000,0.000
60,2,1.049,1.049,1.049,0.015,0.015,0.015,0.000,0.000
60,2,1.147,1.147,1.147,0.014,0.014,0.014,0.000,0.000
60,2,1.049,1.049,1.049,0.014,0.014,0.014,0.000,0.000
60,2,1.046,1.046,1.046,0.014,0.014,0.014,0.000,0.000
60,2,1.122,1.122,1.122,0.016,0.016,0.016,0.000,0.000
60,2,1.129,1.129,1.129,0.014,0.014,0.014,0.000,0.000
60,2,1.034,1.034,1.034,0.015,0.015,0.015,0.000,0.000
60,2,1.095,1.095,1.095,0.014,0.014,0.014,0.000,0.000
60,2,1.138,1.138,1.138,0.014,0.014,0.014,0.000,0.000
60,2,1.105,1.105,1.105,0.016,0.016,0.016,0.000,0.000
60,2,1.051,1.051,1.051,0.014,0.014,0.014,0.000,0.000
60,2,1.044,1.044,1.044,0.014,0.014,0.014,0.000,0.000
60,2,1.097,1.097,1.097,0.014,0.014,0.014,0.000,0.000
60,2,1.132,1.132,1.132,0.017,0.017,0.017,0.000,0.000
60,2,1.009,1.009,1.009,0.015,0.015,0.015,0.000,0.000
60,2,1.000,1.000,1.000,0.014,0.014,0.014,0.000,0.000
60,2,1.066,1.066,1.066,0.016,0.016,0.016,0.000,0.000
60,2,1.064,1.064,1.064,0.016,0.016,0.016,0.000,0.000
60,2,1.140,1.140,1.140,0.014,0.014,0.014,0.000,0.000
60,2,1.125,1.125,1.125,0.017,0.017,0.017,0.000,0.000
60,2,1.146,1.146,1.146,0.019,0.019,0.019,0.000,0.000
60,2,1.081,1.081,1.081,0.021,0.021,0.021,0.000,0.000
60,2,1.151,1.151,1.151,0.014,0.014,0.014,0.000,0.000
60,2,1.164,1.164,1.164,0.021,0.021,0.021,0.000,0.000
60,2,1.004,1.004,1.004,0.014,0.014,0.014,0.000,0.000
60,2,1.139,1.139,1.139,0.014,0.014,0.014,0.000,0.000
60,2,1.082,1.082,1.082,0.015,0.015,0.015,0.000,0.000
60,2,1.138,1.138,1.138,0.014,0.014,0.014,0.000,0.000
60,2,1.112,1.112,1.112,0.014,0.014,0.014,0.000,0.000
60,2,1.116,1.116,1.116,0.014,0.014,0.014,0.000,0.000
60,2,1.154,1.154,1.154,0.014,0.014,0.014,0.000,0.000
60,2,1.260,1.260,1.260,0.014,0.014,0.014,0.000,0.000
60,2,1.041,1.041,1.041,0.014,0.014,0.014,0.000,0.000
60,2,1.191,1.191,1.191,0.014,0.014,0.014,0.000,0.000
60,2,1.111,1.111,1.111,0.014,0.014,0.014,0.000,0.000
60,2,1.087,1.087,1.087,0.014,0.014,0.014,0.000,0.000
60,2,1.168,1.168,1.168,0.016,0.016,0.016,0.000,0.000
60,2,1.064,1.064,1.064,0.015,0.015,0.015,0.000,0.000
60,2,1.049,1.049,1.049,0.014,0.014,0.014,0.000,0.000
60,2,1.035,1.035,1.035,0.015,0.015,0.015,0.000,0.000
60,2,1.104,1.104,1.104,0.014,0.014,0.014,0.000,0.000
60,2,1.080,1.080,1.080,0.018,0.018,0.018,0.000,0.000
60,2,1.133,1.133,1.133,0.014,0.014,0.014,0.000,0.000
60,2,1.091,1.091,1.091,0.013,0.013,0.013,0.000,0.000
60,2,1.058,1.058,1.058,0.014,0.014,0.014,0.000,0.000
60,2,1.178,1.178,1.178,0.014,0.014,0.014,0.000,0.000
60,2,1.374,1.374,1.374,0.017,0.017,0.017,0.000,0.000
60,2,1.134,1.134,1.134,0.014,0.014,0.014,0.000,0.000
60,2,1.086,1.086,1.086,0.016,0.016,0.016,0.000,0.000
60,2,1.165,1.165,1.165,0.017,0.017,0.017,0.000,0.000
60,2,1.050,1.050,1.050,0.017,0.017,0.017,0.000,0.000
60,2,1.109,1.109,1.109,0.014,0.014,0.014,0.000,0.000
60,2,1.159,1.159,1.159,0.016,0.016,0.016,0.000,0.000
60,2,1.099,1.099,1.099,0.019,0.019,0.019,0.000,0.000
60,2,1.128,1.128,1.128,0.014,0.014,0.014,0.000,0.000
60,2,1.073,1.073,1.073,0.019,0.019,0.019,0.000,0.000
60,2,1.073,1.073,1.073,0.014,0.014,0.014,0.000,0.000
60,2,1.010,1.010,1.010,0.014,0.014,0.014,0.000,0.000
60,2,1.154,1.154,1.154,0.014,0.014,0.014,0.000,0.000
60,2,1.076,1.076,1.076,0.015,0.015,0.015,0.000,0.000
60,2,1.106,1.106,1.106,0.015,0.015,0.015,0.000,0.000
60,2,1.099,1.099,1.099,0.014,0.014,0.014,0.000,0.000
60,2,1.078,1.078,1.078,0.014,0.014,0.014,0.000,0.000
60,2,1.098,1.098,1.098,0.014,0.014,0.014,0.000,0.000
60,2,1.001,1.001,1.001,0.014,0.014,0.014,0.000,0.000
60,2,1.100,1.100,1.100,0.017,0.017,0.017,0.000,0.000
60,2,1.030,1.030,1.030,0.017,0.017,0.017,0.000,0.000
60,2,1.097,1.097,1.097,0.020,0.020,0.020,0.000,0.000
60,2,1.081,1.081,1.081,0.015,0.015,0.015,0.000,0.000
60,2,1.000,1.000,1.000,0.014,0.014,0.014,0.000,0.000
60,2,1.090,1.090,1.090,0.014,0.014,0.014,0.000,0.000
60,2,1.016,1.016,1.016,0.015,0.015,0.015,0.000,0.000
60,2,1.244,1.244,1.244,0.014,0.014,0.014,0.000,0.000
60,2,1.149,1.149,1.149,0.014,0.014,0.014,0.000,0.000
60,2,1.070,1.070,1.070,0.016,0.016,0.016,0.000,0.000
60,2,1.057,1.057,1.057,0.014,0.014,0.014,0.000,0.000
60,3,1.098,1.098,1.098,0.014,0.014,0.014,0.000,0.000
60,3,1.214,1.214,1.214,0.014,0.014,0.014,0.000,0.000
60,3,1.146,1.146,1.146,0.014,0.014,0.014,0.000,0.000
60,3,1.034,1.034,1.034,0.014,0.014,0.014,0.000,0.000
60,3,1.191,1.191,1.191,0.016,0.016,0.016,0.000,0.000
60,3,1.195,1.195,1.195,0.014,0.014,0.014,0.000,0.000
60,3,1.065,1.065,1.065,0.015,0.015,0.015,0.000,0.000
60,3,1.126,1.126,1.126,0.014,0.014,0.014,0.000,0.000
60,3,1.165,1.165,1.165,0.016,0.016,0.016,0.000,0.000
60,3,1.250,1.250,1.250,0.018,0.018,0.018,0.000,0.000
60,3,1.080,1.080,1.080,0.018,0.018,0.018,0.000,0.000
60,3,1.096,1.096,1.096,0.014,0.014,0.014,0.000,0.000
60,3,1.190,1.190,1.190,0.019,0.019,0.019,0.000,0.000
60,3,1.086,1.086,1.086,0.014,0.014,0.014,0.000,0.000
60,3,1.088,1.088,1.088,0.014,0.014,0.014,0.000,0.000
60,3,1.092,1.092,1.092,0.016,0.016,0.016,0.000,0.000
60,3,1.099,1.099,1.099,0.014,0.014,0.014,0.000,0.000
60,3,1.017,1.017,1.017,0.014,0.014,0.014,0.000,0.000
60,3,1.002,1.002,1.002,0.015,0.015,0.015,0.000,0.000
60,3,1.127,1.127,1.127,0.014,0.014,0.014,0.000,0.000
60,3,1.065,1.065,1.065,0.014,0.014,0.014,0.000,0.000
60,3,1.138,1.138,1.138,0.014,0.014,0.014,0.000,0.000
60,3,1.097,1.097,1.097,0.016,0.016,0.016,0.000,0.000
60,3,1.088,1.088,1.088,0.020,0.020,0.020,0.000,0.000
60,3,1.084,1.084,1.084,0.014,0.014,0.014,0.000,0.000
60,3,1.030,1.030,1.030,0.014,0.014,0.014,0.000,0.000
60,3,1.182,1.182,1.182,0.016,0.016,0.016,0.000,0.000
60,3,1.030,1.030,1.030,0.014,0.014,0.014,0.000,0.000
60,3,1.020,1.020,1.020,0.014,0.014,0.014,0.000,0.000
60,3,1.164,1.164,1.164,0.018,0.018,0.018,0.000,0.000
60,3,1.061,1.061,1.061,0.015,0.015,0.015,0.000,0.000
60,3,1.143,1.143,1.143,0.014,0.014,0.014,0.000,0.000
60,3,1.032,1.032,1.032,0.016,0.016,0.016,0.000,0.000
60,3,1.060,1.060,1.060,0.015,0.015,0.015,0.000,0.000
60,3,1.118,1.118,1.118,0.016,0.016,0.016,0.000,0.000
60,3,1.216,1.216,1.216,0.016,0.016,0.016,0.000,0.000
60,3,1.196,1.196,1.196,0.016,0.016,0.016,0.000,0.000
60,3,1.094,1.094,1.094,0.014,0.014,0.014,0.000,0.000
60,3,1.240,1.240,1.240,0.015,0.015,0.015,0.000,0.000
60,3,1.123,1.123,1.123,0.015,0.015,0.015,0.000,0.000
60,3,1.048,1.048,1.048,0.018,0.018,0.018,0.000,0.000
60,3,1.103,1.103,1.103,0.015,0.015,0.015,0.000,0.000
60,3,1.052,1.052,1.052,0.016,0.016,0.016,0.000,0.000
60,3,1.003,1.003,1.003,0.017,0.017,0.017,0.000,0.000
60,3,1.035,1.035,1.035,0.014,0.014,0.014,0.000,0.000
60,3,1.058,1.058,1.058,0.018,0.018,0.018,0.000,0.000
60,3,1.113,1.113,1.113,0.017,0.017,0.017,0.000,0.000
60,3,1.089,1.089,1.089,0.021,0.021,0.021,0.000,0.000
60,3,1.092,1.092,1.092,0.019,0.019,0.019,0.000,0.000
60,3,1.108,1.108,1.108,0.016,0.016,0.016,0.000,0.000
60,3,1.031,1.031,1.031,0.018,0.018,0.018,0.000,0.000
60,3,1.157,1.157,1.157,0.015,0.015,0.015,0.000,0.000
60,3,1.142,1.142,1.142,0.015,0.015,0.015,0.000,0.000
60,3,1.123,1.123,1.123,0.014,0.014,0.014,0.000,0.000
60,3,1.193,1.193,1.193,0.018,0.018,0.018,0.000,0.000
60,3,1.174,1.174,1.174,0.015,0.015,0.015,0.000,0.000
60,3,1.114,1.114,1.114,0.015,0.015,0.015,0.000,0.000
60,3,1.208,1.208,1.208,0.017,0.017,0.017,0.000,0.000
60,3,1.044,1.044,1.044,0.014,0.014,0.014,0.000,0.000
60,3,1.015,1.015,1.015,0.014,0.014,0.014,0.000,0.000
60,3,1.112,1.112,1.112,0.014,0.014,0.014,0.000,0.000
60,3,1.135,1.135,1.135,0.015,0.015,0.015,0.000,0.000
60,3,1.192,1.192,1.192,0.014,0.014,0.014,0.000,0.000
60,3,1.032,1.032,1.032,0.015,0.015,0.015,0.000,0.000
60,3,1.132,1.132,1.132,0.018,0.018,0.018,0.000,0.000
60,3,1.151,1.151,1.151,0.014,0.014,0.014,0.000,0.000
60,3,1.103,1.103,1.103,0.020,0.020,0.020,0.000,0.000
60,3,1.053,1.053,1.053,0.016,0.016,0.016,0.000,0.000
60,3,1.122,1.122,1.122,0.016,0.016,0.016,0.000,0.000
60,3,1.036,1.036,1.036,0.017,0.017,0.017,0.000,0.000
60,3,1.188,1.188,1.188,0.014,0.014,0.014,0.000,0.000
60,3,1.104,1.104,1.104,0.019,0.019,0.019,0.000,0.000
60,3,1.179,1.179,1.179,0.014,0.014,0.014,0.000,0.000
60,3,1.104,1.104,1.104,0.021,0.021,0.021,0.000,0.000
60,3,1.172,1.172,1.172,0.014,0.014,0.014,0.000,0.000
60,3,1.195,1.195,1.195,0.015,0.015,0.015,0.000,0.000
60,3,1.093,1.093,1.093,0.018,0.018,0.018,0.000,0.000
60,3,1.078,1.078,1.078,0.015,0.015,0.015,0.000,0.000
60,3,1.110,1.110,1.110,0.014,0.014,0.014,0.000,0.000
60,3,1.020,1.020,1.020,0.016,0.016,0.016,0.000,0.000
60,3,1.189,1.189,1.189,0.016,0.016,0.016,0.000,0.000
60,3,1.193,1.193,1.193,0.014,0.014,0.014,0.000,0.000
60,3,1.108,1.108,1.108,0.014,0.014,0.014,0.000,0.000
60,3,1.026,1.026,1.026,0.017,0.017,0.017,0.000,0.000
60,3,1.164,1.164,1.164,0.015,0.015,0.015,0.000,0.000
60,3,1.039,1.039,1.039,0.014,0.014,0.014,0.000,0.000
60,3,1.148,1.148,1.148,0.014,0.014,0.014,0.000,0.000
60,3,1.119,1.119,1.119,0.015,0.015,0.015,0.000,0.000
60,3,1.047,1.047,1.047,0.014,0.014,0.014,0.000,0.000
60,3,1.032,1.032,1.032,0.015,0.015,0.015,0.000,0.000
60,3,1.109,1.109,1.109,0.015,0.015,0.015,0.000,0.000
60,3,1.148,1.148,1.148,0.014,0.014,0.014,0.000,0.000
60,3,1.064,1.064,1.064,0.015,0.015,0.015,0.000,0.000
60,3,1.095,1.095,1.095,0.015,0.015,0.015,0.000,0.000
60,3,1.063,1.063,1.063,0.014,0.014,0.014,0.000,0.000
60,3,1.011,1.011,1.011,0.014,0.014,0.014,0.000,0.000
60,3,1.083,1.083,1.083,0.018,0.018,0.018,0.000,0.000
60,3,1.053,1.053,1.053,0.018,0.018,0.018,0.000,0.000
60,3,1.075,1.075,1.075,0.014,0.014,0.014,0.000,0.000
60,3,1.205,1.205,1.205,0.014,0.014,0.014,0.000,0.000
60,4,1.151,1.151,1.151,0.015,0.015,0.015,0.000,0.000
60,4,1.106,1.106,1.106,0.018,0.018,0.018,0.000,0.000
60,4,1.057,1.057,1.057,0.016,0.016,0.016,0.000,0.000
60,4,1.090,1.090,1.090,0.018,0.018,0.018,0.000,0.000
60,4,1.033,1.033,1.033,0.014,0.014,0.014,0.000,0.000
60,4,1.095,1.095,1.095,0.014,0.014,0.014,0.000,0.000
60,4,1.052,1.052,1.052,0.016,0.016,0.016,0.000,0.000
60,4,1.113,1.113,1.113,0.017,0.017,0.017,0.000,0.000
60,4,1.198,1.198,1.198,0.014,0.014,0.014,0.000,0.000
60,4,1.033,1.033,1.033,0.015,0.015,0.015,0.000,0.000
60,4,1.068,1.068,1.068,0.014,0.014,0.014,0.000,0.000
60,4,1.155,1.155,1.155,0.015,0.015,0.015,0.000,0.000
60,4,1.081,1.081,1.081,0.014,0.014,0.014,0.000,0.000
60,4,1.149,1.149,1.149,0.014,0.014,0.014,0.000,0.000
60,4,1.070,1.070,1.070,0.014,0.014,0.014,0.000,0.000
60,4,1.067,1.067,1.067,0.016,0.016,0.016,0.000,0.000
60,4,1.220,1.220,1.220,0.016,0.016,0.016,0.000,0.000
60,4,1.080,1.080,1.080,0.016,0.016,0.016,0.000,0.000
60,4,1.086,1.086,1.086,0.019,0.019,0.019,0.000,0.000
60,4,1.261,1.261,1.261,0.015,0.015,0.015,0.000,0.000
60,4,1.058,1.058,1.058,0.016,0.016,0.016,0.000,0.000
60,4,1.250,1.250,1.250,0.015,0.015,0.015,0.000,0.000
60,4,1.058,1.058,1.058,0.014,0.014,0.014,0.000,0.000
60,4,1.091,1.091,1.091,0.017,0.017,0.017,0.000,0.000
60,4,1.036,1.036,1.036,0.017,0.017,0.017,0.000,0.000
60,4,1.059,1.059,1.059,0.014,0.014,0.014,0.000,0.000
60,4,1.170,1.170,1.170,0.016,0.016,0.016,0.000,0.000
60,4,1.125,1.125,1.125,0.018,0.018,0.018,0.000,0.000
60,4,1.151,1.151,1.151,0.016,0.016,0.016,0.000,0.000
60,4,1.141,1.141,1.141,0.018,0.018,0.018,0.000,0.000
60,4,1.280,1.280,1.280,0.016,0.016,0.016,0.000,0.000
60,4,1.234,1.234,1.234,0.016,0.016,0.016,0.000,0.000
60,4,1.089,1.089,1.089,0.017,0.017,0.017,0.000,0.000
60,4,1.112,1.112,1.112,0.015,0.015,0.015,0.000,0.000
60,4,1.136,1.136,1.136,0.014,0.014,0.014,0.000,0.000
60,4,1.074,1.074,1.074,0.015,0.015,0.015,0.000,0.000
60,4,1.115,1.115,1.115,0.017,0.017,0.017,0.000,0.000
60,4,1.261,1.261,1.261,0.014,0.014,0.014,0.000,0.000
60,4,1.150,1.150,1.150,0.016,0.016,0.016,0.000,0.000
60,4,1.246,1.246,1.246,0.018,0.018,0.018,0.000,0.000
60,4,1.061,1.061,1.061,0.019,0.019,0.019,0.000,0.000
60,4,1.100,1.100,1.100,0.018,0.018,0.018,0.000,0.000
60,4,1.022,1.022,1.022,0.014,0.014,0.014,0.000,0.000
60,4,1.025,1.025,1.025,0.015,0.015,0.015,0.000,0.000
60,4,1.091,1.091,1.091,0.014,0.014,0.014,0.000,0.000
60,4,1.162,1.162,1.162,0.024,0.024,0.024,0.000,0.000
60,4,1.116,1.116,1.116,0.014,0.014,0.014,0.000,0.000
60,4,1.220,1.220,1.220,0.019,0.019,0.019,0.000,0.000
60,4,1.160,1.160,1.160,0.017,0.017,0.017,0.000,0.000
60,4,1.293,1.293,1.293,0.015,0.015,0.015,0.000,0.000
60,4,1.127,1.127,1.127,0.015,0.015,0.015,0.000,0.000
60,4,1.171,1.171,1.171,0.014,0.014,0.014,0.000,0.000
60,4,1.075,1.075,1.075,0.017,0.017,0.017,0.000,0.000
60,4,1.032,1.032,1.032,0.014,0.014,0.014,0.000,0.000
60,4,1.091,1.091,1.091,0.017,0.017,0.017,0.000,0.000
60,4,1.145,1.145,1.145,0.016,0.016,0.016,0.000,0.000
60,4,1.124,1.124,1.124,0.015,0.015,0.015,0.000,0.000
60,4,1.151,1.151,1.151,0.015,0.015,0.015,0.000,0.000
60,4,1.049,1.049,1.049,0.014,0.014,0.014,0.000,0.000
60,4,1.102,1.102,1.102,0.016,0.016,0.016,0.000,0.000
60,4,1.097,1.097,1.097,0.016,0.016,0.016,0.000,0.000
60,4,1.120,1.120,1.120,0.014,0.014,0.014,0.000,0.000
60,4,1.090,1.090,1.090,0.017,0.017,0.017,0.000,0.000
60,4,1.053,1.053,1.053,0.016,0.016,0.016,0.000,0.000
60,4,1.292,1.292,1.292,0.016,0.016,0.016,0.000,0.000
60,4,1.088,1.088,1.088,0.017,0.017,0.017,0.000,0.000
60,4,1.186,1.186,1.186,0.014,0.014,0.014,0.000,0.000
60,4,1.190,1.190,1.190,0.017,0.017,0.017,0.000,0.000
60,4,1.158,1.158,1.158,0.015,0.015,0.015,0.000,0.000
60,4,1.096,1.096,1.096,0.017,0.017,0.017,0.000,0.000
60,4,1.111,1.111,1.111,0.016,0.016,0.016,0.000,0.000
60,4,1.060,1.060,1.060,0.014,0.014,0.014,0.000,0.000
60,4,1.150,1.150,1.150,0.014,0.014,0.014,0.000,0.000
60,4,1.146,1.146,1.146,0.022,0.022,0.022,0.000,0.000
60,4,1.044,1.044,1.044,0.017,0.017,0.017,0.000,0.000
60,4,1.038,1.038,1.038,0.014,0.014,0.014,0.000,0.000
60,4,1.063,1.063,1.063,0.014,0.014,0.014,0.000,0.000
60,4,1.158,1.158,1.158,0.019,0.019,0.019,0.000,0.000
60,4,1.247,1.247,1.247,0.014,0.014,0.014,0.000,0.000
60,4,1.107,1.107,1.107,0.014,0.014,0.014,0.000,0.000
60,4,1.091,1.091,1.091,0.015,0.015,0.015,0.000,0.000
60,4,1.097,1.097,1.097,0.016,0.016,0.016,0.000,0.000
60,4,1.050,1.050,1.050,0.015,0.015,0.015,0.000,0.000
60,4,1.041,1.041,1.041,0.014,0.014,0.014,0.000,0.000
60,4,1.244,1.244,1.244,0.020,0.020,0.020,0.000,0.000
60,4,1.203,1.203,1.203,0.015,0.015,0.015,0.000,0.000
60,4,1.065,1.065,1.065,0.016,0.016,0.016,0.000,0.000
60,4,1.075,1.075,1.075,0.018,0.018,0.018,0.000,0.000
60,4,1.264,1.264,1.264,0.016,0.016,0.016,0.000,0.000
60,4,1.083,1.083,1.083,0.018,0.018,0.018,0.000,0.000
60,4,1.044,1.044,1.044,0.016,0.016,0.016,0.000,0.000
60,4,1.164,1.164,1.164,0.015,0.015,0.015,0.000,0.000
60,4,1.154,1.154,1.154,0.014,0.014,0.014,0.000,0.000
60,4,1.087,1.087,1.087,0.014,0.014,0.014,0.000,0.000
60,4,1.072,1.072,1.072,0.015,0.015,0.015,0.000,0.000
60,4,1.028,1.028,1.028,0.014,0.014,0.014,0.000,0.000
60,4,1.159,1.159,1.159,0.014,0.014,0.014,0.000,0.000
60,4,1.191,1.191,1.191,0.014,0.014,0.014,0.000,0.000
60,4,1.126,1.126,1.126,0.014,0.014,0.014,0.000,0.000
60,4,1.110,1.110,1.110,0.016,0.016,0.016,0.000,0.000
60,5,1.168,1.168,1.168,0.015,0.015,0.015,0.000,0.000
60,5,1.236,1.236,1.236,0.017,0.017,0.017,0.000,0.000
60,5,1.108,1.108,1.108,0.014,0.014,0.014,0.000,0.000
60,5,1.124,1.124,1.124,0.016,0.016,0.016,0.000,0.000
60,5,1.067,1.067,1.067,0.014,0.014,0.014,0.000,0.000
60,5,1.162,1.162,1.162,0.015,0.015,0.015,0.000,0.000
60,5,1.131,1.131,1.131,0.017,0.017,0.017,0.000,0.000
60,5,1.085,1.085,1.085,0.014,0.014,0.014,0.000,0.000
60,5,1.064,1.064,1.064,0.016,0.016,0.016,0.000,0.000
60,5,1.063,1.063,1.063,0.015,0.015,0.015,0.000,0.000
60,5,1.102,1.102,1.102,0.015,0.015,0.015,0.000,0.000
60,5,1.021,1.021,1.021,0.014,0.014,0.014,0.000,0.000
60,5,1.136,1.136,1.136,0.017,0.017,0.017,0.000,0.000
60,5,1.218,1.218,1.218,0.014,0.014,0.014,0.000,0.000
60,5,1.105,1.105,1.105,0.013,0.013,0.013,0.000,0.000
60,5,1.163,1.163,1.163,0.015,0.015,0.015,0.000,0.000
60,5,1.084,1.084,1.084,0.014,0.014,0.014,0.000,0.000
60,5,1.210,1.210,1.210,0.015,0.015,0.015,0.000,0.000
60,5,1.077,1.077,1.077,0.014,0.014,0.014,0.000,0.000
60,5,1.170,1.170,1.170,0.023,0.023,0.023,0.000,0.000
60,5,1.028,1.028,1.028,0.014,0.014,0.014,0.000,0.000
60,5,1.124,1.124,1.124,0.014,0.014,0.014,0.000,0.000
60,5,1.060,1.060,1.060,0.017,0.017,0.017,0.000,0.000
60,5,1.165,1.165,1.165,0.026,0.026,0.026,0.000,0.000
60,5,1.169,1.169,1.169,0.018,0.018,0.018,0.000,0.000
60,5,1.066,1.066,1.066,0.023,0.023,0.023,0.000,0.000
60,5,1.188,1.188,1.188,0.014,0.014,0.014,0.000,0.000
60,5,1.214,1.214,1.214,0.015,0.015,0.015,0.000,0.000
60,5,1.112,1.112,1.112,0.019,0.019,0.019,0.000,0.000
60,5,1.123,1.123,1.123,0.015,0.015,0.015,0.000,0.000
60,5,1.105,1.105,1.105,0.017,0.017,0.017,0.000,0.000
60,5,1.172,1.172,1.172,0.014,0.014,0.014,0.000,0.000
60,5,1.061,1.061,1.061,0.016,0.016,0.016,0.000,0.000
60,5,1.128,1.128,1.128,0.014,0.014,0.014,0.000,0.000
60,5,1.123,1.123,1.123,0.015,0.015,0.015,0.000,0.000
60,5,1.087,1.087,1.087,0.021,0.021,0.021,0.000,0.000
60,5,1.199,1.199,1.199,0.014,0.014,0.014,0.000,0.000
60,5,1.236,1.236,1.236,0.020,0.020,0.020,0.000,0.000
60,5,1.159,1.159,1.159,0.016,0.016,0.016,0.000,0.000
60,5,1.061,1.061,1.061,0.016,0.016,0.016,0.000,0.000
60,5,1.128,1.128,1.128,0.014,0.014,0.014,0.000,0.000
60,5,1.196,1.196,1.196,0.014,0.014,0.014,0.000,0.000
60,5,1.113,1.113,1.113,0.015,0.015,0.015,0.000,0.000
60,5,1.138,1.138,1.138,0.015,0.015,0.015,0.000,0.000
60,5,1.150,1.150,1.150,0.014,0.014,0.014,0.000,0.000
60,5,1.133,1.133,1.133,0.017,0.017,0.017,0.000,0.000
60,5,1.089,1.089,1.089,0.018,0.018,0.018,0.000,0.000
60,5,1.110,1.110,1.110,0.017,0.017,0.017,0.000,0.000
60,5,1.086,1.086,1.086,0.017,0.017,0.017,0.000,0.000
60,5,1.199,1.199,1.199,0.016,0.016,0.016,0.000,0.000
60,5,1.285,1.285,1.285,0.015,0.015,0.015,0.000,0.000
60,5,1.175,1.175,1.175,0.015,0.015,0.015,0.000,0.000
60,5,1.209,1.209,1.209,0.015,0.015,0.015,0.000,0.000
60,5,1.103,1.103,1.103,0.015,0.015,0.015,0.000,0.000
60,5,1.231,1.231,1.231,0.017,0.017,0.017,0.000,0.000
60,5,1.040,1.040,1.040,0.016,0.016,0.016,0.000,0.000
60,5,1.136,1.136,1.136,0.017,0.017,0.017,0.000,0.000
60,5,1.114,1.114,1.114,0.015,0.015,0.015,0.000,0.000
60,5,1.126,1.126,1.126,0.016,0.016,0.016,0.000,0.000
60,5,1.055,1.055,1.055,0.015,0.015,0.015,0.000,0.000
60,5,1.174,1.174,1.174,0.014,0.014,0.014,0.000,0.000
60,5,1.111,1.111,1.111,0.014,0.014,0.014,0.000,0.000
60,5,1.210,1.210,1.210,0.017,0.017,0.017,0.000,0.000
60,5,1.170,1.170,1.170,0.017,0.017,0.017,0.000,0.000
60,5,1.111,1.111,1.111,0.016,0.016,0.016,0.000,0.000
60,5,1.108,1.108,1.108,0.017,0.017,0.017,0.000,0.000
60,5,1.063,1.063,1.063,0.014,0.014,0.014,0.000,0.000
60,5,1.020,1.020,1.020,0.014,0.014,0.014,0.000,0.000
60,5,1.078,1.078,1.078,0.016,0.016,0.016,0.000,0.000
60,5,1.154,1.154,1.154,0.018,0.018,0.018,0.000,0.000
60,5,1.054,1.054,1.054,0.014,0.014,0.014,0.000,0.000
60,5,1.122,1.122,1.122,0.018,0.018,0.018,0.000,0.000
60,5,1.108,1.108,1.108,0.020,0.020,0.020,0.000,0.000
60,5,1.169,1.169,1.169,0.018,0.018,0.018,0.000,0.000
60,5,1.119,1.119,1.119,0.017,0.017,0.017,0.000,0.000
60,5,1.072,1.072,1.072,0.015,0.015,0.015,0.000,0.000
60,5,1.057,1.057,1.057,0.014,0.014,0.014,0.000,0.000
60,5,1.099,1.099,1.099,0.014,0.014,0.014,0.000,0.000
60,5,1.129,1.129,1.129,0.016,0.016,0.016,0.000,0.000
60,5,1.126,1.126,1.126,0.017,0.017,0.017,0.000,0.000
60,5,1.125,1.125,1.125,0.015,0.015,0.015,0.000,0.000
60,5,1.108,1.108,1.108,0.014,0.014,0.014,0.000,0.000
60,5,1.205,1.205,1.205,0.014,0.014,0.014,0.000,0.000
60,5,1.042,1.042,1.042,0.014,0.014,0.014,0.000,0.000
60,5,1.054,1.054,1.054,0.015,0.015,0.015,0.000,0.000
60,5,1.082,1.082,1.082,0.020,0.020,0.020,0.000,0.000
60,5,1.126,1.126,1.126,0.016,0.016,0.016,0.000,0.000
60,5,1.109,1.109,1.109,0.016,0.016,0.016,0.000,0.000
60,5,1.118,1.118,1.118,0.016,0.016,0.016,0.000,0.000
60,5,1.184,1.184,1.184,0.016,0.016,0.016,0.000,0.000
60,5,1.080,1.080,1.080,0.014,0.014,0.014,0.000,0.000
60,5,1.094,1.094,1.094,0.018,0.018,0.018,0.000,0.000
60,5,1.033,1.033,1.033,0.014,0.014,0.014,0.000,0.000
60,5,1.151,1.151,1.151,0.019,0.019,0.019,0.000,0.000
60,5,1.149,1.149,1.149,0.018,0.018,0.018,0.000,0.000
60,5,1.080,1.080,1.080,0.014,0.014,0.014,0.000,0.000
60,5,1.103,1.103,1.103,0.020,0.020,0.020,0.000,0.000
60,5,1.065,1.065,1.065,0.017,0.017,0.017,0.000,0.000
60,5,1.096,1.096,1.096,0.016,0.016,0.016,0.000,0.000
60,5,1.189,1.189,1.189,0.016,0.016,0.016,0.000,0.000
60,6,1.220,1.220,1.220,0.015,0.015,0.015,0.000,0.000
60,6,1.222,1.222,1.222,0.014,0.014,0.014,0.000,0.000
60,6,1.129,1.129,1.129,0.014,0.014,0.014,0.000,0.000
60,6,1.138,1.138,1.138,0.015,0.015,0.015,0.000,0.000
60,6,1.058,1.058,1.058,0.014,0.014,0.014,0.000,0.000
60,6,1.138,1.138,1.138,0.018,0.018,0.018,0.000,0.000
60,6,1.118,1.118,1.118,0.017,0.017,0.017,0.000,0.000
60,6,1.117,1.117,1.117,0.013,0.013,0.013,0.000,0.000
60,6,1.080,1.080,1.080,0.015,0.015,0.015,0.000,0.000
60,6,1.108,1.108,1.108,0.019,0.019,0.019,0.000,0.000
60,6,1.073,1.073,1.073,0.017,0.017,0.017,0.000,0.000
60,6,1.107,1.107,1.107,0.015,0.015,0.015,0.000,0.000
60,6,1.171,1.171,1.171,0.015,0.015,0.015,0.000,0.000
60,6,1.066,1.066,1.066,0.023,0.023,0.023,0.000,0.000
60,6,1.135,1.135,1.135,0.020,0.020,0.020,0.000,0.000
60,6,1.177,1.177,1.177,0.020,0.020,0.020,0.000,0.000
60,6,1.089,1.089,1.089,0.018,0.018,0.018,0.000,0.000
60,6,1.115,1.115,1.115,0.015,0.015,0.015,0.000,0.000
60,6,1.085,1.085,1.085,0.016,0.016,0.016,0.000,0.000
60,6,1.101,1.101,1.101,0.014,0.014,0.014,0.000,0.000
60,6,1.030,1.030,1.030,0.014,0.014,0.014,0.000,0.000
60,6,1.185,1.185,1.185,0.014,0.014,0.014,0.000,0.000
60,6,1.076,1.076,1.076,0.020,0.020,0.020,0.000,0.000
60,6,1.047,1.047,1.047,0.015,0.015,0.015,0.000,0.000
60,6,1.107,1.107,1.107,0.014,0.014,0.014,0.000,0.000
60,6,1.158,1.158,1.158,0.014,0.014,0.014,0.000,0.000
60,6,1.133,1.133,1.133,0.019,0.019,0.019,0.000,0.000
60,6,1.068,1.068,1.068,0.018,0.018,0.018,0.000,0.000
60,6,1.150,1.150,1.150,0.015,0.015,0.015,0.000,0.000
60,6,1.107,1.107,1.107,0.014,0.014,0.014,0.000,0.000
60,6,1.170,1.170,1.170,0.014,0.014,0.014,0.000,0.000
60,6,1.301,1.301,1.301,0.015,0.015,0.015,0.000,0.000
60,6,1.104,1.104,1.104,0.015,0.015,0.015,0.000,0.000
60,6,1.077,1.077,1.077,0.015,0.015,0.015,0.000,0.000
60,6,1.119,1.119,1.119,0.017,0.017,0.017,0.000,0.000
60,6,1.115,1.115,1.115,0.015,0.015,0.015,0.000,0.000
60,6,1.163,1.163,1.163,0.021,0.021,0.021,0.000,0.000
60,6,1.167,1.167,1.167,0.019,0.019,0.019,0.000,0.000
60,6,1.123,1.123,1.123,0.015,0.015,0.015,0.000,0.000
60,6,1.144,1.144,1.144,0.016,0.016,0.016,0.000,0.000
60,6,1.271,1.271,1.271,0.020,0.020,0.020,0.000,0.000
60,6,1.132,1.132,1.132,0.017,0.017,0.017,0.000,0.000
60,6,1.185,1.185,1.185,0.014,0.014,0.014,0.000,0.000
60,6,1.018,1.018,1.018,0.020,0.020,0.020,0.000,0.000
60,6,1.110,1.110,1.110,0.015,0.015,0.015,0.000,0.000
60,6,1.162,1.162,1.162,0.018,0.018,0.018,0.000,0.000
60,6,1.071,1.071,1.071,0.018,0.018,0.018,0.000,0.000
60,6,1.175,1.175,1.175,0.017,0.017,0.017,0.000,0.000
60,6,1.248,1.248,1.248,0.014,0.014,0.014,0.000,0.000
60,6,1.073,1.073,1.073,0.016,0.016,0.016,0.000,0.000
60,6,1.035,1.035,1.035,0.017,0.017,0.017,0.000,0.000
60,6,1.125,1.125,1.125,0.014,0.014,0.014,0.000,0.000
60,6,1.093,1.093,1.093,0.018,0.018,0.018,0.000,0.000
60,6,1.106,1.106,1.106,0.016,0.016,0.016,0.000,0.000
60,6,1.019,1.019,1.019,0.014,0.014,0.014,0.000,0.000
60,6,1.051,1.051,1.051,0.016,0.016,0.016,0.000,0.000
60,6,1.156,1.156,1.156,0.014,0.014,0.014,0.000,0.000
60,6,1.128,1.128,1.128,0.013,0.013,0.013,0.000,0.000
60,6,1.058,1.058,1.058,0.018,0.018,0.018,0.000,0.000
60,6,1.194,1.194,1.194,0.015,0.015,0.015,0.000,0.000
60,6,1.167,1.167,1.167,0.015,0.015,0.015,0.000,0.000
60,6,1.109,1.109,1.109,0.016,0.016,0.016,0.000,0.000
60,6,1.056,1.056,1.056,0.016,0.016,0.016,0.000,0.000
60,6,1.039,1.039,1.039,0.020,0.020,0.020,0.000,0.000
60,6,1.023,1.023,1.023,0.014,0.014,0.014,0.000,0.000
60,6,1.068,1.068,1.068,0.016,0.016,0.016,0.000,0.000
60,6,1.074,1.074,1.074,0.016,0.016,0.016,0.000,0.000
60,6,1.171,1.171,1.171,0.015,0.015,0.015,0.000,0.000
60,6,1.126,1.126,1.126,0.015,0.015,0.015,0.000,0.000
60,6,1.129,1.129,1.129,0.015,0.015,0.015,0.000,0.000
60,6,1.087,1.087,1.087,0.015,0.015,0.015,0.000,0.000
60,6,1.024,1.024,1.024,0.014,0.014,0.014,0.000,0.000
60,6,1.052,1.052,1.052,0.015,0.015,0.015,0.000,0.000
60,6,1.177,1.177,1.177,0.016,0.016,0.016,0.000,0.000
60,6,1.227,1.227,1.227,0.017,0.017,0.017,0.000,0.000
60,6,1.078,1.078,1.078,0.014,0.014,0.014,0.000,0.000
60,6,1.047,1.047,1.047,0.015,0.015,0.015,0.000,0.000
60,6,1.237,1.237,1.237,0.014,0.014,0.014,0.000,0.000
60,6,1.172,1.172,1.172,0.017,0.017,0.017,0.000,0.000
60,6,1.073,1.073,1.073,0.015,0.015,0.015,0.000,0.000
60,6,1.054,1.054,1.054,0.022,0.022,0.022,0.000,0.000
60,6,1.147,1.147,1.147,0.014,0.014,0.014,0.000,0.000
60,6,1.172,1.172,1.172,0.015,0.015,0.015,0.000,0.000
60,6,1.040,1.040,1.040,0.018,0.018,0.018,0.000,0.000
60,6,1.077,1.077,1.077,0.020,0.020,0.020,0.000,0.000
60,6,1.111,1.111,1.111,0.016,0.016,0.016,0.000,0.000
60,6,1.068,1.068,1.068,0.014,0.014,0.014,0.000,0.000
60,6,1.093,1.093,1.093,0.015,0.015,0.015,0.000,0.000
60,6,1.198,1.198,1.198,0.019,0.019,0.019,0.000,0.000
60,6,1.141,1.141,1.141,0.017,0.017,0.017,0.000,0.000
60,6,1.096,1.096,1.096,0.015,0.015,0.015,0.000,0.000
60,6,1.198,1.198,1.198,0.017,0.017,0.017,0.000,0.000
60,6,1.191,1.191,1.191,0.017,0.017,0.017,0.000,0.000
60,6,1.054,1.054,1.054,0.015,0.015,0.015,0.000,0.000
60,6,1.105,1.105,1.105,0.016,0.016,0.016,0.000,0.000
60,6,1.117,1.117,1.117,0.016,0.016,0.016,0.000,0.000
60,6,1.074,1.074,1.074,0.014,0.014,0.014,0.000,0.000
60,6,1.034,1.034,1.034,0.022,0.022,0.022,0.000,0.000
60,6,1.118,1.118,1.118,0.018,0.018,0.018,0.000,0.000
60,6,1.186,1.186,1.186,0.016,0.016,0.016,0.000,0.000
60,7,1.141,1.141,1.141,0.015,0.015,0.015,0.000,0.000
60,7,1.124,1.124,1.124,0.016,0.016,0.016,0.000,0.000
60,7,1.178,1.178,1.178,0.014,0.014,0.014,0.000,0.000
60,7,1.093,1.093,1.093,0.014,0.014,0.014,0.000,0.000
60,7,1.132,1.132,1.132,0.015,0.015,0.015,0.000,0.000
60,7,1.069,1.069,1.069,0.018,0.018,0.018,0.000,0.000
60,7,1.059,1.059,1.059,0.015,0.015,0.015,0.000,0.000
60,7,1.139,1.139,1.139,0.017,0.017,0.017,0.000,0.000
60,7,1.212,1.212,1.212,0.018,0.018,0.018,0.000,0.000
60,7,1.273,1.273,1.273,0.016,0.016,0.016,0.000,0.000
60,7,1.116,1.116,1.116,0.014,0.014,0.014,0.000,0.000
60,7,1.138,1.138,1.138,0.019,0.019,0.019,0.000,0.000
60,7,1.111,1.111,1.111,0.014,0.014,0.014,0.000,0.000
60,7,1.199,1.199,1.199,0.018,0.018,0.018,0.000,0.000
60,7,1.124,1.124,1.124,0.014,0.014,0.014,0.000,0.000
60,7,1.159,1.159,1.159,0.049,0.049,0.049,0.000,0.000
60,7,1.062,1.062,1.062,0.027,0.027,0.027,0.000,0.000
60,7,1.045,1.045,1.045,0.018,0.018,0.018,0.000,0.000
60,7,1.039,1.039,1.039,0.020,0.020,0.020,0.000,0.000
60,7,1.100,1.100,1.100,0.016,0.016,0.016,0.000,0.000
60,7,1.059,1.059,1.059,0.025,0.025,0.025,0.000,0.000
60,7,1.094,1.094,1.094,0.017,0.017,0.017,0.000,0.000
60,7,1.143,1.143,1.143,0.018,0.018,0.018,0.000,0.000
60,7,1.165,1.165,1.165,0.026,0.026,0.026,0.000,0.000
60,7,1.077,1.077,1.077,0.018,0.018,0.018,0.000,0.000
60,7,1.158,1.158,1.158,0.016,0.016,0.016,0.000,0.000
60,7,1.156,1.156,1.156,0.014,0.014,0.014,0.000,0.000
60,7,1.140,1.140,1.140,0.016,0.016,0.016,0.000,0.000
60,7,1.150,1.150,1.150,0.014,0.014,0.014,0.000,0.000
60,7,1.073,1.073,1.073,0.017,0.017,0.017,0.000,0.000
60,7,1.087,1.087,1.087,0.021,0.021,0.021,0.000,0.000
60,7,1.115,1.115,1.115,0.014,0.014,0.014,0.000,0.000
60,7,1.039,1.039,1.039,0.016,0.016,0.016,0.000,0.000
60,7,1.108,1.108,1.108,0.015,0.015,0.015,0.000,0.000
60,7,1.139,1.139,1.139,0.016,0.016,0.016,0.000,0.000
60,7,1.087,1.087,1.087,0.014,0.014,0.014,0.000,0.000
60,7,1.054,1.054,1.054,0.016,0.016,0.016,0.000,0.000
60,7,1.110,1.110,1.110,0.017,0.017,0.017,0.000,0.000
60,7,1.083,1.083,1.083,0.015,0.015,0.015,0.000,0.000
60,7,1.175,1.175,1.175,0.014,0.014,0.014,0.000,0.000
60,7,1.054,1.054,1.054,0.014,0.014,0.014,0.000,0.000
60,7,1.184,1.184,1.184,0.017,0.017,0.017,0.000,0.000
60,7,1.119,1.119,1.119,0.015,0.015,0.015,0.000,0.000
60,7,1.200,1.200,1.200,0.019,0.019,0.019,0.000,0.000
60,7,1.146,1.146,1.146,0.016,0.016,0.016,0.000,0.000
60,7,1.100,1.100,1.100,0.017,0.017,0.017,0.000,0.000
60,7,1.092,1.092,1.092,0.017,0.017,0.017,0.000,0.000
60,7,1.125,1.125,1.125,0.020,0.020,0.020,0.000,0.000
60,7,1.136,1.136,1.136,0.015,0.015,0.015,0.000,0.000
60,7,1.070,1.070,1.070,0.015,0.015,0.015,0.000,0.000
60,7,1.146,1.146,1.146,0.015,0.015,0.015,0.000,0.000
60,7,1.104,1.104,1.104,0.014,0.014,0.014,0.000,0.000
60,7,1.137,1.137,1.137,0.017,0.017,0.017,0.000,0.000
60,7,1.097,1.097,1.097,0.018,0.018,0.018,0.000,0.000
60,7,1.095,1.095,1.095,0.016,0.016,0.016,0.000,0.000
60,7,1.060,1.060,1.060,0.014,0.014,0.014,0.000,0.000
60,7,1.034,1.034,1.034,0.020,0.020,0.020,0.000,0.000
60,7,1.102,1.102,1.102,0.014,0.014,0.014,0.000,0.000
60,7,1.207,1.207,1.207,0.016,0.016,0.016,0.000,0.000
60,7,1.139,1.139,1.139,0.016,0.016,0.016,0.000,0.000
60,7,1.144,1.144,1.144,0.017,0.017,0.017,0.000,0.000
60,7,1.071,1.071,1.071,0.014,0.014,0.014,0.000,0.000
60,7,1.181,1.181,1.181,0.014,0.014,0.014,0.000,0.000
60,7,1.127,1.127,1.127,0.015,0.015,0.015,0.000,0.000
60,7,1.177,1.177,1.177,0.015,0.015,0.015,0.000,0.000
60,7,1.060,1.060,1.060,0.014,0.014,0.014,0.000,0.000
60,7,1.079,1.079,1.079,0.015,0.015,0.015,0.000,0.000
60,7,1.082,1.082,1.082,0.014,0.014,0.014,0.000,0.000
60,7,1.139,1.139,1.139,0.016,0.016,0.016,0.000,0.000
60,7,1.104,1.104,1.104,0.013,0.013,0.013,0.000,0.000
60,7,1.062,1.062,1.062,0.017,0.017,0.017,0.000,0.000
60,7,1.278,1.278,1.278,0.026,0.026,0.026,0.000,0.000
60,7,1.090,1.090,1.090,0.014,0.014,0.014,0.000,0.000
60,7,1.151,1.151,1.151,0.017,0.017,0.017,0.000,0.000
60,7,1.051,1.051,1.051,0.015,0.015,0.015,0.000,0.000
60,7,1.125,1.125,1.125,0.014,0.014,0.014,0.000,0.000
60,7,1.108,1.108,1.108,0.015,0.015,0.015,0.000,0.000
60,7,1.223,1.223,1.223,0.018,0.018,0.018,0.000,0.000
60,7,1.111,1.111,1.111,0.017,0.017,0.017,0.000,0.000
60,7,1.175,1.175,1.175,0.014,0.014,0.014,0.000,0.000
60,7,1.171,1.171,1.171,0.018,0.018,0.018,0.000,0.000
60,7,1.187,1.187,1.187,0.015,0.015,0.015,0.000,0.000
60,7,1.064,1.064,1.064,0.016,0.016,0.016,0.000,0.000
60,7,1.146,1.146,1.146,0.016,0.016,0.016,0.000,0.000
60,7,1.184,1.184,1.184,0.019,0.019,0.019,0.000,0.000
60,7,1.026,1.026,1.026,0.015,0.015,0.015,0.000,0.000
60,7,1.027,1.027,1.027,0.014,0.014,0.014,0.000,0.000
60,7,1.173,1.173,1.173,0.016,0.016,0.016,0.000,0.000
60,7,1.174,1.174,1.174,0.015,0.015,0.015,0.000,0.000
60,7,1.073,1.073,1.073,0.016,0.016,0.016,0.000,0.000
60,7,1.162,1.162,1.162,0.016,0.016,0.016,0.000,0.000
60,7,1.070,1.070,1.070,0.014,0.014,0.014,0.000,0.000
60,7,1.019,1.019,1.019,0.015,0.015,0.015,0.000,0.000
60,7,1.135,1.135,1.135,0.016,0.016,0.016,0.000,0.000
60,7,1.245,1.245,1.245,0.014,0.014,0.014,0.000,0.000
60,7,1.087,1.087,1.087,0.017,0.017,0.017,0.000,0.000
60,7,1.161,1.161,1.161,0.014,0.014,0.014,0.000,0.000
60,7,1.267,1.267,1.267,0.016,0.016,0.016,0.000,0.000
60,7,1.135,1.135,1.135,0.016,0.016,0.016,0.000,0.000
60,7,1.070,1.070,1.070,0.015,0.015,0.015,0.000,0.000
60,8,1.093,1.093,1.093,0.014,0.014,0.014,0.000,0.000
60,8,1.091,1.091,1.091,0.015,0.015,0.015,0.000,0.000
60,8,1.197,1.197,1.197,0.024,0.024,0.024,0.000,0.000
60,8,1.057,1.057,1.057,0.017,0.017,0.017,0.000,0.000
60,8,1.190,1.190,1.190,0.014,0.014,0.014,0.000,0.000
60,8,1.128,1.128,1.128,0.016,0.016,0.016,0.000,0.000
60,8,1.168,1.168,1.168,0.015,0.015,0.015,0.000,0.000
60,8,1.127,1.127,1.127,0.015,0.015,0.015,0.000,0.000
60,8,1.107,1.107,1.107,0.015,0.015,0.015,0.000,0.000
60,8,1.153,1.153,1.153,0.018,0.018,0.018,0.000,0.000
60,8,1.095,1.095,1.095,0.018,0.018,0.018,0.000,0.000
60,8,1.110,1.110,1.110,0.018,0.018,0.018,0.000,0.000
60,8,1.117,1.117,1.117,0.019,0.019,0.019,0.000,0.000
60,8,1.379,1.379,1.379,0.014,0.014,0.014,0.000,0.000
60,8,1.201,1.201,1.201,0.016,0.016,0.016,0.000,0.000
60,8,1.049,1.049,1.049,0.015,0.015,0.015,0.000,0.000
60,8,1.108,1.108,1.108,0.015,0.015,0.015,0.000,0.000
60,8,1.055,1.055,1.055,0.014,0.014,0.014,0.000,0.000
60,8,1.076,1.076,1.076,0.014,0.014,0.014,0.000,0.000
60,8,1.106,1.106,1.106,0.018,0.018,0.018,0.000,0.000
60,8,1.095,1.095,1.095,0.016,0.016,0.016,0.000,0.000
60,8,1.057,1.057,1.057,0.014,0.014,0.014,0.000,0.000
60,8,1.041,1.041,1.041,0.013,0.013,0.013,0.000,0.000
60,8,1.056,1.056,1.056,0.014,0.014,0.014,0.000,0.000
60,8,1.182,1.182,1.182,0.019,0.019,0.019,0.000,0.000
60,8,1.203,1.203,1.203,0.015,0.015,0.015,0.000,0.000
60,8,1.086,1.086,1.086,0.016,0.016,0.016,0.000,0.000
60,8,1.125,1.125,1.125,0.021,0.021,0.021,0.000,0.000
60,8,1.069,1.069,1.069,0.017,0.017,0.017,0.000,0.000
60,8,1.200,1.200,1.200,0.016,0.016,0.016,0.000,0.000
60,8,1.091,1.091,1.091,0.016,0.016,0.016,0.000,0.000
60,8,1.079,1.079,1.079,0.021,0.021,0.021,0.000,0.000
60,8,1.037,1.037,1.037,0.015,0.015,0.015,0.000,0.000
60,8,1.085,1.085,1.085,0.016,0.016,0.016,0.000,0.000
60,8,1.207,1.207,1.207,0.015,0.015,0.015,0.000,0.000
60,8,1.022,1.022,1.022,0.016,0.016,0.016,0.000,0.000
60,8,1.030,1.030,1.030,0.022,0.022,0.022,0.000,0.000
60,8,1.261,1.261,1.261,0.014,0.014,0.014,0.000,0.000
60,8,1.108,1.108,1.108,0.021,0.021,0.021,0.000,0.000
60,8,1.130,1.130,1.130,0.017,0.017,0.017,0.000,0.000
60,8,1.187,1.187,1.187,0.016,0.016,0.016,0.000,0.000
60,8,1.079,1.079,1.079,0.016,0.016,0.016,0.000,0.000
60,8,1.102,1.102,1.102,0.016,0.016,0.016,0.000,0.000
60,8,1.245,1.245,1.245,0.021,0.021,0.021,0.000,0.000
60,8,1.114,1.114,1.114,0.015,0.015,0.015,0.000,0.000
60,8,1.230,1.230,1.230,0.017,0.017,0.017,0.000,0.000
60,8,1.192,1.192,1.192,0.013,0.013,0.013,0.000,0.000
60,8,1.069,1.069,1.069,0.016,0.016,0.016,0.000,0.000
60,8,1.052,1.052,1.052,0.023,0.023,0.023,0.000,0.000
60,8,1.111,1.111,1.111,0.016,0.016,0.016,0.000,0.000
60,8,1.197,1.197,1.197,0.015,0.015,0.015,0.000,0.000
60,8,1.087,1.087,1.087,0.024,0.024,0.024,0.000,0.000
60,8,1.102,1.102,1.102,0.018,0.018,0.018,0.000,0.000
60,8,1.109,1.109,1.109,0.017,0.017,0.017,0.000,0.000
60,8,1.039,1.039,1.039,0.015,0.015,0.015,0.000,0.000
60,8,1.207,1.207,1.207,0.024,0.024,0.024,0.000,0.000
60,8,1.218,1.218,1.218,0.016,0.016,0.016,0.000,0.000
60,8,1.186,1.186,1.186,0.018,0.018,0.018,0.000,0.000
60,8,1.092,1.092,1.092,0.014,0.014,0.014,0.000,0.000
60,8,1.073,1.073,1.073,0.014,0.014,0.014,0.000,0.000
60,8,1.051,1.051,1.051,0.023,0.023,0.023,0.000,0.000
60,8,1.124,1.124,1.124,0.016,0.016,0.016,0.000,0.000
60,8,1.236,1.236,1.236,0.015,0.015,0.015,0.000,0.000
60,8,1.090,1.090,1.090,0.016,0.016,0.016,0.000,0.000
60,8,1.041,1.041,1.041,0.014,0.014,0.014,0.000,0.000
60,8,1.102,1.102,1.102,0.015,0.015,0.015,0.000,0.000
60,8,1.100,1.100,1.100,0.014,0.014,0.014,0.000,0.000
60,8,1.047,1.047,1.047,0.014,0.014,0.014,0.000,0.000
60,8,1.118,1.118,1.118,0.014,0.014,0.014,0.000,0.000
60,8,1.160,1.160,1.160,0.014,0.014,0.014,0.000,0.000
60,8,1.131,1.131,1.131,0.014,0.014,0.014,0.000,0.000
60,8,1.112,1.112,1.112,0.018,0.018,0.018,0.000,0.000
60,8,1.104,1.104,1.104,0.019,0.019,0.019,0.000,0.000
60,8,1.092,1.092,1.092,0.015,0.015,0.015,0.000,0.000
60,8,1.150,1.150,1.150,0.015,0.015,0.015,0.000,0.000
60,8,1.133,1.133,1.133,0.016,0.016,0.016,0.000,0.000
60,8,1.129,1.129,1.129,0.014,0.014,0.014,0.000,0.000
60,8,1.229,1.229,1.229,0.014,0.014,0.014,0.000,0.000
60,8,1.176,1.176,1.176,0.014,0.014,0.014,0.000,0.000
60,8,1.168,1.168,1.168,0.017,0.017,0.017,0.000,0.000
60,8,1.197,1.197,1.197,0.016,0.016,0.016,0.000,0.000
60,8,1.081,1.081,1.081,0.020,0.020,0.020,0.000,0.000
60,8,1.044,1.044,1.044,0.017,0.017,0.017,0.000,0.000
60,8,1.082,1.082,1.082,0.016,0.016,0.016,0.000,0.000
60,8,1.154,1.154,1.154,0.015,0.015,0.015,0.000,0.000
60,8,1.125,1.125,1.125,0.015,0.015,0.015,0.000,0.000
60,8,1.157,1.157,1.157,0.020,0.020,0.020,0.000,0.000
60,8,1.113,1.113,1.113,0.019,0.019,0.019,0.000,0.000
60,8,1.133,1.133,1.133,0.015,0.015,0.015,0.000,0.000
60,8,1.072,1.072,1.072,0.016,0.016,0.016,0.000,0.000
60,8,1.046,1.046,1.046,0.017,0.017,0.017,0.000,0.000
60,8,1.157,1.157,1.157,0.020,0.020,0.020,0.000,0.000
60,8,1.078,1.078,1.078,0.020,0.020,0.020,0.000,0.000
60,8,1.099,1.099,1.099,0.016,0.016,0.016,0.000,0.000
60,8,1.086,1.086,1.086,0.015,0.015,0.015,0.000,0.000
60,8,1.139,1.139,1.139,0.015,0.015,0.015,0.000,0.000
60,8,1.068,1.068,1.068,0.015,0.015,0.015,0.000,0.000
60,8,1.098,1.098,1.098,0.022,0.022,0.022,0.000,0.000
60,8,1.094,1.094,1.094,0.015,0.015,0.015,0.000,0.000
60,8,1.039,1.039,1.039,0.014,0.014,0.014,0.000,0.000
60,9,1.099,1.099,1.099,0.014,0.014,0.014,0.000,0.000
60,9,1.154,1.154,1.154,0.019,0.019,0.019,0.000,0.000
60,9,1.085,1.085,1.085,0.014,0.014,0.014,0.000,0.000
60,9,1.239,1.239,1.239,0.016,0.016,0.016,0.000,0.000
60,9,1.177,1.177,1.177,0.015,0.015,0.015,0.000,0.000
60,9,1.161,1.161,1.161,0.016,0.016,0.016,0.000,0.000
60,9,1.175,1.175,1.175,0.014,0.014,0.014,0.000,0.000
60,9,1.121,1.121,1.121,0.014,0.014,0.014,0.000,0.000
60,9,1.067,1.067,1.067,0.025,0.025,0.025,0.000,0.000
60,9,1.150,1.150,1.150,0.014,0.014,0.014,0.000,0.000
60,9,1.208,1.208,1.208,0.015,0.015,0.015,0.000,0.000
60,9,1.084,1.084,1.084,0.015,0.015,0.015,0.000,0.000
60,9,1.066,1.066,1.066,0.016,0.016,0.016,0.000,0.000
60,9,1.081,1.081,1.081,0.022,0.022,0.022,0.000,0.000
60,9,1.097,1.097,1.097,0.016,0.016,0.016,0.000,0.000
60,9,1.128,1.128,1.128,0.018,0.018,0.018,0.000,0.000
60,9,1.200,1.200,1.200,0.015,0.015,0.015,0.000,0.000
60,9,1.138,1.138,1.138,0.014,0.014,0.014,0.000,0.000
60,9,1.060,1.060,1.060,0.016,0.016,0.016,0.000,0.000
60,9,1.127,1.127,1.127,0.014,0.014,0.014,0.000,0.000
60,9,1.107,1.107,1.107,0.014,0.014,0.014,0.000,0.000
60,9,1.153,1.153,1.153,0.016,0.016,0.016,0.000,0.000
60,9,1.041,1.041,1.041,0.019,0.019,0.019,0.000,0.000
60,9,1.076,1.076,1.076,0.015,0.015,0.015,0.000,0.000
60,9,1.078,1.078,1.078,0.015,0.015,0.015,0.000,0.000
60,9,1.196,1.196,1.196,0.020,0.020,0.020,0.000,0.000
60,9,1.255,1.255,1.255,0.015,0.015,0.015,0.000,0.000
60,9,1.213,1.213,1.213,0.015,0.015,0.015,0.000,0.000
60,9,1.107,1.107,1.107,0.017,0.017,0.017,0.000,0.000
60,9,1.093,1.093,1.093,0.016,0.016,0.016,0.000,0.000
60,9,1.050,1.050,1.050,0.015,0.015,0.015,0.000,0.000
60,9,1.099,1.099,1.099,0.014,0.014,0.014,0.000,0.000
60,9,1.103,1.103,1.103,0.020,0.020,0.020,0.000,0.000
60,9,1.051,1.051,1.051,0.014,0.014,0.014,0.000,0.000
60,9,1.080,1.080,1.080,0.014,0.014,0.014,0.000,0.000
60,9,1.084,1.084,1.084,0.013,0.013,0.013,0.000,0.000
60,9,1.081,1.081,1.081,0.014,0.014,0.014,0.000,0.000
60,9,1.125,1.125,1.125,0.018,0.018,0.018,0.000,0.000
60,9,1.202,1.202,1.202,0.016,0.016,0.016,0.000,0.000
60,9,1.135,1.135,1.135,0.016,0.016,0.016,0.000,0.000
60,9,1.221,1.221,1.221,0.014,0.014,0.014,0.000,0.000
60,9,1.144,1.144,1.144,0.014,0.014,0.014,0.000,0.000
60,9,1.108,1.108,1.108,0.015,0.015,0.015,0.000,0.000
60,9,1.051,1.051,1.051,0.017,0.017,0.017,0.000,0.000
60,9,1.095,1.095,1.095,0.019,0.019,0.019,0.000,0.000
60,9,1.102,1.102,1.102,0.017,0.017,0.017,0.000,0.000
60,9,1.094,1.094,1.094,0.020,0.020,0.020,0.000,0.000
60,9,1.186,1.186,1.186,0.024,0.024,0.024,0.000,0.000
60,9,1.165,1.165,1.165,0.018,0.018,0.018,0.000,0.000
60,9,1.061,1.061,1.061,0.016,0.016,0.016,0.000,0.000
60,9,1.061,1.061,1.061,0.017,0.017,0.017,0.000,0.000
60,9,1.082,1.082,1.082,0.014,0.014,0.014,0.000,0.000
60,9,1.084,1.084,1.084,0.018,0.018,0.018,0.000,0.000
60,9,1.113,1.113,1.113,0.017,0.017,0.017,0.000,0.000
60,9,1.194,1.194,1.194,0.016,0.016,0.016,0.000,0.000
60,9,1.182,1.182,1.182,0.019,0.019,0.019,0.000,0.000
60,9,1.210,1.210,1.210,0.016,0.016,0.016,0.000,0.000
60,9,1.093,1.093,1.093,0.018,0.018,0.018,0.000,0.000
60,9,1.220,1.220,1.220,0.029,0.029,0.029,0.000,0.000
60,9,1.043,1.043,1.043,0.015,0.015,0.015,0.000,0.000
60,9,1.160,1.160,1.160,0.017,0.017,0.017,0.000,0.000
60,9,1.098,1.098,1.098,0.014,0.014,0.014,0.000,0.000
60,9,1.187,1.187,1.187,0.018,0.018,0.018,0.000,0.000
60,9,1.045,1.045,1.045,0.017,0.017,0.017,0.000,0.000
60,9,1.121,1.121,1.121,0.015,0.015,0.015,0.000,0.000
60,9,1.097,1.097,1.097,0.017,0.017,0.017,0.000,0.000
60,9,1.068,1.068,1.068,0.016,0.016,0.016,0.000,0.000
60,9,1.157,1.157,1.157,0.019,0.019,0.019,0.000,0.000
60,9,1.087,1.087,1.087,0.018,0.018,0.018,0.000,0.000
60,9,1.112,1.112,1.112,0.015,0.015,0.015,0.000,0.000
60,9,1.127,1.127,1.127,0.019,0.019,0.019,0.000,0.000
60,9,1.087,1.087,1.087,0.018,0.018,0.018,0.000,0.000
60,9,1.131,1.131,1.131,0.018,0.018,0.018,0.000,0.000
60,9,1.116,1.116,1.116,0.018,0.018,0.018,0.000,0.000
60,9,1.200,1.200,1.200,0.016,0.016,0.016,0.000,0.000
60,9,1.241,1.241,1.241,0.015,0.015,0.015,0.000,0.000
60,9,1.107,1.107,1.107,0.015,0.015,0.015,0.000,0.000
60,9,1.170,1.170,1.170,0.014,0.014,0.014,0.000,0.000
60,9,1.176,1.176,1.176,0.014,0.014,0.014,0.000,0.000
60,9,1.192,1.192,1.192,0.014,0.014,0.014,0.000,0.000
60,9,1.071,1.071,1.071,0.018,0.018,0.018,0.000,0.000
60,9,1.186,1.186,1.186,0.015,0.015,0.015,0.000,0.000
60,9,1.112,1.112,1.112,0.014,0.014,0.014,0.000,0.000
60,9,1.032,1.032,1.032,0.020,0.020,0.020,0.000,0.000
60,9,1.160,1.160,1.160,0.015,0.015,0.015,0.000,0.000
60,9,1.161,1.161,1.161,0.017,0.017,0.017,0.000,0.000
60,9,1.126,1.126,1.126,0.014,0.014,0.014,0.000,0.000
60,9,1.076,1.076,1.076,0.014,0.014,0.014,0.000,0.000
60,9,1.045,1.045,1.045,0.017,0.017,0.017,0.000,0.000
60,9,1.156,1.156,1.156,0.014,0.014,0.014,0.000,0.000
60,9,1.215,1.215,1.215,0.014,0.014,0.014,0.000,0.000
60,9,1.159,1.159,1.159,0.016,0.016,0.016,0.000,0.000
60,9,1.176,1.176,1.176,0.017,0.017,0.017,0.000,0.000
60,9,1.068,1.068,1.068,0.016,0.016,0.016,0.000,0.000
60,9,1.063,1.063,1.063,0.020,0.020,0.020,0.000,0.000
60,9,1.095,1.095,1.095,0.015,0.015,0.015,0.000,0.000
60,9,1.167,1.167,1.167,0.022,0.022,0.022,0.000,0.000
60,9,1.164,1.164,1.164,0.014,0.014,0.014,0.000,0.000
60,9,1.059,1.059,1.059,0.015,0.015,0.015,0.000,0.000
60,9,1.096,1.096,1.096,0.015,0.015,0.015,0.000,0.000
60,10,1.033,1.033,1.033,0.014,0.014,0.014,0.000,0.000
60,10,1.126,1.126,1.126,0.016,0.016,0.016,0.000,0.000
60,10,1.098,1.098,1.098,0.014,0.014,0.014,0.000,0.000
60,10,1.154,1.154,1.154,0.014,0.014,0.014,0.000,0.000
60,10,1.100,1.100,1.100,0.014,0.014,0.014,0.000,0.000
60,10,1.085,1.085,1.085,0.016,0.016,0.016,0.000,0.000
60,10,1.070,1.070,1.070,0.016,0.016,0.016,0.000,0.000
60,10,1.076,1.076,1.076,0.016,0.016,0.016,0.000,0.000
60,10,1.111,1.111,1.111,0.015,0.015,0.015,0.000,0.000
60,10,1.075,1.075,1.075,0.014,0.014,0.014,0.000,0.000
60,10,1.191,1.191,1.191,0.015,0.015,0.015,0.000,0.000
60,10,1.091,1.091,1.091,0.016,0.016,0.016,0.000,0.000
60,10,1.201,1.201,1.201,0.017,0.017,0.017,0.000,0.000
60,10,1.028,1.028,1.028,0.014,0.014,0.014,0.000,0.000
60,10,1.164,1.164,1.164,0.015,0.015,0.015,0.000,0.000
60,10,1.133,1.133,1.133,0.020,0.020,0.020,0.000,0.000
60,10,1.102,1.102,1.102,0.014,0.014,0.014,0.000,0.000
60,10,1.076,1.076,1.076,0.017,0.017,0.017,0.000,0.000
60,10,1.218,1.218,1.218,0.014,0.014,0.014,0.000,0.000
60,10,1.213,1.213,1.213,0.016,0.016,0.016,0.000,0.000
60,10,1.092,1.092,1.092,0.015,0.015,0.015,0.000,0.000
60,10,1.103,1.103,1.103,0.014,0.014,0.014,0.000,0.000
60,10,1.073,1.073,1.073,0.019,0.019,0.019,0.000,0.000
60,10,1.177,1.177,1.177,0.014,0.014,0.014,0.000,0.000
60,10,1.239,1.239,1.239,0.017,0.017,0.017,0.000,0.000
60,10,1.115,1.115,1.115,0.013,0.013,0.013,0.000,0.000
60,10,1.079,1.079,1.079,0.020,0.020,0.020,0.000,0.000
60,10,1.177,1.177,1.177,0.014,0.014,0.014,0.000,0.000
60,10,1.156,1.156,1.156,0.015,0.015,0.015,0.000,0.000
60,10,1.100,1.100,1.100,0.022,0.022,0.022,0.000,0.000
60,10,1.286,1.286,1.286,0.019,0.019,0.019,0.000,0.000
60,10,1.173,1.173,1.173,0.015,0.015,0.015,0.000,0.000
60,10,1.180,1.180,1.180,0.016,0.016,0.016,0.000,0.000
60,10,1.113,1.113,1.113,0.014,0.014,0.014,0.000,0.000
60,10,1.276,1.276,1.276,0.015,0.015,0.015,0.000,0.000
60,10,1.175,1.175,1.175,0.014,0.014,0.014,0.000,0.000
60,10,1.091,1.091,1.091,0.022,0.022,0.022,0.000,0.000
60,10,1.253,1.253,1.253,0.017,0.017,0.017,0.000,0.000
60,10,1.125,1.125,1.125,0.016,0.016,0.016,0.000,0.000
60,10,1.137,1.137,1.137,0.014,0.014,0.014,0.000,0.000
60,10,1.104,1.104,1.104,0.019,0.019,0.019,0.000,0.000
60,10,1.047,1.047,1.047,0.014,0.014,0.014,0.000,0.000
60,10,1.219,1.219,1.219,0.014,0.014,0.014,0.000,0.000
60,10,1.055,1.055,1.055,0.017,0.017,0.017,0.000,0.000
60,10,1.057,1.057,1.057,0.014,0.014,0.014,0.000,0.000
60,10,1.177,1.177,1.177,0.015,0.015,0.015,0.000,0.000
60,10,1.167,1.167,1.167,0.017,0.017,0.017,0.000,0.000
60,10,1.264,1.264,1.264,0.020,0.020,0.020,0.000,0.000
60,10,1.109,1.109,1.109,0.014,0.014,0.014,0.000,0.000
60,10,1.107,1.107,1.107,0.016,0.016,0.016,0.000,0.000
60,10,1.116,1.116,1.116,0.016,0.016,0.016,0.000,0.000
60,10,1.231,1.231,1.231,0.014,0.014,0.014,0.000,0.000
60,10,1.266,1.266,1.266,0.016,0.016,0.016,0.000,0.000
60,10,1.210,1.210,1.210,0.016,0.016,0.016,0.000,0.000
60,10,1.117,1.117,1.117,0.015,0.015,0.015,0.000,0.000
60,10,1.303,1.303,1.303,0.019,0.019,0.019,0.000,0.000
60,10,1.076,1.076,1.076,0.014,0.014,0.014,0.000,0.000
60,10,1.214,1.214,1.214,0.014,0.014,0.014,0.000,0.000
60,10,1.210,1.210,1.210,0.016,0.016,0.016,0.000,0.000
60,10,1.059,1.059,1.059,0.015,0.015,0.015,0.000,0.000
60,10,1.117,1.117,1.117,0.013,0.013,0.013,0.000,0.000
60,10,1.096,1.096,1.096,0.014,0.014,0.014,0.000,0.000
60,10,1.073,1.073,1.073,0.014,0.014,0.014,0.000,0.000
60,10,1.136,1.136,1.136,0.014,0.014,0.014,0.000,0.000
60,10,1.193,1.193,1.193,0.016,0.016,0.016,0.000,0.000
60,10,1.163,1.163,1.163,0.016,0.016,0.016,0.000,0.000
60,10,1.158,1.158,1.158,0.014,0.014,0.014,0.000,0.000
60,10,1.255,1.255,1.255,0.015,0.015,0.015,0.000,0.000
60,10,1.162,1.162,1.162,0.013,0.013,0.013,0.000,0.000
60,10,1.134,1.134,1.134,0.014,0.014,0.014,0.000,0.000
60,10,1.082,1.082,1.082,0.017,0.017,0.017,0.000,0.000
60,10,1.191,1.191,1.191,0.021,0.021,0.021,0.000,0.000
60,10,1.162,1.162,1.162,0.024,0.024,0.024,0.000,0.000
60,10,1.148,1.148,1.148,0.014,0.014,0.014,0.000,0.000
60,10,1.167,1.167,1.167,0.014,0.014,0.014,0.000,0.000
60,10,1.108,1.108,1.108,0.015,0.015,0.015,0.000,0.000
60,10,1.186,1.186,1.186,0.016,0.016,0.016,0.000,0.000
60,10,1.073,1.073,1.073,0.017,0.017,0.017,0.000,0.000
60,10,1.169,1.169,1.169,0.014,0.014,0.014,0.000,0.000
60,10,1.185,1.185,1.185,0.017,0.017,0.017,0.000,0.000
60,10,1.136,1.136,1.136,0.016,0.016,0.016,0.000,0.000
60,10,1.209,1.209,1.209,0.014,0.014,0.014,0.000,0.000
60,10,1.201,1.201,1.201,0.016,0.016,0.016,0.000,0.000
60,10,1.255,1.255,1.255,0.015,0.015,0.015,0.000,0.000
60,10,1.069,1.069,1.069,0.014,0.014,0.014,0.000,0.000
60,10,1.333,1.333,1.333,0.015,0.015,0.015,0.000,0.000
60,10,1.071,1.071,1.071,0.018,0.018,0.018,0.000,0.000
60,10,1.041,1.041,1.041,0.015,0.015,0.015,0.000,0.000
60,10,1.173,1.173,1.173,0.014,0.014,0.014,0.000,0.000
60,10,1.192,1.192,1.192,0.015,0.015,0.015,0.000,0.000
60,10,1.117,1.117,1.117,0.017,0.017,0.017,0.000,0.000
60,10,1.144,1.144,1.144,0.015,0.015,0.015,0.000,0.000
60,10,1.144,1.144,1.144,0.013,0.013,0.013,0.000,0.000
60,10,1.168,1.168,1.168,0.013,0.013,0.013,0.000,0.000
60,10,1.140,1.140,1.140,0.026,0.026,0.026,0.000,0.000
60,10,1.094,1.094,1.094,0.015,0.015,0.015,0.000,0.000
60,10,1.021,1.021,1.021,0.014,0.014,0.014,0.000,0.000
60,10,1.099,1.099,1.099,0.014,0.014,0.014,0.000,0.000
60,10,1.148,1.148,1.148,0.015,0.015,0.015,0.000,0.000
60,10,1.125,1.125,1.125,0.015,0.015,0.015,0.000,0.000
70,2,1.052,1.052,1.052,0.017,0.017,0.017,0.000,0.000
70,2,1.100,1.100,1.100,0.023,0.023,0.023,0.000,0.000
70,2,1.233,1.233,1.233,0.017,0.017,0.017,0.000,0.000
70,2,1.063,1.063,1.063,0.023,0.023,0.023,0.000,0.000
70,2,1.169,1.169,1.169,0.017,0.017,0.017,0.000,0.000
70,2,1.031,1.031,1.031,0.019,0.019,0.019,0.000,0.000
70,2,1.075,1.075,1.075,0.026,0.026,0.026,0.000,0.000
70,2,1.043,1.043,1.043,0.017,0.017,0.017,0.000,0.000
70,2,1.093,1.093,1.093,0.016,0.016,0.016,0.000,0.000
70,2,1.214,1.214,1.214,0.016,0.016,0.016,0.000,0.000
70,2,1.024,1.024,1.024,0.024,0.024,0.024,0.000,0.000
70,2,1.076,1.076,1.076,0.017,0.017,0.017,0.000,0.000
70,2,1.024,1.024,1.024,0.017,0.017,0.017,0.000,0.000
70,2,1.000,1.000,1.000,0.018,0.018,0.018,0.000,0.000
70,2,1.100,1.100,1.100,0.017,0.017,0.017,0.000,0.000
70,2,1.188,1.188,1.188,0.018,0.018,0.018,0.000,0.000
70,2,1.080,1.080,1.080,0.017,0.017,0.017,0.000,0.000
70,2,1.172,1.172,1.172,0.018,0.018,0.018,0.000,0.000
70,2,1.101,1.101,1.101,0.023,0.023,0.023,0.000,0.000
70,2,1.055,1.055,1.055,0.027,0.027,0.027,0.000,0.000
70,2,1.137,1.137,1.137,0.024,0.024,0.024,0.000,0.000
70,2,1.101,1.101,1.101,0.017,0.017,0.017,0.000,0.000
70,2,1.054,1.054,1.054,0.017,0.017,0.017,0.000,0.000
70,2,1.041,1.041,1.041,0.020,0.020,0.020,0.000,0.000
70,2,1.003,1.003,1.003,0.020,0.020,0.020,0.000,0.000
70,2,1.042,1.042,1.042,0.018,0.018,0.018,0.000,0.000
70,2,1.083,1.083,1.083,0.017,0.017,0.017,0.000,0.000
70,2,1.100,1.100,1.100,0.016,0.016,0.016,0.000,0.000
70,2,1.048,1.048,1.048,0.019,0.019,0.019,0.000,0.000
70,2,1.071,1.071,1.071,0.020,0.020,0.020,0.000,0.000
70,2,1.044,1.044,1.044,0.019,0.019,0.019,0.000,0.000
70,2,1.061,1.061,1.061,0.022,0.022,0.022,0.000,0.000
70,2,1.134,1.134,1.134,0.018,0.018,0.018,0.000,0.000
70,2,1.145,1.145,1.145,0.017,0.017,0.017,0.000,0.000
70,2,1.142,1.142,1.142,0.017,0.017,0.017,0.000,0.000
70,2,1.111,1.111,1.111,0.020,0.020,0.020,0.000,0.000
70,2,1.176,1.176,1.176,0.018,0.018,0.018,0.000,0.000
70,2,1.070,1.070,1.070,0.019,0.019,0.019,0.000,0.000
70,2,1.080,1.080,1.080,0.018,0.018,0.018,0.000,0.000
70,2,1.132,1.132,1.132,0.019,0.019,0.019,0.000,0.000
70,2,1.137,1.137,1.137,0.019,0.019,0.019,0.000,0.000
70,2,1.003,1.003,1.003,0.017,0.017,0.017,0.000,0.000
70,2,1.170,1.170,1.170,0.021,0.021,0.021,0.000,0.000
70,2,1.068,1.068,1.068,0.020,0.020,0.020,0.000,0.000
70,2,1.150,1.150,1.150,0.017,0.017,0.017,0.000,0.000
70,2,1.000,1.000,1.000,0.021,0.021,0.021,0.000,0.000
70,2,1.155,1.155,1.155,0.021,0.021,0.021,0.000,0.000
70,2,1.159,1.159,1.159,0.020,0.020,0.020,0.000,0.000
70,2,1.083,1.083,1.083,0.017,0.017,0.017,0.000,0.000
70,2,1.126,1.126,1.126,0.023,0.023,0.023,0.000,0.000
70,2,1.132,1.132,1.132,0.021,0.021,0.021,0.000,0.000
70,2,1.049,1.049,1.049,0.017,0.017,0.017,0.000,0.000
70,2,1.200,1.200,1.200,0.017,0.017,0.017,0.000,0.000
70,2,1.040,1.040,1.040,0.018,0.018,0.018,0.000,0.000
70,2,1.123,1.123,1.123,0.017,0.017,0.017,0.000,0.000
70,2,1.081,1.081,1.081,0.020,0.020,0.020,0.000,0.000
70,2,1.093,1.093,1.093,0.017,0.017,0.017,0.000,0.000
70,2,1.040,1.040,1.040,0.020,0.020,0.020,0.000,0.000
70,2,1.237,1.237,1.237,0.024,0.024,0.024,0.000,0.000
70,2,1.034,1.034,1.034,0.017,0.017,0.017,0.000,0.000
70,2,1.126,1.126,1.126,0.020,0.020,0.020,0.000,0.000
70,2,1.202,1.202,1.202,0.023,0.023,0.023,0.000,0.000
70,2,1.023,1.023,1.023,0.017,0.017,0.017,0.000,0.000
70,2,1.044,1.044,1.044,0.017,0.017,0.017,0.000,0.000
70,2,1.101,1.101,1.101,0.023,0.023,0.023,0.000,0.000
70,2,1.137,1.137,1.137,0.017,0.017,0.017,0.000,0.000
70,2,1.046,1.046,1.046,0.017,0.017,0.017,0.000,0.000
70,2,1.041,1.041,1.041,0.017,0.017,0.017,0.000,0.000
70,2,1.063,1.063,1.063,0.018,0.018,0.018,0.000,0.000
70,2,1.101,1.101,1.101,0.019,0.019,0.019,0.000,0.000
70,2,1.099,1.099,1.099,0.025,0.025,0.025,0.000,0.000
70,2,1.141,1.141,1.141,0.017,0.017,0.017,0.000,0.000
70,2,1.002,1.002,1.002,0.018,0.018,0.018,0.000,0.000
70,2,1.121,1.121,1.121,0.018,0.018,0.018,0.000,0.000
70,2,1.112,1.112,1.112,0.017,0.017,0.017,0.000,0.000
70,2,1.029,1.029,1.029,0.017,0.017,0.017,0.000,0.000
70,2,1.241,1.241,1.241,0.019,0.019,0.019,0.000,0.000
70,2,1.104,1.104,1.104,0.017,0.017,0.017,0.000,0.000
70,2,1.003,1.003,1.003,0.017,0.017,0.017,0.000,0.000
70,2,1.056,1.056,1.056,0.017,0.017,0.017,0.000,0.000
70,2,1.158,1.158,1.158,0.017,0.017,0.017,0.000,0.000
70,2,1.002,1.002,1.002,0.025,0.025,0.025,0.000,0.000
70,2,1.053,1.053,1.053,0.017,0.017,0.017,0.000,0.000
70,2,1.103,1.103,1.103,0.024,0.024,0.024,0.000,0.000
70,2,1.142,1.142,1.142,0.017,0.017,0.017,0.000,0.000
70,2,1.104,1.104,1.104,0.017,0.017,0.017,0.000,0.000
70,2,1.012,1.012,1.012,0.017,0.017,0.017,0.000,0.000
70,2,1.073,1.073,1.073,0.017,0.017,0.017,0.000,0.000
70,2,1.072,1.072,1.072,0.017,0.017,0.017,0.000,0.000
70,2,1.050,1.050,1.050,0.018,0.018,0.018,0.000,0.000
70,2,1.086,1.086,1.086,0.017,0.017,0.017,0.000,0.000
70,2,1.048,1.048,1.048,0.019,0.019,0.019,0.000,0.000
70,2,1.000,1.000,1.000,0.017,0.017,0.017,0.000,0.000
70,2,1.133,1.133,1.133,0.019,0.019,0.019,0.000,0.000
70,2,1.002,1.002,1.002,0.017,0.017,0.017,0.000,0.000
70,2,1.091,1.091,1.091,0.017,0.017,0.017,0.000,0.000
70,2,1.133,1.133,1.133,0.017,0.017,0.017,0.000,0.000
70,2,1.117,1.117,1.117,0.017,0.017,0.017,0.000,0.000
70,2,1.169,1.169,1.169,0.018,0.018,0.018,0.000,0.000
70,2,1.108,1.108,1.108,0.021,0.021,0.021,0.000,0.000
70,3,1.067,1.067,1.067,0.017,0.017,0.017,0.000,0.000
70,3,1.078,1.078,1.078,0.017,0.017,0.017,0.000,0.000
70,3,1.128,1.128,1.128,0.020,0.020,0.020,0.000,0.000
70,3,1.114,1.114,1.114,0.018,0.018,0.018,0.000,0.000
70,3,1.066,1.066,1.066,0.017,0.017,0.017,0.000,0.000
70,3,1.035,1.035,1.035,0.020,0.020,0.020,0.000,0.000
70,3,1.108,1.108,1.108,0.021,0.021,0.021,0.000,0.000
70,3,1.203,1.203,1.203,0.018,0.018,0.018,0.000,0.000
70,3,1.102,1.102,1.102,0.021,0.021,0.021,0.000,0.000
70,3,1.063,1.063,1.063,0.020,0.020,0.020,0.000,0.000
70,3,1.107,1.107,1.107,0.017,0.017,0.017,0.000,0.000
70,3,1.054,1.054,1.054,0.017,0.017,0.017,0.000,0.000
70,3,1.101,1.101,1.101,0.017,0.017,0.017,0.000,0.000
70,3,1.096,1.096,1.096,0.017,0.017,0.017,0.000,0.000
70,3,1.184,1.184,1.184,0.019,0.019,0.019,0.000,0.000
70,3,1.031,1.031,1.031,0.017,0.017,0.017,0.000,0.000
70,3,1.154,1.154,1.154,0.020,0.020,0.020,0.000,0.000
70,3,1.092,1.092,1.092,0.017,0.017,0.017,0.000,0.000
70,3,1.153,1.153,1.153,0.018,0.018,0.018,0.000,0.000
70,3,1.206,1.206,1.206,0.018,0.018,0.018,0.000,0.000
70,3,1.111,1.111,1.111,0.025,0.025,0.025,0.000,0.000
70,3,1.152,1.152,1.152,0.022,0.022,0.022,0.000,0.000
70,3,1.062,1.062,1.062,0.017,0.017,0.017,0.000,0.000
70,3,1.072,1.072,1.072,0.021,0.021,0.021,0.000,0.000
70,3,1.093,1.093,1.093,0.017,0.017,0.017,0.000,0.000
70,3,1.089,1.089,1.089,0.017,0.017,0.017,0.000,0.000
70,3,1.452,1.452,1.452,0.021,0.021,0.021,0.000,0.000
70,3,1.079,1.079,1.079,0.026,0.026,0.026,0.000,0.000
70,3,1.147,1.147,1.147,0.018,0.018,0.018,0.000,0.000
70,3,1.073,1.073,1.073,0.028,0.028,0.028,0.000,0.000
70,3,1.086,1.086,1.086,0.018,0.018,0.018,0.000,0.000
70,3,1.076,1.076,1.076,0.019,0.019,0.019,0.000,0.000
70,3,1.052,1.052,1.052,0.018,0.018,0.018,0.000,0.000
70,3,1.209,1.209,1.209,0.018,0.018,0.018,0.000,0.000
70,3,1.150,1.150,1.150,0.018,0.018,0.018,0.000,0.000
70,3,1.030,1.030,1.030,0.025,0.025,0.025,0.000,0.000
70,3,1.110,1.110,1.110,0.017,0.017,0.017,0.000,0.000
70,3,1.045,1.045,1.045,0.017,0.017,0.017,0.000,0.000
70,3,1.035,1.035,1.035,0.017,0.017,0.017,0.000,0.000
70,3,1.050,1.050,1.050,0.018,0.018,0.018,0.000,0.000
70,3,1.130,1.130,1.130,0.021,0.021,0.021,0.000,0.000
70,3,1.150,1.150,1.150,0.017,0.017,0.017,0.000,0.000
70,3,1.126,1.126,1.126,0.017,0.017,0.017,0.000,0.000
70,3,1.092,1.092,1.092,0.019,0.019,0.019,0.000,0.000
70,3,1.085,1.085,1.085,0.018,0.018,0.018,0.000,0.000
70,3,1.067,1.067,1.067,0.017,0.017,0.017,0.000,0.000
70,3,1.021,1.021,1.021,0.017,0.017,0.017,0.000,0.000
70,3,1.040,1.040,1.040,0.018,0.018,0.018,0.000,0.000
70,3,1.091,1.091,1.091,0.017,0.017,0.017,0.000,0.000
70,3,1.227,1.227,1.227,0.017,0.017,0.017,0.000,0.000
70,3,1.235,1.235,1.235,0.017,0.017,0.017,0.000,0.000
70,3,1.154,1.154,1.154,0.017,0.017,0.017,0.000,0.000
70,3,1.159,1.159,1.159,0.017,0.017,0.017,0.000,0.000
70,3,1.068,1.068,1.068,0.018,0.018,0.018,0.000,0.000
70,3,1.013,1.013,1.013,0.018,0.018,0.018,0.000,0.000
70,3,1.122,1.122,1.122,0.018,0.018,0.018,0.000,0.000
70,3,1.012,1.012,1.012,0.020,0.020,0.020,0.000,0.000
70,3,1.098,1.098,1.098,0.017,0.017,0.017,0.000,0.000
70,3,1.115,1.115,1.115,0.018,0.018,0.018,0.000,0.000
70,3,1.051,1.051,1.051,0.017,0.017,0.017,0.000,0.000
70,3,1.142,1.142,1.142,0.018,0.018,0.018,0.000,0.000
70,3,1.063,1.063,1.063,0.017,0.017,0.017,0.000,0.000
70,3,1.147,1.147,1.147,0.020,0.020,0.020,0.000,0.000
70,3,1.022,1.022,1.022,0.018,0.018,0.018,0.000,0.000
70,3,1.075,1.075,1.075,0.020,0.020,0.020,0.000,0.000
70,3,1.070,1.070,1.070,0.017,0.017,0.017,0.000,0.000
70,3,1.049,1.049,1.049,0.021,0.021,0.021,0.000,0.000
70,3,1.122,1.122,1.122,0.024,0.024,0.024,0.000,0.000
70,3,1.292,1.292,1.292,0.018,0.018,0.018,0.000,0.000
70,3,1.052,1.052,1.052,0.023,0.023,0.023,0.000,0.000
70,3,1.132,1.132,1.132,0.017,0.017,0.017,0.000,0.000
70,3,1.084,1.084,1.084,0.019,0.019,0.019,0.000,0.000
70,3,1.148,1.148,1.148,0.018,0.018,0.018,0.000,0.000
70,3,1.060,1.060,1.060,0.017,0.017,0.017,0.000,0.000
70,3,1.141,1.141,1.141,0.018,0.018,0.018,0.000,0.000
70,3,1.219,1.219,1.219,0.018,0.018,0.018,0.000,0.000
70,3,1.188,1.188,1.188,0.019,0.019,0.019,0.000,0.000
70,3,1.179,1.179,1.179,0.019,0.019,0.019,0.000,0.000
70,3,1.039,1.039,1.039,0.017,0.017,0.017,0.000,0.000
70,3,1.042,1.042,1.042,0.017,0.017,0.017,0.000,0.000
70,3,1.289,1.289,1.289,0.017,0.017,0.017,0.000,0.000
70,3,1.074,1.074,1.074,0.017,0.017,0.017,0.000,0.000
70,3,1.109,1.109,1.109,0.020,0.020,0.020,0.000,0.000
70,3,1.103,1.103,1.103,0.018,0.018,0.018,0.000,0.000
70,3,1.116,1.116,1.116,0.019,0.019,0.019,0.000,0.000
70,3,1.161,1.161,1.161,0.018,0.018,0.018,0.000,0.000
70,3,1.036,1.036,1.036,0.017,0.017,0.017,0.000,0.000
70,3,1.056,1.056,1.056,0.021,0.021,0.021,0.000,0.000
70,3,1.248,1.248,1.248,0.017,0.017,0.017,0.000,0.000
70,3,1.017,1.017,1.017,0.020,0.020,0.020,0.000,0.000
70,3,1.170,1.170,1.170,0.022,0.022,0.022,0.000,0.000
70,3,1.185,1.185,1.185,0.026,0.026,0.026,0.000,0.000
70,3,1.038,1.038,1.038,0.021,0.021,0.021,0.000,0.000
70,3,1.088,1.088,1.088,0.021,0.021,0.021,0.000,0.000
70,3,1.099,1.099,1.099,0.020,0.020,0.020,0.000,0.000
70,3,1.301,1.301,1.301,0.017,0.017,0.017,0.000,0.000
70,3,1.044,1.044,1.044,0.016,0.016,0.016,0.000,0.000
70,3,1.142,1.142,1.142,0.017,0.017,0.017,0.000,0.000
70,3,1.052,1.052,1.052,0.020,0.020,0.020,0.000,0.000
70,3,1.084,1.084,1.084,0.018,0.018,0.018,0.000,0.000
70,4,1.177,1.177,1.177,0.018,0.018,0.018,0.000,0.000
70,4,1.212,1.212,1.212,0.023,0.023,0.023,0.000,0.000
70,4,1.139,1.139,1.139,0.020,0.020,0.020,0.000,0.000
70,4,1.267,1.267,1.267,0.017,0.017,0.017,0.000,0.000
70,4,1.035,1.035,1.035,0.017,0.017,0.017,0.000,0.000
70,4,1.020,1.020,1.020,0.019,0.019,0.019,0.000,0.000
70,4,1.026,1.026,1.026,0.018,0.018,0.018,0.000,0.000
70,4,1.037,1.037,1.037,0.018,0.018,0.018,0.000,0.000
70,4,1.102,1.102,1.102,0.017,0.017,0.017,0.000,0.000
70,4,1.107,1.107,1.107,0.018,0.018,0.018,0.000,0.000
70,4,1.097,1.097,1.097,0.017,0.017,0.017,0.000,0.000
70,4,1.190,1.190,1.190,0.018,0.018,0.018,0.000,0.000
70,4,1.106,1.106,1.106,0.019,0.019,0.019,0.000,0.000
70,4,1.150,1.150,1.150,0.017,0.017,0.017,0.000,0.000
70,4,1.251,1.251,1.251,0.023,0.023,0.023,0.000,0.000
70,4,1.225,1.225,1.225,0.017,0.017,0.017,0.000,0.000
70,4,1.147,1.147,1.147,0.018,0.018,0.018,0.000,0.000
70,4,1.168,1.168,1.168,0.018,0.018,0.018,0.000,0.000
70,4,1.268,1.268,1.268,0.021,0.021,0.021,0.000,0.000
70,4,1.020,1.020,1.020,0.017,0.017,0.017,0.000,0.000
70,4,1.093,1.093,1.093,0.017,0.017,0.017,0.000,0.000
70,4,1.086,1.086,1.086,0.018,0.018,0.018,0.000,0.000
70,4,1.063,1.063,1.063,0.019,0.019,0.019,0.000,0.000
70,4,1.168,1.168,1.168,0.021,0.021,0.021,0.000,0.000
70,4,1.068,1.068,1.068,0.023,0.023,0.023,0.000,0.000
70,4,1.037,1.037,1.037,0.018,0.018,0.018,0.000,0.000
70,4,1.224,1.224,1.224,0.017,0.017,0.017,0.000,0.000
70,4,1.021,1.021,1.021,0.017,0.017,0.017,0.000,0.000
70,4,1.069,1.069,1.069,0.017,0.017,0.017,0.000,0.000
70,4,1.025,1.025,1.025,0.017,0.017,0.017,0.000,0.000
70,4,1.106,1.106,1.106,0.025,0.025,0.025,0.000,0.000
70,4,1.162,1.162,1.162,0.018,0.018,0.018,0.000,0.000
70,4,1.051,1.051,1.051,0.022,0.022,0.022,0.000,0.000
70,4,1.201,1.201,1.201,0.020,0.020,0.020,0.000,0.000
70,4,1.059,1.059,1.059,0.017,0.017,0.017,0.000,0.000
70,4,1.039,1.039,1.039,0.017,0.017,0.017,0.000,0.000
70,4,1.196,1.196,1.196,0.022,0.022,0.022,0.000,0.000
70,4,1.154,1.154,1.154,0.022,0.022,0.022,0.000,0.000
70,4,1.140,1.140,1.140,0.019,0.019,0.019,0.000,0.000
70,4,1.133,1.133,1.133,0.026,0.026,0.026,0.000,0.000
70,4,1.075,1.075,1.075,0.017,0.017,0.017,0.000,0.000
70,4,1.110,1.110,1.110,0.020,0.020,0.020,0.000,0.000
70,4,1.082,1.082,1.082,0.017,0.017,0.017,0.000,0.000
70,4,1.132,1.132,1.132,0.018,0.018,0.018,0.000,0.000
70,4,1.124,1.124,1.124,0.022,0.022,0.022,0.000,0.000
70,4,1.129,1.129,1.129,0.017,0.017,0.017,0.000,0.000
70,4,1.094,1.094,1.094,0.017,0.017,0.017,0.000,0.000
70,4,1.103,1.103,1.103,0.021,0.021,0.021,0.000,0.000
70,4,1.161,1.161,1.161,0.017,0.017,0.017,0.000,0.000
70,4,1.091,1.091,1.091,0.017,0.017,0.017,0.000,0.000
70,4,1.041,1.041,1.041,0.017,0.017,0.017,0.000,0.000
70,4,1.140,1.140,1.140,0.019,0.019,0.019,0.000,0.000
70,4,1.200,1.200,1.200,0.018,0.018,0.018,0.000,0.000
70,4,1.069,1.069,1.069,0.017,0.017,0.017,0.000,0.000
70,4,1.095,1.095,1.095,0.020,0.020,0.020,0.000,0.000
70,4,1.152,1.152,1.152,0.020,0.020,0.020,0.000,0.000
70,4,1.049,1.049,1.049,0.017,0.017,0.017,0.000,0.000
70,4,1.093,1.093,1.093,0.018,0.018,0.018,0.000,0.000
70,4,1.095,1.095,1.095,0.019,0.019,0.019,0.000,0.000
70,4,1.139,1.139,1.139,0.017,0.017,0.017,0.000,0.000
70,4,1.147,1.147,1.147,0.016,0.016,0.016,0.000,0.000
70,4,1.060,1.060,1.060,0.020,0.020,0.020,0.000,0.000
70,4,1.015,1.015,1.015,0.017,0.017,0.017,0.000,0.000
70,4,1.079,1.079,1.079,0.017,0.017,0.017,0.000,0.000
70,4,1.057,1.057,1.057,0.018,0.018,0.018,0.000,0.000
70,4,1.153,1.153,1.153,0.020,0.020,0.020,0.000,0.000
70,4,1.157,1.157,1.157,0.022,0.022,0.022,0.000,0.000
70,4,1.200,1.200,1.200,0.017,0.017,0.017,0.000,0.000
70,4,1.121,1.121,1.121,0.017,0.017,0.017,0.000,0.000
70,4,1.053,1.053,1.053,0.024,0.024,0.024,0.000,0.000
70,4,1.218,1.218,1.218,0.028,0.028,0.028,0.000,0.000
70,4,1.031,1.031,1.031,0.032,0.032,0.032,0.000,0.000
70,4,1.097,1.097,1.097,0.019,0.019,0.019,0.000,0.000
70,4,1.170,1.170,1.170,0.020,0.020,0.020,0.000,0.000
70,4,1.041,1.041,1.041,0.018,0.018,0.018,0.000,0.000
70,4,1.084,1.084,1.084,0.019,0.019,0.019,0.000,0.000
70,4,1.092,1.092,1.092,0.018,0.018,0.018,0.000,0.000
70,4,1.112,1.112,1.112,0.021,0.021,0.021,0.000,0.000
70,4,1.071,1.071,1.071,0.017,0.017,0.017,0.000,0.000
70,4,1.174,1.174,1.174,0.017,0.017,0.017,0.000,0.000
70,4,1.068,1.068,1.068,0.019,0.019,0.019,0.000,0.000
70,4,1.080,1.080,1.080,0.022,0.022,0.022,0.000,0.000
70,4,1.046,1.046,1.046,0.017,0.017,0.017,0.000,0.000
70,4,1.180,1.180,1.180,0.017,0.017,0.017,0.000,0.000
70,4,1.037,1.037,1.037,0.037,0.037,0.037,0.000,0.000
70,4,1.172,1.172,1.172,0.045,0.045,0.045,0.000,0.000
70,4,1.038,1.038,1.038,0.030,0.030,0.030,0.000,0.000
70,4,1.112,1.112,1.112,0.031,0.031,0.031,0.000,0.000
70,4,1.258,1.258,1.258,0.024,0.024,0.024,0.000,0.000
70,4,1.133,1.133,1.133,0.023,0.023,0.023,0.000,0.000
70,4,1.082,1.082,1.082,0.021,0.021,0.021,0.000,0.000
70,4,1.105,1.105,1.105,0.025,0.025,0.025,0.000,0.000
70,4,1.069,1.069,1.069,0.017,0.017,0.017,0.000,0.000
70,4,1.099,1.099,1.099,0.024,0.024,0.024,0.000,0.000
70,4,1.107,1.107,1.107,0.018,0.018,0.018,0.000,0.000
70,4,1.055,1.055,1.055,0.019,0.019,0.019,0.000,0.000
70,4,1.155,1.155,1.155,0.024,0.024,0.024,0.000,0.000
70,4,1.087,1.087,1.087,0.017,0.017,0.017,0.000,0.000
70,4,1.182,1.182,1.182,0.036,0.036,0.036,0.000,0.000
70,4,1.116,1.116,1.116,0.023,0.023,0.023,0.000,0.000
70,5,1.083,1.083,1.083,0.017,0.017,0.017,0.000,0.000
70,5,1.059,1.059,1.059,0.019,0.019,0.019,0.000,0.000
70,5,1.096,1.096,1.096,0.018,0.018,0.018,0.000,0.000
70,5,1.151,1.151,1.151,0.029,0.029,0.029,0.000,0.000
70,5,1.223,1.223,1.223,0.017,0.017,0.017,0.000,0.000
70,5,1.123,1.123,1.123,0.023,0.023,0.023,0.000,0.000
70,5,1.069,1.069,1.069,0.021,0.021,0.021,0.000,0.000
70,5,1.197,1.197,1.197,0.019,0.019,0.019,0.000,0.000
70,5,1.099,1.099,1.099,0.018,0.018,0.018,0.000,0.000
70,5,1.083,1.083,1.083,0.021,0.021,0.021,0.000,0.000
70,5,1.052,1.052,1.052,0.024,0.024,0.024,0.000,0.000
70,5,1.128,1.128,1.128,0.019,0.019,0.019,0.000,0.000
70,5,1.184,1.184,1.184,0.019,0.019,0.019,0.000,0.000
70,5,1.076,1.076,1.076,0.022,0.022,0.022,0.000,0.000
70,5,1.102,1.102,1.102,0.022,0.022,0.022,0.000,0.000
70,5,1.253,1.253,1.253,0.017,0.017,0.017,0.000,0.000
70,5,1.094,1.094,1.094,0.020,0.020,0.020,0.000,0.000
70,5,1.135,1.135,1.135,0.017,0.017,0.017,0.000,0.000
70,5,1.105,1.105,1.105,0.018,0.018,0.018,0.000,0.000
70,5,1.204,1.204,1.204,0.021,0.021,0.021,0.000,0.000
70,5,1.040,1.040,1.040,0.022,0.022,0.022,0.000,0.000
70,5,1.206,1.206,1.206,0.019,0.019,0.019,0.000,0.000
70,5,1.120,1.120,1.120,0.020,0.020,0.020,0.000,0.000
70,5,1.034,1.034,1.034,0.017,0.017,0.017,0.000,0.000
70,5,1.052,1.052,1.052,0.022,0.022,0.022,0.000,0.000
70,5,1.088,1.088,1.088,0.017,0.017,0.017,0.000,0.000
70,5,1.115,1.115,1.115,0.019,0.019,0.019,0.000,0.000
70,5,1.149,1.149,1.149,0.017,0.017,0.017,0.000,0.000
70,5,1.083,1.083,1.083,0.024,0.024,0.024,0.000,0.000
70,5,1.200,1.200,1.200,0.017,0.017,0.017,0.000,0.000
70,5,1.167,1.167,1.167,0.017,0.017,0.017,0.000,0.000
70,5,1.143,1.143,1.143,0.019,0.019,0.019,0.000,0.000
70,5,1.079,1.079,1.079,0.019,0.019,0.019,0.000,0.000
70,5,1.214,1.214,1.214,0.020,0.020,0.020,0.000,0.000
70,5,1.103,1.103,1.103,0.021,0.021,0.021,0.000,0.000
70,5,1.077,1.077,1.077,0.017,0.017,0.017,0.000,0.000
70,5,1.116,1.116,1.116,0.022,0.022,0.022,0.000,0.000
70,5,1.038,1.038,1.038,0.018,0.018,0.018,0.000,0.000
70,5,1.060,1.060,1.060,0.018,0.018,0.018,0.000,0.000
70,5,1.050,1.050,1.050,0.017,0.017,0.017,0.000,0.000
70,5,1.175,1.175,1.175,0.024,0.024,0.024,0.000,0.000
70,5,1.042,1.042,1.042,0.018,0.018,0.018,0.000,0.000
70,5,1.049,1.049,1.049,0.019,0.019,0.019,0.000,0.000
70,5,1.091,1.091,1.091,0.019,0.019,0.019,0.000,0.000
70,5,1.122,1.122,1.122,0.024,0.024,0.024,0.000,0.000
70,5,1.086,1.086,1.086,0.017,0.017,0.017,0.000,0.000
70,5,1.082,1.082,1.082,0.017,0.017,0.017,0.000,0.000
70,5,1.100,1.100,1.100,0.017,0.017,0.017,0.000,0.000
70,5,1.186,1.186,1.186,0.018,0.018,0.018,0.000,0.000
70,5,1.037,1.037,1.037,0.020,0.020,0.020,0.000,0.000
70,5,1.164,1.164,1.164,0.023,0.023,0.023,0.000,0.000
70,5,1.152,1.152,1.152,0.022,0.022,0.022,0.000,0.000
70,5,1.001,1.001,1.001,0.018,0.018,0.018,0.000,0.000
70,5,1.097,1.097,1.097,0.017,0.017,0.017,0.000,0.000
70,5,1.182,1.182,1.182,0.018,0.018,0.018,0.000,0.000
70,5,1.184,1.184,1.184,0.019,0.019,0.019,0.000,0.000
70,5,1.114,1.114,1.114,0.019,0.019,0.019,0.000,0.000
70,5,1.089,1.089,1.089,0.026,0.026,0.026,0.000,0.000
70,5,1.184,1.184,1.184,0.020,0.020,0.020,0.000,0.000
70,5,1.249,1.249,1.249,0.018,0.018,0.018,0.000,0.000
70,5,1.136,1.136,1.136,0.017,0.017,0.017,0.000,0.000
70,5,1.135,1.135,1.135,0.017,0.017,0.017,0.000,0.000
70,5,1.250,1.250,1.250,0.019,0.019,0.019,0.000,0.000
70,5,1.121,1.121,1.121,0.018,0.018,0.018,0.000,0.000
70,5,1.163,1.163,1.163,0.017,0.017,0.017,0.000,0.000
70,5,1.180,1.180,1.180,0.017,0.017,0.017,0.000,0.000
70,5,1.043,1.043,1.043,0.019,0.019,0.019,0.000,0.000
70,5,1.230,1.230,1.230,0.024,0.024,0.024,0.000,0.000
70,5,1.146,1.146,1.146,0.017,0.017,0.017,0.000,0.000
70,5,1.054,1.054,1.054,0.022,0.022,0.022,0.000,0.000
70,5,1.089,1.089,1.089,0.019,0.019,0.019,0.000,0.000
70,5,1.090,1.090,1.090,0.017,0.017,0.017,0.000,0.000
70,5,1.161,1.161,1.161,0.020,0.020,0.020,0.000,0.000
70,5,1.020,1.020,1.020,0.018,0.018,0.018,0.000,0.000
70,5,1.072,1.072,1.072,0.019,0.019,0.019,0.000,0.000
70,5,1.118,1.118,1.118,0.020,0.020,0.020,0.000,0.000
70,5,1.145,1.145,1.145,0.022,0.022,0.022,0.000,0.000
70,5,1.188,1.188,1.188,0.021,0.021,0.021,0.000,0.000
70,5,1.119,1.119,1.119,0.017,0.017,0.017,0.000,0.000
70,5,1.226,1.226,1.226,0.017,0.017,0.017,0.000,0.000
70,5,1.170,1.170,1.170,0.026,0.026,0.026,0.000,0.000
70,5,1.192,1.192,1.192,0.018,0.018,0.018,0.000,0.000
70,5,1.134,1.134,1.134,0.018,0.018,0.018,0.000,0.000
70,5,1.073,1.073,1.073,0.017,0.017,0.017,0.000,0.000
70,5,1.152,1.152,1.152,0.020,0.020,0.020,0.000,0.000
70,5,1.071,1.071,1.071,0.028,0.028,0.028,0.000,0.000
70,5,1.132,1.132,1.132,0.018,0.018,0.018,0.000,0.000
70,5,1.072,1.072,1.072,0.017,0.017,0.017,0.000,0.000
70,5,1.145,1.145,1.145,0.017,0.017,0.017,0.000,0.000
70,5,1.072,1.072,1.072,0.022,0.022,0.022,0.000,0.000
70,5,1.097,1.097,1.097,0.017,0.017,0.017,0.000,0.000
70,5,1.105,1.105,1.105,0.024,0.024,0.024,0.000,0.000
70,5,1.127,1.127,1.127,0.023,0.023,0.023,0.000,0.000
70,5,1.127,1.127,1.127,0.018,0.018,0.018,0.000,0.000
70,5,1.031,1.031,1.031,0.017,0.017,0.017,0.000,0.000
70,5,1.077,1.077,1.077,0.021,0.021,0.021,0.000,0.000
70,5,1.053,1.053,1.053,0.019,0.019,0.019,0.000,0.000
70,5,1.089,1.089,1.089,0.020,0.020,0.020,0.000,0.000
70,5,1.075,1.075,1.075,0.016,0.016,0.016,0.000,0.000
70,5,1.051,1.051,1.051,0.019,0.019,0.019,0.000,0.000
70,6,1.197,1.197,1.197,0.021,0.021,0.021,0.000,0.000
70,6,1.109,1.109,1.109,0.021,0.021,0.021,0.000,0.000
70,6,1.063,1.063,1.063,0.020,0.020,0.020,0.000,0.000
70,6,1.187,1.187,1.187,0.019,0.019,0.019,0.000,0.000
70,6,1.071,1.071,1.071,0.019,0.019,0.019,0.000,0.000
70,6,1.127,1.127,1.127,0.017,0.017,0.017,0.000,0.000
70,6,1.036,1.036,1.036,0.017,0.017,0.017,0.000,0.000
70,6,1.186,1.186,1.186,0.019,0.019,0.019,0.000,0.000
70,6,1.136,1.136,1.136,0.017,0.017,0.017,0.000,0.000
70,6,1.094,1.094,1.094,0.018,0.018,0.018,0.000,0.000
70,6,1.158,1.158,1.158,0.021,0.021,0.021,0.000,0.000
70,6,1.094,1.094,1.094,0.018,0.018,0.018,0.000,0.000
70,6,1.238,1.238,1.238,0.017,0.017,0.017,0.000,0.000
70,6,1.211,1.211,1.211,0.018,0.018,0.018,0.000,0.000
70,6,1.091,1.091,1.091,0.021,0.021,0.021,0.000,0.000
70,6,1.131,1.131,1.131,0.017,0.017,0.017,0.000,0.000
70,6,1.159,1.159,1.159,0.020,0.020,0.020,0.000,0.000
70,6,1.081,1.081,1.081,0.020,0.020,0.020,0.000,0.000
70,6,1.170,1.170,1.170,0.023,0.023,0.023,0.000,0.000
70,6,1.123,1.123,1.123,0.018,0.018,0.018,0.000,0.000
70,6,1.096,1.096,1.096,0.018,0.018,0.018,0.000,0.000
70,6,1.048,1.048,1.048,0.019,0.019,0.019,0.000,0.000
70,6,1.191,1.191,1.191,0.017,0.017,0.017,0.000,0.000
70,6,1.127,1.127,1.127,0.020,0.020,0.020,0.000,0.000
70,6,1.158,1.158,1.158,0.018,0.018,0.018,0.000,0.000
70,6,1.085,1.085,1.085,0.018,0.018,0.018,0.000,0.000
70,6,1.075,1.075,1.075,0.017,0.017,0.017,0.000,0.000
70,6,1.115,1.115,1.115,0.017,0.017,0.017,0.000,0.000
70,6,1.092,1.092,1.092,0.017,0.017,0.017,0.000,0.000
70,6,1.052,1.052,1.052,0.022,0.022,0.022,0.000,0.000
70,6,1.034,1.034,1.034,0.027,0.027,0.027,0.000,0.000
70,6,1.063,1.063,1.063,0.017,0.017,0.017,0.000,0.000
70,6,1.122,1.122,1.122,0.021,0.021,0.021,0.000,0.000
70,6,1.106,1.106,1.106,0.019,0.019,0.019,0.000,0.000
70,6,1.200,1.200,1.200,0.019,0.019,0.019,0.000,0.000
70,6,1.142,1.142,1.142,0.021,0.021,0.021,0.000,0.000
70,6,1.229,1.229,1.229,0.018,0.018,0.018,0.000,0.000
70,6,1.030,1.030,1.030,0.020,0.020,0.020,0.000,0.000
70,6,1.128,1.128,1.128,0.021,0.021,0.021,0.000,0.000
70,6,1.117,1.117,1.117,0.017,0.017,0.017,0.000,0.000
70,6,1.188,1.188,1.188,0.021,0.021,0.021,0.000,0.000
70,6,1.085,1.085,1.085,0.017,0.017,0.017,0.000,0.000
70,6,1.189,1.189,1.189,0.022,0.022,0.022,0.000,0.000
70,6,1.157,1.157,1.157,0.021,0.021,0.021,0.000,0.000
70,6,1.192,1.192,1.192,0.018,0.018,0.018,0.000,0.000
70,6,1.188,1.188,1.188,0.021,0.021,0.021,0.000,0.000
70,6,1.217,1.217,1.217,0.017,0.017,0.017,0.000,0.000
70,6,1.105,1.105,1.105,0.020,0.020,0.020,0.000,0.000
70,6,1.103,1.103,1.103,0.021,0.021,0.021,0.000,0.000
70,6,1.132,1.132,1.132,0.018,0.018,0.018,0.000,0.000
70,6,1.055,1.055,1.055,0.021,0.021,0.021,0.000,0.000
70,6,1.128,1.128,1.128,0.020,0.020,0.020,0.000,0.000
70,6,1.232,1.232,1.232,0.023,0.023,0.023,0.000,0.000
70,6,1.023,1.023,1.023,0.018,0.018,0.018,0.000,0.000
70,6,1.164,1.164,1.164,0.017,0.017,0.017,0.000,0.000
70,6,1.259,1.259,1.259,0.037,0.037,0.037,0.000,0.000
70,6,1.080,1.080,1.080,0.020,0.020,0.020,0.000,0.000
70,6,1.042,1.042,1.042,0.019,0.019,0.019,0.000,0.000
70,6,1.143,1.143,1.143,0.018,0.018,0.018,0.000,0.000
70,6,1.078,1.078,1.078,0.019,0.019,0.019,0.000,0.000
70,6,1.131,1.131,1.131,0.017,0.017,0.017,0.000,0.000
70,6,1.062,1.062,1.062,0.018,0.018,0.018,0.000,0.000
70,6,1.109,1.109,1.109,0.023,0.023,0.023,0.000,0.000
70,6,1.058,1.058,1.058,0.021,0.021,0.021,0.000,0.000
70,6,1.152,1.152,1.152,0.022,0.022,0.022,0.000,0.000
70,6,1.145,1.145,1.145,0.024,0.024,0.024,0.000,0.000
70,6,1.182,1.182,1.182,0.018,0.018,0.018,0.000,0.000
70,6,1.062,1.062,1.062,0.020,0.020,0.020,0.000,0.000
70,6,1.070,1.070,1.070,0.021,0.021,0.021,0.000,0.000
70,6,1.051,1.051,1.051,0.020,0.020,0.020,0.000,0.000
70,6,1.104,1.104,1.104,0.024,0.024,0.024,0.000,0.000
70,6,1.120,1.120,1.120,0.019,0.019,0.019,0.000,0.000
70,6,1.052,1.052,1.052,0.017,0.017,0.017,0.000,0.000
70,6,1.051,1.051,1.051,0.023,0.023,0.023,0.000,0.000
70,6,1.089,1.089,1.089,0.017,0.017,0.017,0.000,0.000
70,6,1.095,1.095,1.095,0.017,0.017,0.017,0.000,0.000
70,6,1.075,1.075,1.075,0.019,0.019,0.019,0.000,0.000
70,6,1.178,1.178,1.178,0.018,0.018,0.018,0.000,0.000
70,6,1.102,1.102,1.102,0.020,0.020,0.020,0.000,0.000
70,6,1.114,1.114,1.114,0.019,0.019,0.019,0.000,0.000
70,6,1.131,1.131,1.131,0.021,0.021,0.021,0.000,0.000
70,6,1.155,1.155,1.155,0.017,0.017,0.017,0.000,0.000
70,6,1.059,1.059,1.059,0.018,0.018,0.018,0.000,0.000
70,6,1.069,1.069,1.069,0.017,0.017,0.017,0.000,0.000
70,6,1.104,1.104,1.104,0.019,0.019,0.019,0.000,0.000
70,6,1.136,1.136,1.136,0.017,0.017,0.017,0.000,0.000
70,6,1.095,1.095,1.095,0.017,0.017,0.017,0.000,0.000
70,6,1.006,1.006,1.006,0.021,0.021,0.021,0.000,0.000
70,6,1.201,1.201,1.201,0.017,0.017,0.017,0.000,0.000
70,6,1.117,1.117,1.117,0.022,0.022,0.022,0.000,0.000
70,6,1.059,1.059,1.059,0.020,0.020,0.020,0.000,0.000
70,6,1.214,1.214,1.214,0.019,0.019,0.019,0.000,0.000
70,6,1.080,1.080,1.080,0.027,0.027,0.027,0.000,0.000
70,6,1.168,1.168,1.168,0.017,0.017,0.017,0.000,0.000
70,6,1.114,1.114,1.114,0.020,0.020,0.020,0.000,0.000
70,6,1.129,1.129,1.129,0.019,0.019,0.019,0.000,0.000
70,6,1.059,1.059,1.059,0.020,0.020,0.020,0.000,0.000
70,6,1.060,1.060,1.060,0.027,0.027,0.027,0.000,0.000
70,6,1.134,1.134,1.134,0.017,0.017,0.017,0.000,0.000
70,6,1.095,1.095,1.095,0.020,0.020,0.020,0.000,0.000
70,7,1.107,1.107,1.107,0.023,0.023,0.023,0.000,0.000
70,7,1.046,1.046,1.046,0.022,0.022,0.022,0.000,0.000
70,7,1.141,1.141,1.141,0.023,0.023,0.023,0.000,0.000
70,7,1.059,1.059,1.059,0.020,0.020,0.020,0.000,0.000
70,7,1.082,1.082,1.082,0.017,0.017,0.017,0.000,0.000
70,7,1.096,1.096,1.096,0.018,0.018,0.018,0.000,0.000
70,7,1.199,1.199,1.199,0.025,0.025,0.025,0.000,0.000
70,7,1.091,1.091,1.091,0.017,0.017,0.017,0.000,0.000
70,7,1.124,1.124,1.124,0.022,0.022,0.022,0.000,0.000
70,7,1.049,1.049,1.049,0.021,0.021,0.021,0.000,0.000
70,7,1.198,1.198,1.198,0.018,0.018,0.018,0.000,0.000
70,7,1.050,1.050,1.050,0.018,0.018,0.018,0.000,0.000
70,7,1.208,1.208,1.208,0.019,0.019,0.019,0.000,0.000
70,7,1.031,1.031,1.031,0.018,0.018,0.018,0.000,0.000
70,7,1.130,1.130,1.130,0.020,0.020,0.020,0.000,0.000
70,7,1.138,1.138,1.138,0.020,0.020,0.020,0.000,0.000
70,7,1.145,1.145,1.145,0.019,0.019,0.019,0.000,0.000
70,7,1.121,1.121,1.121,0.017,0.017,0.017,0.000,0.000
70,7,1.238,1.238,1.238,0.020,0.020,0.020,0.000,0.000
70,7,1.125,1.125,1.125,0.018,0.018,0.018,0.000,0.000
70,7,1.123,1.123,1.123,0.017,0.017,0.017,0.000,0.000
70,7,1.039,1.039,1.039,0.021,0.021,0.021,0.000,0.000
70,7,1.164,1.164,1.164,0.020,0.020,0.020,0.000,0.000
70,7,1.084,1.084,1.084,0.017,0.017,0.017,0.000,0.000
70,7,1.148,1.148,1.148,0.018,0.018,0.018,0.000,0.000
70,7,1.055,1.055,1.055,0.019,0.019,0.019,0.000,0.000
70,7,1.110,1.110,1.110,0.016,0.016,0.016,0.000,0.000
70,7,1.111,1.111,1.111,0.022,0.022,0.022,0.000,0.000
70,7,1.110,1.110,1.110,0.017,0.017,0.017,0.000,0.000
70,7,1.140,1.140,1.140,0.017,0.017,0.017,0.000,0.000
70,7,1.159,1.159,1.159,0.021,0.021,0.021,0.000,0.000
70,7,1.110,1.110,1.110,0.018,0.018,0.018,0.000,0.000
70,7,1.048,1.048,1.048,0.017,0.017,0.017,0.000,0.000
70,7,1.120,1.120,1.120,0.018,0.018,0.018,0.000,0.000
70,7,1.061,1.061,1.061,0.018,0.018,0.018,0.000,0.000
70,7,1.174,1.174,1.174,0.017,0.017,0.017,0.000,0.000
70,7,1.053,1.053,1.053,0.019,0.019,0.019,0.000,0.000
70,7,1.096,1.096,1.096,0.027,0.027,0.027,0.000,0.000
70,7,1.103,1.103,1.103,0.020,0.020,0.020,0.000,0.000
70,7,1.104,1.104,1.104,0.017,0.017,0.017,0.000,0.000
70,7,1.083,1.083,1.083,0.018,0.018,0.018,0.000,0.000
70,7,1.073,1.073,1.073,0.025,0.025,0.025,0.000,0.000
70,7,1.158,1.158,1.158,0.023,0.023,0.023,0.000,0.000
70,7,1.095,1.095,1.095,0.026,0.026,0.026,0.000,0.000
70,7,1.165,1.165,1.165,0.017,0.017,0.017,0.000,0.000
70,7,1.139,1.139,1.139,0.017,0.017,0.017,0.000,0.000
70,7,1.096,1.096,1.096,0.023,0.023,0.023,0.000,0.000
70,7,1.087,1.087,1.087,0.019,0.019,0.019,0.000,0.000
70,7,1.132,1.132,1.132,0.019,0.019,0.019,0.000,0.000
70,7,1.089,1.089,1.089,0.021,0.021,0.021,0.000,0.000
70,7,1.069,1.069,1.069,0.020,0.020,0.020,0.000,0.000
70,7,1.154,1.154,1.154,0.017,0.017,0.017,0.000,0.000
70,7,1.060,1.060,1.060,0.019,0.019,0.019,0.000,0.000
70,7,1.044,1.044,1.044,0.016,0.016,0.016,0.000,0.000
70,7,1.138,1.138,1.138,0.019,0.019,0.019,0.000,0.000
70,7,1.066,1.066,1.066,0.018,0.018,0.018,0.000,0.000
70,7,1.047,1.047,1.047,0.017,0.017,0.017,0.000,0.000
70,7,1.095,1.095,1.095,0.024,0.024,0.024,0.000,0.000
70,7,1.110,1.110,1.110,0.017,0.017,0.017,0.000,0.000
70,7,1.205,1.205,1.205,0.023,0.023,0.023,0.000,0.000
70,7,1.100,1.100,1.100,0.017,0.017,0.017,0.000,0.000
70,7,1.092,1.092,1.092,0.016,0.016,0.016,0.000,0.000
70,7,1.135,1.135,1.135,0.021,0.021,0.021,0.000,0.000
70,7,1.118,1.118,1.118,0.017,0.017,0.017,0.000,0.000
70,7,1.048,1.048,1.048,0.023,0.023,0.023,0.000,0.000
70,7,1.080,1.080,1.080,0.017,0.017,0.017,0.000,0.000
70,7,1.196,1.196,1.196,0.017,0.017,0.017,0.000,0.000
70,7,1.119,1.119,1.119,0.018,0.018,0.018,0.000,0.000
70,7,1.045,1.045,1.045,0.021,0.021,0.021,0.000,0.000
70,7,1.092,1.092,1.092,0.028,0.028,0.028,0.000,0.000
70,7,1.063,1.063,1.063,0.017,0.017,0.017,0.000,0.000
70,7,1.136,1.136,1.136,0.021,0.021,0.021,0.000,0.000
70,7,1.097,1.097,1.097,0.018,0.018,0.018,0.000,0.000
70,7,1.078,1.078,1.078,0.019,0.019,0.019,0.000,0.000
70,7,1.099,1.099,1.099,0.019,0.019,0.019,0.000,0.000
70,7,1.074,1.074,1.074,0.019,0.019,0.019,0.000,0.000
70,7,1.064,1.064,1.064,0.016,0.016,0.016,0.000,0.000
70,7,1.162,1.162,1.162,0.017,0.017,0.017,0.000,0.000
70,7,1.084,1.084,1.084,0.017,0.017,0.017,0.000,0.000
70,7,1.327,1.327,1.327,0.016,0.016,0.016,0.000,0.000
70,7,1.046,1.046,1.046,0.020,0.020,0.020,0.000,0.000
70,7,1.067,1.067,1.067,0.017,0.017,0.017,0.000,0.000
70,7,1.182,1.182,1.182,0.020,0.020,0.020,0.000,0.000
70,7,1.085,1.085,1.085,0.018,0.018,0.018,0.000,0.000
70,7,1.136,1.136,1.136,0.017,0.017,0.017,0.000,0.000
70,7,1.110,1.110,1.110,0.017,0.017,0.017,0.000,0.000
70,7,1.096,1.096,1.096,0.021,0.021,0.021,0.000,0.000
70,7,1.100,1.100,1.100,0.017,0.017,0.017,0.000,0.000
70,7,1.099,1.099,1.099,0.019,0.019,0.019,0.000,0.000
70,7,1.226,1.226,1.226,0.017,0.017,0.017,0.000,0.000
70,7,1.195,1.195,1.195,0.017,0.017,0.017,0.000,0.000
70,7,1.139,1.139,1.139,0.021,0.021,0.021,0.000,0.000
70,7,1.073,1.073,1.073,0.018,0.018,0.018,0.000,0.000
70,7,1.201,1.201,1.201,0.021,0.021,0.021,0.000,0.000
70,7,1.069,1.069,1.069,0.021,0.021,0.021,0.000,0.000
70,7,1.083,1.083,1.083,0.016,0.016,0.016,0.000,0.000
70,7,1.139,1.139,1.139,0.021,0.021,0.021,0.000,0.000
70,7,1.141,1.141,1.141,0.018,0.018,0.018,0.000,0.000
70,7,1.118,1.118,1.118,0.021,0.021,0.021,0.000,0.000
70,7,1.145,1.145,1.145,0.018,0.018,0.018,0.000,0.000
70,8,1.132,1.132,1.132,0.020,0.020,0.020,0.000,0.000
70,8,1.115,1.115,1.115,0.019,0.019,0.019,0.000,0.000
70,8,1.119,1.119,1.119,0.018,0.018,0.018,0.000,0.000
70,8,1.263,1.263,1.263,0.017,0.017,0.017,0.000,0.000
70,8,1.062,1.062,1.062,0.019,0.019,0.019,0.000,0.000
70,8,1.187,1.187,1.187,0.017,0.017,0.017,0.000,0.000
70,8,1.107,1.107,1.107,0.018,0.018,0.018,0.000,0.000
70,8,1.249,1.249,1.249,0.021,0.021,0.021,0.000,0.000
70,8,1.149,1.149,1.149,0.019,0.019,0.019,0.000,0.000
70,8,1.076,1.076,1.076,0.019,0.019,0.019,0.000,0.000
70,8,1.067,1.067,1.067,0.020,0.020,0.020,0.000,0.000
70,8,1.044,1.044,1.044,0.021,0.021,0.021,0.000,0.000
70,8,1.161,1.161,1.161,0.020,0.020,0.020,0.000,0.000
70,8,1.113,1.113,1.113,0.019,0.019,0.019,0.000,0.000
70,8,1.069,1.069,1.069,0.021,0.021,0.021,0.000,0.000
70,8,1.150,1.150,1.150,0.018,0.018,0.018,0.000,0.000
70,8,1.070,1.070,1.070,0.021,0.021,0.021,0.000,0.000
70,8,1.066,1.066,1.066,0.017,0.017,0.017,0.000,0.000
70,8,1.123,1.123,1.123,0.022,0.022,0.022,0.000,0.000
70,8,1.079,1.079,1.079,0.019,0.019,0.019,0.000,0.000
70,8,1.159,1.159,1.159,0.029,0.029,0.029,0.000,0.000
70,8,1.158,1.158,1.158,0.020,0.020,0.020,0.000,0.000
70,8,1.046,1.046,1.046,0.017,0.017,0.017,0.000,0.000
70,8,1.123,1.123,1.123,0.017,0.017,0.017,0.000,0.000
70,8,1.139,1.139,1.139,0.023,0.023,0.023,0.000,0.000
70,8,1.124,1.124,1.124,0.025,0.025,0.025,0.000,0.000
70,8,1.111,1.111,1.111,0.017,0.017,0.017,0.000,0.000
70,8,1.035,1.035,1.035,0.017,0.017,0.017,0.000,0.000
70,8,1.120,1.120,1.120,0.017,0.017,0.017,0.000,0.000
70,8,1.185,1.185,1.185,0.019,0.019,0.019,0.000,0.000
70,8,1.057,1.057,1.057,0.019,0.019,0.019,0.000,0.000
70,8,1.146,1.146,1.146,0.021,0.021,0.021,0.000,0.000
70,8,1.243,1.243,1.243,0.017,0.017,0.017,0.000,0.000
70,8,1.101,1.101,1.101,0.017,0.017,0.017,0.000,0.000
70,8,1.091,1.091,1.091,0.018,0.018,0.018,0.000,0.000
70,8,1.107,1.107,1.107,0.020,0.020,0.020,0.000,0.000
70,8,1.059,1.059,1.059,0.017,0.017,0.017,0.000,0.000
70,8,1.034,1.034,1.034,0.017,0.017,0.017,0.000,0.000
70,8,1.127,1.127,1.127,0.019,0.019,0.019,0.000,0.000
70,8,1.056,1.056,1.056,0.017,0.017,0.017,0.000,0.000
70,8,1.097,1.097,1.097,0.020,0.020,0.020,0.000,0.000
70,8,1.104,1.104,1.104,0.019,0.019,0.019,0.000,0.000
70,8,1.072,1.072,1.072,0.021,0.021,0.021,0.000,0.000
70,8,1.058,1.058,1.058,0.023,0.023,0.023,0.000,0.000
70,8,1.152,1.152,1.152,0.017,0.017,0.017,0.000,0.000
70,8,1.083,1.083,1.083,0.023,0.023,0.023,0.000,0.000
70,8,1.058,1.058,1.058,0.023,0.023,0.023,0.000,0.000
70,8,1.116,1.116,1.116,0.017,0.017,0.017,0.000,0.000
70,8,1.120,1.120,1.120,0.020,0.020,0.020,0.000,0.000
70,8,1.152,1.152,1.152,0.019,0.019,0.019,0.000,0.000
70,8,1.101,1.101,1.101,0.017,0.017,0.017,0.000,0.000
70,8,1.054,1.054,1.054,0.021,0.021,0.021,0.000,0.000
70,8,1.115,1.115,1.115,0.017,0.017,0.017,0.000,0.000
70,8,1.151,1.151,1.151,0.018,0.018,0.018,0.000,0.000
70,8,1.070,1.070,1.070,0.022,0.022,0.022,0.000,0.000
70,8,1.093,1.093,1.093,0.018,0.018,0.018,0.000,0.000
70,8,1.112,1.112,1.112,0.019,0.019,0.019,0.000,0.000
70,8,1.157,1.157,1.157,0.020,0.020,0.020,0.000,0.000
70,8,1.231,1.231,1.231,0.017,0.017,0.017,0.000,0.000
70,8,1.140,1.140,1.140,0.021,0.021,0.021,0.000,0.000
70,8,1.116,1.116,1.116,0.023,0.023,0.023,0.000,0.000
70,8,1.071,1.071,1.071,0.021,0.021,0.021,0.000,0.000
70,8,1.138,1.138,1.138,0.017,0.017,0.017,0.000,0.000
70,8,1.116,1.116,1.116,0.017,0.017,0.017,0.000,0.000
70,8,1.122,1.122,1.122,0.016,0.016,0.016,0.000,0.000
70,8,1.057,1.057,1.057,0.017,0.017,0.017,0.000,0.000
70,8,1.194,1.194,1.194,0.023,0.023,0.023,0.000,0.000
70,8,1.106,1.106,1.106,0.021,0.021,0.021,0.000,0.000
70,8,1.184,1.184,1.184,0.023,0.023,0.023,0.000,0.000
70,8,1.083,1.083,1.083,0.016,0.016,0.016,0.000,0.000
70,8,1.097,1.097,1.097,0.018,0.018,0.018,0.000,0.000
70,8,1.093,1.093,1.093,0.018,0.018,0.018,0.000,0.000
70,8,1.094,1.094,1.094,0.019,0.019,0.019,0.000,0.000
70,8,1.156,1.156,1.156,0.017,0.017,0.017,0.000,0.000
70,8,1.095,1.095,1.095,0.018,0.018,0.018,0.000,0.000
70,8,1.052,1.052,1.052,0.017,0.017,0.017,0.000,0.000
70,8,1.103,1.103,1.103,0.016,0.016,0.016,0.000,0.000
70,8,1.061,1.061,1.061,0.020,0.020,0.020,0.000,0.000
70,8,1.091,1.091,1.091,0.020,0.020,0.020,0.000,0.000
70,8,1.170,1.170,1.170,0.021,0.021,0.021,0.000,0.000
70,8,1.066,1.066,1.066,0.021,0.021,0.021,0.000,0.000
70,8,1.069,1.069,1.069,0.017,0.017,0.017,0.000,0.000
70,8,1.177,1.177,1.177,0.018,0.018,0.018,0.000,0.000
70,8,1.170,1.170,1.170,0.017,0.017,0.017,0.000,0.000
70,8,1.165,1.165,1.165,0.022,0.022,0.022,0.000,0.000
70,8,1.074,1.074,1.074,0.019,0.019,0.019,0.000,0.000
70,8,1.129,1.129,1.129,0.024,0.024,0.024,0.000,0.000
70,8,1.160,1.160,1.160,0.016,0.016,0.016,0.000,0.000
70,8,1.014,1.014,1.014,0.018,0.018,0.018,0.000,0.000
70,8,1.228,1.228,1.228,0.018,0.018,0.018,0.000,0.000
70,8,1.121,1.121,1.121,0.017,0.017,0.017,0.000,0.000
70,8,1.090,1.090,1.090,0.018,0.018,0.018,0.000,0.000
70,8,1.051,1.051,1.051,0.021,0.021,0.021,0.000,0.000
70,8,1.066,1.066,1.066,0.018,0.018,0.018,0.000,0.000
70,8,1.103,1.103,1.103,0.024,0.024,0.024,0.000,0.000
70,8,1.043,1.043,1.043,0.021,0.021,0.021,0.000,0.000
70,8,1.134,1.134,1.134,0.018,0.018,0.018,0.000,0.000
70,8,1.192,1.192,1.192,0.025,0.025,0.025,0.000,0.000
70,8,1.162,1.162,1.162,0.019,0.019,0.019,0.000,0.000
70,8,1.063,1.063,1.063,0.019,0.019,0.019,0.000,0.000
70,9,1.176,1.176,1.176,0.026,0.026,0.026,0.000,0.000
70,9,1.145,1.145,1.145,0.019,0.019,0.019,0.000,0.000
70,9,1.205,1.205,1.205,0.017,0.017,0.017,0.000,0.000
70,9,1.071,1.071,1.071,0.022,0.022,0.022,0.000,0.000
70,9,1.044,1.044,1.044,0.019,0.019,0.019,0.000,0.000
70,9,1.069,1.069,1.069,0.021,0.021,0.021,0.000,0.000
70,9,1.093,1.093,1.093,0.017,0.017,0.017,0.000,0.000
70,9,1.046,1.046,1.046,0.020,0.020,0.020,0.000,0.000
70,9,1.176,1.176,1.176,0.019,0.019,0.019,0.000,0.000
70,9,1.028,1.028,1.028,0.023,0.023,0.023,0.000,0.000
70,9,1.110,1.110,1.110,0.022,0.022,0.022,0.000,0.000
70,9,1.104,1.104,1.104,0.026,0.026,0.026,0.000,0.000
70,9,1.117,1.117,1.117,0.025,0.025,0.025,0.000,0.000
70,9,1.092,1.092,1.092,0.019,0.019,0.019,0.000,0.000
70,9,1.129,1.129,1.129,0.017,0.017,0.017,0.000,0.000
70,9,1.090,1.090,1.090,0.017,0.017,0.017,0.000,0.000
70,9,1.109,1.109,1.109,0.021,0.021,0.021,0.000,0.000
70,9,1.022,1.022,1.022,0.020,0.020,0.020,0.000,0.000
70,9,1.188,1.188,1.188,0.019,0.019,0.019,0.000,0.000
70,9,1.131,1.131,1.131,0.019,0.019,0.019,0.000,0.000
70,9,1.115,1.115,1.115,0.020,0.020,0.020,0.000,0.000
70,9,1.209,1.209,1.209,0.018,0.018,0.018,0.000,0.000
70,9,1.058,1.058,1.058,0.018,0.018,0.018,0.000,0.000
70,9,1.146,1.146,1.146,0.016,0.016,0.016,0.000,0.000
70,9,1.134,1.134,1.134,0.018,0.018,0.018,0.000,0.000
70,9,1.134,1.134,1.134,0.019,0.019,0.019,0.000,0.000
70,9,1.068,1.068,1.068,0.018,0.018,0.018,0.000,0.000
70,9,1.162,1.162,1.162,0.020,0.020,0.020,0.000,0.000
70,9,1.149,1.149,1.149,0.020,0.020,0.020,0.000,0.000
70,9,1.108,1.108,1.108,0.016,0.016,0.016,0.000,0.000
70,9,1.038,1.038,1.038,0.017,0.017,0.017,0.000,0.000
70,9,1.110,1.110,1.110,0.022,0.022,0.022,0.000,0.000
70,9,1.115,1.115,1.115,0.021,0.021,0.021,0.000,0.000
70,9,1.038,1.038,1.038,0.020,0.020,0.020,0.000,0.000
70,9,1.146,1.146,1.146,0.019,0.019,0.019,0.000,0.000
70,9,1.109,1.109,1.109,0.020,0.020,0.020,0.000,0.000
70,9,1.139,1.139,1.139,0.016,0.016,0.016,0.000,0.000
70,9,1.092,1.092,1.092,0.019,0.019,0.019,0.000,0.000
70,9,1.046,1.046,1.046,0.016,0.016,0.016,0.000,0.000
70,9,1.083,1.083,1.083,0.019,0.019,0.019,0.000,0.000
70,9,1.155,1.155,1.155,0.017,0.017,0.017,0.000,0.000
70,9,1.090,1.090,1.090,0.025,0.025,0.025,0.000,0.000
70,9,1.022,1.022,1.022,0.017,0.017,0.017,0.000,0.000
70,9,1.174,1.174,1.174,0.023,0.023,0.023,0.000,0.000
70,9,1.165,1.165,1.165,0.019,0.019,0.019,0.000,0.000
70,9,1.027,1.027,1.027,0.017,0.017,0.017,0.000,0.000
70,9,1.127,1.127,1.127,0.019,0.019,0.019,0.000,0.000
70,9,1.080,1.080,1.080,0.016,0.016,0.016,0.000,0.000
70,9,1.038,1.038,1.038,0.021,0.021,0.021,0.000,0.000
70,9,1.083,1.083,1.083,0.017,0.017,0.017,0.000,0.000
70,9,1.150,1.150,1.150,0.019,0.019,0.019,0.000,0.000
70,9,1.184,1.184,1.184,0.020,0.020,0.020,0.000,0.000
70,9,1.102,1.102,1.102,0.017,0.017,0.017,0.000,0.000
70,9,1.105,1.105,1.105,0.017,0.017,0.017,0.000,0.000
70,9,1.158,1.158,1.158,0.019,0.019,0.019,0.000,0.000
70,9,1.148,1.148,1.148,0.021,0.021,0.021,0.000,0.000
70,9,1.041,1.041,1.041,0.019,0.019,0.019,0.000,0.000
70,9,1.055,1.055,1.055,0.019,0.019,0.019,0.000,0.000
70,9,1.228,1.228,1.228,0.023,0.023,0.023,0.000,0.000
70,9,1.068,1.068,1.068,0.026,0.026,0.026,0.000,0.000
70,9,1.171,1.171,1.171,0.021,0.021,0.021,0.000,0.000
70,9,1.133,1.133,1.133,0.017,0.017,0.017,0.000,0.000
70,9,1.108,1.108,1.108,0.021,0.021,0.021,0.000,0.000
70,9,1.251,1.251,1.251,0.025,0.025,0.025,0.000,0.000
70,9,1.127,1.127,1.127,0.017,0.017,0.017,0.000,0.000
70,9,1.139,1.139,1.139,0.018,0.018,0.018,0.000,0.000
70,9,1.092,1.092,1.092,0.017,0.017,0.017,0.000,0.000
70,9,1.188,1.188,1.188,0.017,0.017,0.017,0.000,0.000
70,9,1.083,1.083,1.083,0.019,0.019,0.019,0.000,0.000
70,9,1.138,1.138,1.138,0.018,0.018,0.018,0.000,0.000
70,9,1.207,1.207,1.207,0.020,0.020,0.020,0.000,0.000
70,9,1.080,1.080,1.080,0.017,0.017,0.017,0.000,0.000
70,9,1.072,1.072,1.072,0.017,0.017,0.017,0.000,0.000
70,9,1.202,1.202,1.202,0.022,0.022,0.022,0.000,0.000
70,9,1.121,1.121,1.121,0.017,0.017,0.017,0.000,0.000
70,9,1.302,1.302,1.302,0.029,0.029,0.029,0.000,0.000
70,9,1.254,1.254,1.254,0.017,0.017,0.017,0.000,0.000
70,9,1.153,1.153,1.153,0.020,0.020,0.020,0.000,0.000
70,9,1.130,1.130,1.130,0.017,0.017,0.017,0.000,0.000
70,9,1.148,1.148,1.148,0.016,0.016,0.016,0.000,0.000
70,9,1.131,1.131,1.131,0.022,0.022,0.022,0.000,0.000
70,9,1.099,1.099,1.099,0.018,0.018,0.018,0.000,0.000
70,9,1.090,1.090,1.090,0.025,0.025,0.025,0.000,0.000
70,9,1.129,1.129,1.129,0.018,0.018,0.018,0.000,0.000
70,9,1.157,1.157,1.157,0.019,0.019,0.019,0.000,0.000
70,9,1.166,1.166,1.166,0.018,0.018,0.018,0.000,0.000
70,9,1.116,1.116,1.116,0.016,0.016,0.016,0.000,0.000
70,9,1.117,1.117,1.117,0.018,0.018,0.018,0.000,0.000
70,9,1.146,1.146,1.146,0.017,0.017,0.017,0.000,0.000
70,9,1.141,1.141,1.141,0.019,0.019,0.019,0.000,0.000
70,9,1.100,1.100,1.100,0.017,0.017,0.017,0.000,0.000
70,9,1.103,1.103,1.103,0.017,0.017,0.017,0.000,0.000
70,9,1.162,1.162,1.162,0.017,0.017,0.017,0.000,0.000
70,9,1.111,1.111,1.111,0.019,0.019,0.019,0.000,0.000
70,9,1.056,1.056,1.056,0.019,0.019,0.019,0.000,0.000
70,9,1.170,1.170,1.170,0.017,0.017,0.017,0.000,0.000
70,9,1.129,1.129,1.129,0.020,0.020,0.020,0.000,0.000
70,9,1.189,1.189,1.189,0.019,0.019,0.019,0.000,0.000
70,9,1.157,1.157,1.157,0.018,0.018,0.018,0.000,0.000
70,9,1.099,1.099,1.099,0.017,0.017,0.017,0.000,0.000
70,10,1.120,1.120,1.120,0.017,0.017,0.017,0.000,0.000
70,10,1.147,1.147,1.147,0.028,0.028,0.028,0.000,0.000
70,10,1.112,1.112,1.112,0.019,0.019,0.019,0.000,0.000
70,10,1.054,1.054,1.054,0.017,0.017,0.017,0.000,0.000
70,10,1.147,1.147,1.147,0.020,0.020,0.020,0.000,0.000
70,10,1.121,1.121,1.121,0.018,0.018,0.018,0.000,0.000
70,10,1.039,1.039,1.039,0.017,0.017,0.017,0.000,0.000
70,10,1.073,1.073,1.073,0.021,0.021,0.021,0.000,0.000
70,10,1.096,1.096,1.096,0.021,0.021,0.021,0.000,0.000
70,10,1.169,1.169,1.169,0.017,0.017,0.017,0.000,0.000
70,10,1.105,1.105,1.105,0.024,0.024,0.024,0.000,0.000
70,10,1.183,1.183,1.183,0.017,0.017,0.017,0.000,0.000
70,10,1.096,1.096,1.096,0.019,0.019,0.019,0.000,0.000
70,10,1.120,1.120,1.120,0.017,0.017,0.017,0.000,0.000
70,10,1.189,1.189,1.189,0.023,0.023,0.023,0.000,0.000
70,10,1.145,1.145,1.145,0.018,0.018,0.018,0.000,0.000
70,10,1.091,1.091,1.091,0.018,0.018,0.018,0.000,0.000
70,10,1.101,1.101,1.101,0.019,0.019,0.019,0.000,0.000
70,10,1.054,1.054,1.054,0.022,0.022,0.022,0.000,0.000
70,10,1.081,1.081,1.081,0.017,0.017,0.017,0.000,0.000
70,10,1.123,1.123,1.123,0.019,0.019,0.019,0.000,0.000
70,10,1.176,1.176,1.176,0.026,0.026,0.026,0.000,0.000
70,10,1.171,1.171,1.171,0.021,0.021,0.021,0.000,0.000
70,10,1.160,1.160,1.160,0.019,0.019,0.019,0.000,0.000
70,10,1.233,1.233,1.233,0.024,0.024,0.024,0.000,0.000
70,10,1.113,1.113,1.113,0.022,0.022,0.022,0.000,0.000
70,10,1.097,1.097,1.097,0.019,0.019,0.019,0.000,0.000
70,10,1.118,1.118,1.118,0.017,0.017,0.017,0.000,0.000
70,10,1.161,1.161,1.161,0.020,0.020,0.020,0.000,0.000
70,10,1.086,1.086,1.086,0.021,0.021,0.021,0.000,0.000
70,10,1.061,1.061,1.061,0.020,0.020,0.020,0.000,0.000
70,10,1.086,1.086,1.086,0.022,0.022,0.022,0.000,0.000
70,10,1.048,1.048,1.048,0.019,0.019,0.019,0.000,0.000
70,10,1.148,1.148,1.148,0.021,0.021,0.021,0.000,0.000
70,10,1.216,1.216,1.216,0.019,0.019,0.019,0.000,0.000
70,10,1.143,1.143,1.143,0.017,0.017,0.017,0.000,0.000
70,10,1.092,1.092,1.092,0.019,0.019,0.019,0.000,0.000
70,10,1.108,1.108,1.108,0.019,0.019,0.019,0.000,0.000
70,10,1.070,1.070,1.070,0.018,0.018,0.018,0.000,0.000
70,10,1.114,1.114,1.114,0.024,0.024,0.024,0.000,0.000
70,10,1.170,1.170,1.170,0.024,0.024,0.024,0.000,0.000
70,10,1.086,1.086,1.086,0.020,0.020,0.020,0.000,0.000
70,10,1.208,1.208,1.208,0.020,0.020,0.020,0.000,0.000
70,10,1.144,1.144,1.144,0.025,0.025,0.025,0.000,0.000
70,10,1.109,1.109,1.109,0.018,0.018,0.018,0.000,0.000
70,10,1.149,1.149,1.149,0.017,0.017,0.017,0.000,0.000
70,10,1.252,1.252,1.252,0.017,0.017,0.017,0.000,0.000
70,10,1.074,1.074,1.074,0.021,0.021,0.021,0.000,0.000
70,10,1.048,1.048,1.048,0.018,0.018,0.018,0.000,0.000
70,10,1.034,1.034,1.034,0.019,0.019,0.019,0.000,0.000
70,10,1.167,1.167,1.167,0.017,0.017,0.017,0.000,0.000
70,10,1.028,1.028,1.028,0.018,0.018,0.018,0.000,0.000
70,10,1.149,1.149,1.149,0.019,0.019,0.019,0.000,0.000
70,10,1.127,1.127,1.127,0.017,0.017,0.017,0.000,0.000
70,10,1.123,1.123,1.123,0.018,0.018,0.018,0.000,0.000
70,10,1.131,1.131,1.131,0.018,0.018,0.018,0.000,0.000
70,10,1.079,1.079,1.079,0.019,0.019,0.019,0.000,0.000
70,10,1.097,1.097,1.097,0.017,0.017,0.017,0.000,0.000
70,10,1.086,1.086,1.086,0.020,0.020,0.020,0.000,0.000
70,10,1.172,1.172,1.172,0.019,0.019,0.019,0.000,0.000
70,10,1.101,1.101,1.101,0.018,0.018,0.018,0.000,0.000
70,10,1.094,1.094,1.094,0.018,0.018,0.018,0.000,0.000
70,10,1.070,1.070,1.070,0.018,0.018,0.018,0.000,0.000
70,10,1.148,1.148,1.148,0.019,0.019,0.019,0.000,0.000
70,10,1.201,1.201,1.201,0.019,0.019,0.019,0.000,0.000
70,10,1.222,1.222,1.222,0.017,0.017,0.017,0.000,0.000
70,10,1.074,1.074,1.074,0.019,0.019,0.019,0.000,0.000
70,10,1.099,1.099,1.099,0.024,0.024,0.024,0.000,0.000
70,10,1.138,1.138,1.138,0.022,0.022,0.022,0.000,0.000
70,10,1.134,1.134,1.134,0.021,0.021,0.021,0.000,0.000
70,10,1.129,1.129,1.129,0.017,0.017,0.017,0.000,0.000
70,10,1.117,1.117,1.117,0.020,0.020,0.020,0.000,0.000
70,10,1.129,1.129,1.129,0.017,0.017,0.017,0.000,0.000
70,10,1.145,1.145,1.145,0.021,0.021,0.021,0.000,0.000
70,10,1.118,1.118,1.118,0.021,0.021,0.021,0.000,0.000
70,10,1.102,1.102,1.102,0.020,0.020,0.020,0.000,0.000
70,10,1.105,1.105,1.105,0.022,0.022,0.022,0.000,0.000
70,10,1.102,1.102,1.102,0.017,0.017,0.017,0.000,0.000
70,10,1.221,1.221,1.221,0.019,0.019,0.019,0.000,0.000
70,10,1.094,1.094,1.094,0.019,0.019,0.019,0.000,0.000
70,10,1.053,1.053,1.053,0.018,0.018,0.018,0.000,0.000
70,10,1.137,1.137,1.137,0.017,0.017,0.017,0.000,0.000
70,10,1.154,1.154,1.154,0.017,0.017,0.017,0.000,0.000
70,10,1.131,1.131,1.131,0.017,0.017,0.017,0.000,0.000
70,10,1.119,1.119,1.119,0.021,0.021,0.021,0.000,0.000
70,10,1.105,1.105,1.105,0.023,0.023,0.023,0.000,0.000
70,10,1.097,1.097,1.097,0.018,0.018,0.018,0.000,0.000
70,10,1.065,1.065,1.065,0.020,0.020,0.020,0.000,0.000
70,10,1.049,1.049,1.049,0.018,0.018,0.018,0.000,0.000
70,10,1.068,1.068,1.068,0.018,0.018,0.018,0.000,0.000
70,10,1.128,1.128,1.128,0.018,0.018,0.018,0.000,0.000
70,10,1.105,1.105,1.105,0.020,0.020,0.020,0.000,0.000
70,10,1.132,1.132,1.132,0.021,0.021,0.021,0.000,0.000
70,10,1.177,1.177,1.177,0.022,0.022,0.022,0.000,0.000
70,10,1.119,1.119,1.119,0.018,0.018,0.018,0.000,0.000
70,10,1.136,1.136,1.136,0.024,0.024,0.024,0.000,0.000
70,10,1.118,1.118,1.118,0.019,0.019,0.019,0.000,0.000
70,10,1.122,1.122,1.122,0.019,0.019,0.019,0.000,0.000
70,10,1.114,1.114,1.114,0.020,0.020,0.020,0.000,0.000
70,10,1.131,1.131,1.131,0.021,0.021,0.021,0.000,0.000
80,2,1.042,1.042,1.042,0.020,0.020,0.020,0.000,0.000
80,2,1.153,1.153,1.153,0.022,0.022,0.022,0.000,0.000
80,2,1.130,1.130,1.130,0.021,0.021,0.021,0.000,0.000
80,2,1.143,1.143,1.143,0.026,0.026,0.026,0.000,0.000
80,2,1.086,1.086,1.086,0.029,0.029,0.029,0.000,0.000
80,2,1.082,1.082,1.082,0.022,0.022,0.022,0.000,0.000
80,2,1.071,1.071,1.071,0.021,0.021,0.021,0.000,0.000
80,2,1.126,1.126,1.126,0.023,0.023,0.023,0.000,0.000
80,2,1.109,1.109,1.109,0.027,0.027,0.027,0.000,0.000
80,2,1.105,1.105,1.105,0.029,0.029,0.029,0.000,0.000
80,2,1.110,1.110,1.110,0.023,0.023,0.023,0.000,0.000
80,2,1.138,1.138,1.138,0.022,0.022,0.022,0.000,0.000
80,2,1.223,1.223,1.223,0.023,0.023,0.023,0.000,0.000
80,2,1.146,1.146,1.146,0.021,0.021,0.021,0.000,0.000
80,2,1.020,1.020,1.020,0.027,0.027,0.027,0.000,0.000
80,2,1.241,1.241,1.241,0.022,0.022,0.022,0.000,0.000
80,2,1.110,1.110,1.110,0.020,0.020,0.020,0.000,0.000
80,2,1.003,1.003,1.003,0.020,0.020,0.020,0.000,0.000
80,2,1.181,1.181,1.181,0.024,0.024,0.024,0.000,0.000
80,2,1.065,1.065,1.065,0.023,0.023,0.023,0.000,0.000
80,2,1.026,1.026,1.026,0.020,0.020,0.020,0.000,0.000
80,2,1.082,1.082,1.082,0.020,0.020,0.020,0.000,0.000
80,2,1.146,1.146,1.146,0.020,0.020,0.020,0.000,0.000
80,2,1.107,1.107,1.107,0.040,0.040,0.040,0.000,0.000
80,2,1.155,1.155,1.155,0.036,0.036,0.036,0.000,0.000
80,2,1.137,1.137,1.137,0.021,0.021,0.021,0.000,0.000
80,2,1.097,1.097,1.097,0.020,0.020,0.020,0.000,0.000
80,2,1.020,1.020,1.020,0.022,0.022,0.022,0.000,0.000
80,2,1.079,1.079,1.079,0.020,0.020,0.020,0.000,0.000
80,2,1.131,1.131,1.131,0.024,0.024,0.024,0.000,0.000
80,2,1.060,1.060,1.060,0.020,0.020,0.020,0.000,0.000
80,2,1.117,1.117,1.117,0.028,0.028,0.028,0.000,0.000
80,2,1.245,1.245,1.245,0.021,0.021,0.021,0.000,0.000
80,2,1.054,1.054,1.054,0.043,0.043,0.043,0.000,0.000
80,2,1.045,1.045,1.045,0.021,0.021,0.021,0.000,0.000
80,2,1.160,1.160,1.160,0.020,0.020,0.020,0.000,0.000
80,2,1.127,1.127,1.127,0.027,0.027,0.027,0.000,0.000
80,2,1.051,1.051,1.051,0.021,0.021,0.021,0.000,0.000
80,2,1.050,1.050,1.050,0.023,0.023,0.023,0.000,0.000
80,2,1.010,1.010,1.010,0.021,0.021,0.021,0.000,0.000
80,2,1.127,1.127,1.127,0.023,0.023,0.023,0.000,0.000
80,2,1.030,1.030,1.030,0.019,0.019,0.019,0.000,0.000
80,2,1.011,1.011,1.011,0.020,0.020,0.020,0.000,0.000
80,2,1.033,1.033,1.033,0.019,0.019,0.019,0.000,0.000
80,2,1.083,1.083,1.083,0.020,0.020,0.020,0.000,0.000
80,2,1.040,1.040,1.040,0.022,0.022,0.022,0.000,0.000
80,2,1.059,1.059,1.059,0.021,0.021,0.021,0.000,0.000
80,2,1.173,1.173,1.173,0.023,0.023,0.023,0.000,0.000
80,2,1.068,1.068,1.068,0.022,0.022,0.022,0.000,0.000
80,2,1.030,1.030,1.030,0.020,0.020,0.020,0.000,0.000
80,2,1.207,1.207,1.207,0.020,0.020,0.020,0.000,0.000
80,2,1.030,1.030,1.030,0.019,0.019,0.019,0.000,0.000
80,2,1.070,1.070,1.070,0.020,0.020,0.020,0.000,0.000
80,2,1.058,1.058,1.058,0.020,0.020,0.020,0.000,0.000
80,2,1.162,1.162,1.162,0.019,0.019,0.019,0.000,0.000
80,2,1.165,1.165,1.165,0.019,0.019,0.019,0.000,0.000
80,2,1.095,1.095,1.095,0.020,0.020,0.020,0.000,0.000
80,2,1.063,1.063,1.063,0.019,0.019,0.019,0.000,0.000
80,2,1.159,1.159,1.159,0.020,0.020,0.020,0.000,0.000
80,2,1.086,1.086,1.086,0.020,0.020,0.020,0.000,0.000
80,2,1.061,1.061,1.061,0.019,0.019,0.019,0.000,0.000
80,2,1.165,1.165,1.165,0.020,0.020,0.020,0.000,0.000
80,2,1.017,1.017,1.017,0.020,0.020,0.020,0.000,0.000
80,2,1.120,1.120,1.120,0.023,0.023,0.023,0.000,0.000
80,2,1.107,1.107,1.107,0.020,0.020,0.020,0.000,0.000
80,2,1.073,1.073,1.073,0.020,0.020,0.020,0.000,0.000
80,2,1.104,1.104,1.104,0.024,0.024,0.024,0.000,0.000
80,2,1.014,1.014,1.014,0.020,0.020,0.020,0.000,0.000
80,2,1.171,1.171,1.171,0.021,0.021,0.021,0.000,0.000
80,2,1.094,1.094,1.094,0.021,0.021,0.021,0.000,0.000
80,2,1.019,1.019,1.019,0.022,0.022,0.022,0.000,0.000
80,2,1.050,1.050,1.050,0.022,0.022,0.022,0.000,0.000
80,2,1.046,1.046,1.046,0.020,0.020,0.020,0.000,0.000
80,2,1.022,1.022,1.022,0.020,0.020,0.020,0.000,0.000
80,2,1.038,1.038,1.038,0.020,0.020,0.020,0.000,0.000
80,2,1.051,1.051,1.051,0.019,0.019,0.019,0.000,0.000
80,2,1.049,1.049,1.049,0.020,0.020,0.020,0.000,0.000
80,2,1.091,1.091,1.091,0.020,0.020,0.020,0.000,0.000
80,2,1.113,1.113,1.113,0.020,0.020,0.020,0.000,0.000
80,2,1.109,1.109,1.109,0.020,0.020,0.020,0.000,0.000
80,2,1.113,1.113,1.113,0.020,0.020,0.020,0.000,0.000
80,2,1.005,1.005,1.005,0.020,0.020,0.020,0.000,0.000
80,2,1.202,1.202,1.202,0.023,0.023,0.023,0.000,0.000
80,2,1.068,1.068,1.068,0.019,0.019,0.019,0.000,0.000
80,2,1.176,1.176,1.176,0.020,0.020,0.020,0.000,0.000
80,2,1.112,1.112,1.112,0.020,0.020,0.020,0.000,0.000
80,2,1.074,1.074,1.074,0.022,0.022,0.022,0.000,0.000
80,2,1.083,1.083,1.083,0.021,0.021,0.021,0.000,0.000
80,2,1.047,1.047,1.047,0.019,0.019,0.019,0.000,0.000
80,2,1.038,1.038,1.038,0.020,0.020,0.020,0.000,0.000
80,2,1.120,1.120,1.120,0.022,0.022,0.022,0.000,0.000
80,2,1.051,1.051,1.051,0.027,0.027,0.027,0.000,0.000
80,2,1.055,1.055,1.055,0.020,0.020,0.020,0.000,0.000
80,2,1.158,1.158,1.158,0.023,0.023,0.023,0.000,0.000
80,2,1.019,1.019,1.019,0.019,0.019,0.019,0.000,0.000
80,2,1.140,1.140,1.140,0.022,0.022,0.022,0.000,0.000
80,2,1.041,1.041,1.041,0.019,0.019,0.019,0.000,0.000
80,2,1.100,1.100,1.100,0.023,0.023,0.023,0.000,0.000
80,2,1.021,1.021,1.021,0.027,0.027,0.027,0.000,0.000
80,2,1.077,1.077,1.077,0.035,0.035,0.035,0.000,0.000
80,3,1.059,1.059,1.059,0.025,0.025,0.025,0.000,0.000
80,3,1.055,1.055,1.055,0.024,0.024,0.024,0.000,0.000
80,3,1.113,1.113,1.113,0.021,0.021,0.021,0.000,0.000
80,3,1.022,1.022,1.022,0.023,0.023,0.023,0.000,0.000
80,3,1.094,1.094,1.094,0.020,0.020,0.020,0.000,0.000
80,3,1.056,1.056,1.056,0.024,0.024,0.024,0.000,0.000
80,3,1.120,1.120,1.120,0.024,0.024,0.024,0.000,0.000
80,3,1.141,1.141,1.141,0.022,0.022,0.022,0.000,0.000
80,3,1.058,1.058,1.058,0.023,0.023,0.023,0.000,0.000
80,3,1.250,1.250,1.250,0.024,0.024,0.024,0.000,0.000
80,3,1.069,1.069,1.069,0.019,0.019,0.019,0.000,0.000
80,3,1.157,1.157,1.157,0.023,0.023,0.023,0.000,0.000
80,3,1.090,1.090,1.090,0.021,0.021,0.021,0.000,0.000
80,3,1.127,1.127,1.127,0.029,0.029,0.029,0.000,0.000
80,3,1.104,1.104,1.104,0.022,0.022,0.022,0.000,0.000
80,3,1.048,1.048,1.048,0.020,0.020,0.020,0.000,0.000
80,3,1.064,1.064,1.064,0.022,0.022,0.022,0.000,0.000
80,3,1.100,1.100,1.100,0.025,0.025,0.025,0.000,0.000
80,3,1.088,1.088,1.088,0.020,0.020,0.020,0.000,0.000
80,3,1.190,1.190,1.190,0.021,0.021,0.021,0.000,0.000
80,3,1.041,1.041,1.041,0.020,0.020,0.020,0.000,0.000
80,3,1.063,1.063,1.063,0.020,0.020,0.020,0.000,0.000
80,3,1.104,1.104,1.104,0.020,0.020,0.020,0.000,0.000
80,3,1.136,1.136,1.136,0.022,0.022,0.022,0.000,0.000
80,3,1.116,1.116,1.116,0.027,0.027,0.027,0.000,0.000
80,3,1.096,1.096,1.096,0.020,0.020,0.020,0.000,0.000
80,3,1.087,1.087,1.087,0.020,0.020,0.020,0.000,0.000
80,3,1.088,1.088,1.088,0.020,0.020,0.020,0.000,0.000
80,3,1.016,1.016,1.016,0.021,0.021,0.021,0.000,0.000
80,3,1.048,1.048,1.048,0.020,0.020,0.020,0.000,0.000
80,3,1.026,1.026,1.026,0.020,0.020,0.020,0.000,0.000
80,3,1.070,1.070,1.070,0.023,0.023,0.023,0.000,0.000
80,3,1.004,1.004,1.004,0.030,0.030,0.030,0.000,0.000
80,3,1.110,1.110,1.110,0.026,0.026,0.026,0.000,0.000
80,3,1.124,1.124,1.124,0.020,0.020,0.020,0.000,0.000
80,3,1.069,1.069,1.069,0.022,0.022,0.022,0.000,0.000
80,3,1.188,1.188,1.188,0.020,0.020,0.020,0.000,0.000
80,3,1.090,1.090,1.090,0.021,0.021,0.021,0.000,0.000
80,3,1.108,1.108,1.108,0.020,0.020,0.020,0.000,0.000
80,3,1.053,1.053,1.053,0.023,0.023,0.023,0.000,0.000
80,3,1.175,1.175,1.175,0.021,0.021,0.021,0.000,0.000
80,3,1.183,1.183,1.183,0.026,0.026,0.026,0.000,0.000
80,3,1.043,1.043,1.043,0.042,0.042,0.042,0.000,0.000
80,3,1.109,1.109,1.109,0.021,0.021,0.021,0.000,0.000
80,3,1.109,1.109,1.109,0.022,0.022,0.022,0.000,0.000
80,3,1.167,1.167,1.167,0.024,0.024,0.024,0.000,0.000
80,3,1.011,1.011,1.011,0.022,0.022,0.022,0.000,0.000
80,3,1.062,1.062,1.062,0.025,0.025,0.025,0.000,0.000
80,3,1.046,1.046,1.046,0.027,0.027,0.027,0.000,0.000
80,3,1.100,1.100,1.100,0.024,0.024,0.024,0.000,0.000
80,3,1.026,1.026,1.026,0.030,0.030,0.030,0.000,0.000
80,3,1.189,1.189,1.189,0.029,0.029,0.029,0.000,0.000
80,3,1.204,1.204,1.204,0.024,0.024,0.024,0.000,0.000
80,3,1.055,1.055,1.055,0.024,0.024,0.024,0.000,0.000
80,3,1.109,1.109,1.109,0.033,0.033,0.033,0.000,0.000
80,3,1.017,1.017,1.017,0.030,0.030,0.030,0.000,0.000
80,3,1.065,1.065,1.065,0.032,0.032,0.032,0.000,0.000
80,3,1.130,1.130,1.130,0.027,0.027,0.027,0.000,0.000
80,3,1.121,1.121,1.121,0.025,0.025,0.025,0.000,0.000
80,3,1.121,1.121,1.121,0.021,0.021,0.021,0.000,0.000
80,3,1.057,1.057,1.057,0.021,0.021,0.021,0.000,0.000
80,3,1.083,1.083,1.083,0.024,0.024,0.024,0.000,0.000
80,3,1.196,1.196,1.196,0.021,0.021,0.021,0.000,0.000
80,3,1.279,1.279,1.279,0.021,0.021,0.021,0.000,0.000
80,3,1.008,1.008,1.008,0.020,0.020,0.020,0.000,0.000
80,3,1.035,1.035,1.035,0.025,0.025,0.025,0.000,0.000
80,3,1.124,1.124,1.124,0.021,0.021,0.021,0.000,0.000
80,3,1.098,1.098,1.098,0.021,0.021,0.021,0.000,0.000
80,3,1.196,1.196,1.196,0.021,0.021,0.021,0.000,0.000
80,3,1.066,1.066,1.066,0.027,0.027,0.027,0.000,0.000
80,3,1.058,1.058,1.058,0.020,0.020,0.020,0.000,0.000
80,3,1.014,1.014,1.014,0.023,0.023,0.023,0.000,0.000
80,3,1.117,1.117,1.117,0.021,0.021,0.021,0.000,0.000
80,3,1.096,1.096,1.096,0.025,0.025,0.025,0.000,0.000
80,3,1.154,1.154,1.154,0.022,0.022,0.022,0.000,0.000
80,3,1.322,1.322,1.322,0.020,0.020,0.020,0.000,0.000
80,3,1.238,1.238,1.238,0.020,0.020,0.020,0.000,0.000
80,3,1.116,1.116,1.116,0.024,0.024,0.024,0.000,0.000
80,3,1.032,1.032,1.032,0.022,0.022,0.022,0.000,0.000
80,3,1.109,1.109,1.109,0.027,0.027,0.027,0.000,0.000
80,3,1.188,1.188,1.188,0.021,0.021,0.021,0.000,0.000
80,3,1.135,1.135,1.135,0.022,0.022,0.022,0.000,0.000
80,3,1.002,1.002,1.002,0.020,0.020,0.020,0.000,0.000
80,3,1.018,1.018,1.018,0.025,0.025,0.025,0.000,0.000
80,3,1.082,1.082,1.082,0.026,0.026,0.026,0.000,0.000
80,3,1.030,1.030,1.030,0.028,0.028,0.028,0.000,0.000
80,3,1.023,1.023,1.023,0.020,0.020,0.020,0.000,0.000
80,3,1.062,1.062,1.062,0.028,0.028,0.028,0.000,0.000
80,3,1.117,1.117,1.117,0.023,0.023,0.023,0.000,0.000
80,3,1.102,1.102,1.102,0.021,0.021,0.021,0.000,0.000
80,3,1.094,1.094,1.094,0.028,0.028,0.028,0.000,0.000
80,3,1.045,1.045,1.045,0.029,0.029,0.029,0.000,0.000
80,3,1.072,1.072,1.072,0.020,0.020,0.020,0.000,0.000
80,3,1.087,1.087,1.087,0.019,0.019,0.019,0.000,0.000
80,3,1.055,1.055,1.055,0.029,0.029,0.029,0.000,0.000
80,3,1.074,1.074,1.074,0.024,0.024,0.024,0.000,0.000
80,3,1.042,1.042,1.042,0.023,0.023,0.023,0.000,0.000
80,3,1.091,1.091,1.091,0.022,0.022,0.022,0.000,0.000
80,3,1.120,1.120,1.120,0.021,0.021,0.021,0.000,0.000
80,3,1.162,1.162,1.162,0.020,0.020,0.020,0.000,0.000
80,4,1.131,1.131,1.131,0.022,0.022,0.022,0.000,0.000
80,4,1.069,1.069,1.069,0.021,0.021,0.021,0.000,0.000
80,4,1.255,1.255,1.255,0.021,0.021,0.021,0.000,0.000
80,4,1.151,1.151,1.151,0.021,0.021,0.021,0.000,0.000
80,4,1.099,1.099,1.099,0.020,0.020,0.020,0.000,0.000
80,4,1.115,1.115,1.115,0.020,0.020,0.020,0.000,0.000
80,4,1.113,1.113,1.113,0.020,0.020,0.020,0.000,0.000
80,4,1.111,1.111,1.111,0.021,0.021,0.021,0.000,0.000
80,4,1.085,1.085,1.085,0.021,0.021,0.021,0.000,0.000
80,4,1.165,1.165,1.165,0.020,0.020,0.020,0.000,0.000
80,4,1.100,1.100,1.100,0.027,0.027,0.027,0.000,0.000
80,4,1.081,1.081,1.081,0.022,0.022,0.022,0.000,0.000
80,4,1.042,1.042,1.042,0.020,0.020,0.020,0.000,0.000
80,4,1.161,1.161,1.161,0.022,0.022,0.022,0.000,0.000
80,4,1.146,1.146,1.146,0.025,0.025,0.025,0.000,0.000
80,4,1.066,1.066,1.066,0.020,0.020,0.020,0.000,0.000
80,4,1.121,1.121,1.121,0.020,0.020,0.020,0.000,0.000
80,4,1.163,1.163,1.163,0.023,0.023,0.023,0.000,0.000
80,4,1.079,1.079,1.079,0.020,0.020,0.020,0.000,0.000
80,4,1.048,1.048,1.048,0.020,0.020,0.020,0.000,0.000
80,4,1.109,1.109,1.109,0.023,0.023,0.023,0.000,0.000
80,4,1.033,1.033,1.033,0.019,0.019,0.019,0.000,0.000
80,4,1.027,1.027,1.027,0.020,0.020,0.020,0.000,0.000
80,4,1.066,1.066,1.066,0.029,0.029,0.029,0.000,0.000
80,4,1.148,1.148,1.148,0.022,0.022,0.022,0.000,0.000
80,4,1.190,1.190,1.190,0.024,0.024,0.024,0.000,0.000
80,4,1.052,1.052,1.052,0.020,0.020,0.020,0.000,0.000
80,4,1.029,1.029,1.029,0.021,0.021,0.021,0.000,0.000
80,4,1.052,1.052,1.052,0.024,0.024,0.024,0.000,0.000
80,4,1.091,1.091,1.091,0.019,0.019,0.019,0.000,0.000
80,4,1.154,1.154,1.154,0.022,0.022,0.022,0.000,0.000
80,4,1.118,1.118,1.118,0.024,0.024,0.024,0.000,0.000
80,4,1.283,1.283,1.283,0.019,0.019,0.019,0.000,0.000
80,4,1.093,1.093,1.093,0.021,0.021,0.021,0.000,0.000
80,4,1.091,1.091,1.091,0.023,0.023,0.023,0.000,0.000
80,4,1.004,1.004,1.004,0.019,0.019,0.019,0.000,0.000
80,4,1.099,1.099,1.099,0.021,0.021,0.021,0.000,0.000
80,4,1.136,1.136,1.136,0.023,0.023,0.023,0.000,0.000
80,4,1.098,1.098,1.098,0.022,0.022,0.022,0.000,0.000
80,4,1.179,1.179,1.179,0.027,0.027,0.027,0.000,0.000
80,4,1.164,1.164,1.164,0.020,0.020,0.020,0.000,0.000
80,4,1.154,1.154,1.154,0.026,0.026,0.026,0.000,0.000
80,4,1.009,1.009,1.009,0.021,0.021,0.021,0.000,0.000
80,4,1.237,1.237,1.237,0.023,0.023,0.023,0.000,0.000
80,4,1.096,1.096,1.096,0.030,0.030,0.030,0.000,0.000
80,4,1.211,1.211,1.211,0.020,0.020,0.020,0.000,0.000
80,4,1.110,1.110,1.110,0.020,0.020,0.020,0.000,0.000
80,4,1.118,1.118,1.118,0.024,0.024,0.024,0.000,0.000
80,4,1.122,1.122,1.122,0.023,0.023,0.023,0.000,0.000
80,4,1.056,1.056,1.056,0.022,0.022,0.022,0.000,0.000
80,4,1.198,1.198,1.198,0.024,0.024,0.024,0.000,0.000
80,4,1.153,1.153,1.153,0.026,0.026,0.026,0.000,0.000
80,4,1.076,1.076,1.076,0.023,0.023,0.023,0.000,0.000
80,4,1.071,1.071,1.071,0.024,0.024,0.024,0.000,0.000
80,4,1.229,1.229,1.229,0.028,0.028,0.028,0.000,0.000
80,4,1.114,1.114,1.114,0.020,0.020,0.020,0.000,0.000
80,4,1.080,1.080,1.080,0.020,0.020,0.020,0.000,0.000
80,4,1.056,1.056,1.056,0.029,0.029,0.029,0.000,0.000
80,4,1.144,1.144,1.144,0.021,0.021,0.021,0.000,0.000
80,4,1.124,1.124,1.124,0.020,0.020,0.020,0.000,0.000
80,4,1.130,1.130,1.130,0.020,0.020,0.020,0.000,0.000
80,4,1.034,1.034,1.034,0.020,0.020,0.020,0.000,0.000
80,4,1.064,1.064,1.064,0.038,0.038,0.038,0.000,0.000
80,4,1.300,1.300,1.300,0.023,0.023,0.023,0.000,0.000
80,4,1.084,1.084,1.084,0.022,0.022,0.022,0.000,0.000
80,4,1.129,1.129,1.129,0.022,0.022,0.022,0.000,0.000
80,4,1.065,1.065,1.065,0.027,0.027,0.027,0.000,0.000
80,4,1.013,1.013,1.013,0.023,0.023,0.023,0.000,0.000
80,4,1.119,1.119,1.119,0.024,0.024,0.024,0.000,0.000
80,4,1.180,1.180,1.180,0.019,0.019,0.019,0.000,0.000
80,4,1.166,1.166,1.166,0.025,0.025,0.025,0.000,0.000
80,4,1.182,1.182,1.182,0.019,0.019,0.019,0.000,0.000
80,4,1.152,1.152,1.152,0.020,0.020,0.020,0.000,0.000
80,4,1.248,1.248,1.248,0.022,0.022,0.022,0.000,0.000
80,4,1.107,1.107,1.107,0.020,0.020,0.020,0.000,0.000
80,4,1.037,1.037,1.037,0.021,0.021,0.021,0.000,0.000
80,4,1.086,1.086,1.086,0.027,0.027,0.027,0.000,0.000
80,4,1.123,1.123,1.123,0.022,0.022,0.022,0.000,0.000
80,4,1.169,1.169,1.169,0.020,0.020,0.020,0.000,0.000
80,4,1.068,1.068,1.068,0.021,0.021,0.021,0.000,0.000
80,4,1.064,1.064,1.064,0.024,0.024,0.024,0.000,0.000
80,4,1.090,1.090,1.090,0.023,0.023,0.023,0.000,0.000
80,4,1.167,1.167,1.167,0.025,0.025,0.025,0.000,0.000
80,4,1.111,1.111,1.111,0.025,0.025,0.025,0.000,0.000
80,4,1.041,1.041,1.041,0.024,0.024,0.024,0.000,0.000
80,4,1.135,1.135,1.135,0.025,0.025,0.025,0.000,0.000
80,4,1.225,1.225,1.225,0.021,0.021,0.021,0.000,0.000
80,4,1.058,1.058,1.058,0.023,0.023,0.023,0.000,0.000
80,4,1.043,1.043,1.043,0.021,0.021,0.021,0.000,0.000
80,4,1.111,1.111,1.111,0.024,0.024,0.024,0.000,0.000
80,4,1.101,1.101,1.101,0.021,0.021,0.021,0.000,0.000
80,4,1.109,1.109,1.109,0.030,0.030,0.030,0.000,0.000
80,4,1.195,1.195,1.195,0.021,0.021,0.021,0.000,0.000
80,4,1.066,1.066,1.066,0.020,0.020,0.020,0.000,0.000
80,4,1.100,1.100,1.100,0.025,0.025,0.025,0.000,0.000
80,4,1.048,1.048,1.048,0.020,0.020,0.020,0.000,0.000
80,4,1.061,1.061,1.061,0.021,0.021,0.021,0.000,0.000
80,4,1.134,1.134,1.134,0.023,0.023,0.023,0.000,0.000
80,4,1.053,1.053,1.053,0.027,0.027,0.027,0.000,0.000
80,4,1.345,1.345,1.345,0.019,0.019,0.019,0.000,0.000
80,5,1.186,1.186,1.186,0.025,0.025,0.025,0.000,0.000
80,5,1.134,1.134,1.134,0.025,0.025,0.025,0.000,0.000
80,5,1.119,1.119,1.119,0.023,0.023,0.023,0.000,0.000
80,5,1.172,1.172,1.172,0.026,0.026,0.026,0.000,0.000
80,5,1.076,1.076,1.076,0.020,0.020,0.020,0.000,0.000
80,5,1.321,1.321,1.321,0.024,0.024,0.024,0.000,0.000
80,5,1.060,1.060,1.060,0.022,0.022,0.022,0.000,0.000
80,5,1.181,1.181,1.181,0.021,0.021,0.021,0.000,0.000
80,5,1.063,1.063,1.063,0.022,0.022,0.022,0.000,0.000
80,5,1.047,1.047,1.047,0.020,0.020,0.020,0.000,0.000
80,5,1.128,1.128,1.128,0.028,0.028,0.028,0.000,0.000
80,5,1.124,1.124,1.124,0.022,0.022,0.022,0.000,0.000
80,5,1.146,1.146,1.146,0.022,0.022,0.022,0.000,0.000
80,5,1.109,1.109,1.109,0.020,0.020,0.020,0.000,0.000
80,5,1.157,1.157,1.157,0.025,0.025,0.025,0.000,0.000
80,5,1.145,1.145,1.145,0.022,0.022,0.022,0.000,0.000
80,5,1.272,1.272,1.272,0.020,0.020,0.020,0.000,0.000
80,5,1.057,1.057,1.057,0.021,0.021,0.021,0.000,0.000
80,5,1.133,1.133,1.133,0.021,0.021,0.021,0.000,0.000
80,5,1.043,1.043,1.043,0.024,0.024,0.024,0.000,0.000
80,5,1.051,1.051,1.051,0.022,0.022,0.022,0.000,0.000
80,5,1.234,1.234,1.234,0.023,0.023,0.023,0.000,0.000
80,5,1.064,1.064,1.064,0.025,0.025,0.025,0.000,0.000
80,5,1.176,1.176,1.176,0.020,0.020,0.020,0.000,0.000
80,5,1.016,1.016,1.016,0.020,0.020,0.020,0.000,0.000
80,5,1.228,1.228,1.228,0.037,0.037,0.037,0.000,0.000
80,5,1.049,1.049,1.049,0.027,0.027,0.027,0.000,0.000
80,5,1.237,1.237,1.237,0.021,0.021,0.021,0.000,0.000
80,5,1.111,1.111,1.111,0.025,0.025,0.025,0.000,0.000
80,5,1.040,1.040,1.040,0.023,0.023,0.023,0.000,0.000
80,5,1.150,1.150,1.150,0.019,0.019,0.019,0.000,0.000
80,5,1.064,1.064,1.064,0.023,0.023,0.023,0.000,0.000
80,5,1.237,1.237,1.237,0.020,0.020,0.020,0.000,0.000
80,5,1.074,1.074,1.074,0.023,0.023,0.023,0.000,0.000
80,5,1.156,1.156,1.156,0.020,0.020,0.020,0.000,0.000
80,5,1.065,1.065,1.065,0.019,0.019,0.019,0.000,0.000
80,5,1.114,1.114,1.114,0.021,0.021,0.021,0.000,0.000
80,5,1.117,1.117,1.117,0.024,0.024,0.024,0.000,0.000
80,5,1.097,1.097,1.097,0.019,0.019,0.019,0.000,0.000
80,5,1.240,1.240,1.240,0.027,0.027,0.027,0.000,0.000
80,5,1.107,1.107,1.107,0.020,0.020,0.020,0.000,0.000
80,5,1.178,1.178,1.178,0.024,0.024,0.024,0.000,0.000
80,5,1.136,1.136,1.136,0.020,0.020,0.020,0.000,0.000
80,5,1.058,1.058,1.058,0.022,0.022,0.022,0.000,0.000
80,5,1.080,1.080,1.080,0.020,0.020,0.020,0.000,0.000
80,5,1.145,1.145,1.145,0.032,0.032,0.032,0.000,0.000
80,5,1.059,1.059,1.059,0.019,0.019,0.019,0.000,0.000
80,5,1.283,1.283,1.283,0.027,0.027,0.027,0.000,0.000
80,5,1.067,1.067,1.067,0.022,0.022,0.022,0.000,0.000
80,5,1.103,1.103,1.103,0.022,0.022,0.022,0.000,0.000
80,5,1.037,1.037,1.037,0.022,0.022,0.022,0.000,0.000
80,5,1.067,1.067,1.067,0.024,0.024,0.024,0.000,0.000
80,5,1.075,1.075,1.075,0.022,0.022,0.022,0.000,0.000
80,5,1.125,1.125,1.125,0.036,0.036,0.036,0.000,0.000
80,5,1.092,1.092,1.092,0.020,0.020,0.020,0.000,0.000
80,5,1.153,1.153,1.153,0.020,0.020,0.020,0.000,0.000
80,5,1.236,1.236,1.236,0.020,0.020,0.020,0.000,0.000
80,5,1.110,1.110,1.110,0.021,0.021,0.021,0.000,0.000
80,5,1.105,1.105,1.105,0.020,0.020,0.020,0.000,0.000
80,5,1.142,1.142,1.142,0.021,0.021,0.021,0.000,0.000
80,5,1.108,1.108,1.108,0.019,0.019,0.019,0.000,0.000
80,5,1.065,1.065,1.065,0.031,0.031,0.031,0.000,0.000
80,5,1.097,1.097,1.097,0.022,0.022,0.022,0.000,0.000
80,5,1.032,1.032,1.032,0.020,0.020,0.020,0.000,0.000
80,5,1.125,1.125,1.125,0.019,0.019,0.019,0.000,0.000
80,5,1.266,1.266,1.266,0.021,0.021,0.021,0.000,0.000
80,5,1.133,1.133,1.133,0.021,0.021,0.021,0.000,0.000
80,5,1.145,1.145,1.145,0.023,0.023,0.023,0.000,0.000
80,5,1.089,1.089,1.089,0.020,0.020,0.020,0.000,0.000
80,5,1.151,1.151,1.151,0.022,0.022,0.022,0.000,0.000
80,5,1.139,1.139,1.139,0.030,0.030,0.030,0.000,0.000
80,5,1.043,1.043,1.043,0.020,0.020,0.020,0.000,0.000
80,5,1.064,1.064,1.064,0.026,0.026,0.026,0.000,0.000
80,5,1.101,1.101,1.101,0.020,0.020,0.020,0.000,0.000
80,5,1.104,1.104,1.104,0.022,0.022,0.022,0.000,0.000
80,5,1.068,1.068,1.068,0.020,0.020,0.020,0.000,0.000
80,5,1.299,1.299,1.299,0.022,0.022,0.022,0.000,0.000
80,5,1.151,1.151,1.151,0.021,0.021,0.021,0.000,0.000
80,5,1.137,1.137,1.137,0.020,0.020,0.020,0.000,0.000
80,5,1.132,1.132,1.132,0.025,0.025,0.025,0.000,0.000
80,5,1.054,1.054,1.054,0.021,0.021,0.021,0.000,0.000
80,5,1.015,1.015,1.015,0.022,0.022,0.022,0.000,0.000
80,5,1.146,1.146,1.146,0.020,0.020,0.020,0.000,0.000
80,5,1.115,1.115,1.115,0.024,0.024,0.024,0.000,0.000
80,5,1.174,1.174,1.174,0.020,0.020,0.020,0.000,0.000
80,5,1.096,1.096,1.096,0.026,0.026,0.026,0.000,0.000
80,5,1.174,1.174,1.174,0.020,0.020,0.020,0.000,0.000
80,5,1.045,1.045,1.045,0.020,0.020,0.020,0.000,0.000
80,5,1.017,1.017,1.017,0.019,0.019,0.019,0.000,0.000
80,5,1.203,1.203,1.203,0.020,0.020,0.020,0.000,0.000
80,5,1.064,1.064,1.064,0.020,0.020,0.020,0.000,0.000
80,5,1.111,1.111,1.111,0.024,0.024,0.024,0.000,0.000
80,5,1.170,1.170,1.170,0.023,0.023,0.023,0.000,0.000
80,5,1.072,1.072,1.072,0.020,0.020,0.020,0.000,0.000
80,5,1.065,1.065,1.065,0.020,0.020,0.020,0.000,0.000
80,5,1.061,1.061,1.061,0.022,0.022,0.022,0.000,0.000
80,5,1.064,1.064,1.064,0.023,0.023,0.023,0.000,0.000
80,5,1.088,1.088,1.088,0.027,0.027,0.027,0.000,0.000
80,5,1.248,1.248,1.248,0.023,0.023,0.023,0.000,0.000
80,5,1.067,1.067,1.067,0.023,0.023,0.023,0.000,0.000
80,6,1.141,1.141,1.141,0.023,0.023,0.023,0.000,0.000
80,6,1.140,1.140,1.140,0.028,0.028,0.028,0.000,0.000
80,6,1.144,1.144,1.144,0.026,0.026,0.026,0.000,0.000
80,6,1.070,1.070,1.070,0.020,0.020,0.020,0.000,0.000
80,6,1.147,1.147,1.147,0.024,0.024,0.024,0.000,0.000
80,6,1.138,1.138,1.138,0.025,0.025,0.025,0.000,0.000
80,6,1.080,1.080,1.080,0.023,0.023,0.023,0.000,0.000
80,6,1.059,1.059,1.059,0.019,0.019,0.019,0.000,0.000
80,6,1.061,1.061,1.061,0.019,0.019,0.019,0.000,0.000
80,6,1.187,1.187,1.187,0.023,0.023,0.023,0.000,0.000
80,6,1.019,1.019,1.019,0.020,0.020,0.020,0.000,0.000
80,6,1.223,1.223,1.223,0.022,0.022,0.022,0.000,0.000
80,6,1.087,1.087,1.087,0.025,0.025,0.025,0.000,0.000
80,6,1.089,1.089,1.089,0.024,0.024,0.024,0.000,0.000
80,6,1.088,1.088,1.088,0.019,0.019,0.019,0.000,0.000
80,6,1.089,1.089,1.089,0.021,0.021,0.021,0.000,0.000
80,6,1.147,1.147,1.147,0.029,0.029,0.029,0.000,0.000
80,6,1.097,1.097,1.097,0.021,0.021,0.021,0.000,0.000
80,6,1.098,1.098,1.098,0.027,0.027,0.027,0.000,0.000
80,6,1.166,1.166,1.166,0.027,0.027,0.027,0.000,0.000
80,6,1.111,1.111,1.111,0.021,0.021,0.021,0.000,0.000
80,6,1.127,1.127,1.127,0.024,0.024,0.024,0.000,0.000
80,6,1.126,1.126,1.126,0.023,0.023,0.023,0.000,0.000
80,6,1.114,1.114,1.114,0.021,0.021,0.021,0.000,0.000
80,6,1.145,1.145,1.145,0.023,0.023,0.023,0.000,0.000
80,6,1.137,1.137,1.137,0.021,0.021,0.021,0.000,0.000
80,6,1.115,1.115,1.115,0.030,0.030,0.030,0.000,0.000
80,6,1.076,1.076,1.076,0.028,0.028,0.028,0.000,0.000
80,6,1.100,1.100,1.100,0.023,0.023,0.023,0.000,0.000
80,6,1.132,1.132,1.132,0.020,0.020,0.020,0.000,0.000
80,6,1.076,1.076,1.076,0.019,0.019,0.019,0.000,0.000
80,6,1.107,1.107,1.107,0.021,0.021,0.021,0.000,0.000
80,6,1.129,1.129,1.129,0.030,0.030,0.030,0.000,0.000
80,6,1.105,1.105,1.105,0.025,0.025,0.025,0.000,0.000
80,6,1.051,1.051,1.051,0.022,0.022,0.022,0.000,0.000
80,6,1.093,1.093,1.093,0.019,0.019,0.019,0.000,0.000
80,6,1.170,1.170,1.170,0.021,0.021,0.021,0.000,0.000
80,6,1.034,1.034,1.034,0.020,0.020,0.020,0.000,0.000
80,6,1.091,1.091,1.091,0.025,0.025,0.025,0.000,0.000
80,6,1.207,1.207,1.207,0.022,0.022,0.022,0.000,0.000
80,6,1.186,1.186,1.186,0.022,0.022,0.022,0.000,0.000
80,6,1.147,1.147,1.147,0.021,0.021,0.021,0.000,0.000
80,6,1.212,1.212,1.212,0.021,0.021,0.021,0.000,0.000
80,6,1.097,1.097,1.097,0.020,0.020,0.020,0.000,0.000
80,6,1.106,1.106,1.106,0.021,0.021,0.021,0.000,0.000
80,6,1.064,1.064,1.064,0.021,0.021,0.021,0.000,0.000
80,6,1.131,1.131,1.131,0.020,0.020,0.020,0.000,0.000
80,6,1.098,1.098,1.098,0.029,0.029,0.029,0.000,0.000
80,6,1.059,1.059,1.059,0.019,0.019,0.019,0.000,0.000
80,6,1.180,1.180,1.180,0.020,0.020,0.020,0.000,0.000
80,6,1.092,1.092,1.092,0.022,0.022,0.022,0.000,0.000
80,6,1.092,1.092,1.092,0.027,0.027,0.027,0.000,0.000
80,6,1.056,1.056,1.056,0.024,0.024,0.024,0.000,0.000
80,6,1.067,1.067,1.067,0.026,0.026,0.026,0.000,0.000
80,6,1.145,1.145,1.145,0.019,0.019,0.019,0.000,0.000
80,6,1.034,1.034,1.034,0.030,0.030,0.030,0.000,0.000
80,6,1.044,1.044,1.044,0.021,0.021,0.021,0.000,0.000
80,6,1.086,1.086,1.086,0.025,0.025,0.025,0.000,0.000
80,6,1.093,1.093,1.093,0.022,0.022,0.022,0.000,0.000
80,6,1.091,1.091,1.091,0.031,0.031,0.031,0.000,0.000
80,6,1.148,1.148,1.148,0.022,0.022,0.022,0.000,0.000
80,6,1.054,1.054,1.054,0.026,0.026,0.026,0.000,0.000
80,6,1.146,1.146,1.146,0.022,0.022,0.022,0.000,0.000
80,6,1.185,1.185,1.185,0.028,0.028,0.028,0.000,0.000
80,6,1.202,1.202,1.202,0.022,0.022,0.022,0.000,0.000
80,6,1.078,1.078,1.078,0.020,0.020,0.020,0.000,0.000
80,6,1.106,1.106,1.106,0.021,0.021,0.021,0.000,0.000
80,6,1.046,1.046,1.046,0.024,0.024,0.024,0.000,0.000
80,6,1.120,1.120,1.120,0.030,0.030,0.030,0.000,0.000
80,6,1.083,1.083,1.083,0.021,0.021,0.021,0.000,0.000
80,6,1.022,1.022,1.022,0.020,0.020,0.020,0.000,0.000
80,6,1.168,1.168,1.168,0.020,0.020,0.020,0.000,0.000
80,6,1.214,1.214,1.214,0.028,0.028,0.028,0.000,0.000
80,6,1.040,1.040,1.040,0.021,0.021,0.021,0.000,0.000
80,6,1.120,1.120,1.120,0.021,0.021,0.021,0.000,0.000
80,6,1.134,1.134,1.134,0.024,0.024,0.024,0.000,0.000
80,6,1.147,1.147,1.147,0.019,0.019,0.019,0.000,0.000
80,6,1.083,1.083,1.083,0.020,0.020,0.020,0.000,0.000
80,6,1.170,1.170,1.170,0.020,0.020,0.020,0.000,0.000
80,6,1.037,1.037,1.037,0.022,0.022,0.022,0.000,0.000
80,6,1.093,1.093,1.093,0.020,0.020,0.020,0.000,0.000
80,6,1.087,1.087,1.087,0.027,0.027,0.027,0.000,0.000
80,6,1.108,1.108,1.108,0.021,0.021,0.021,0.000,0.000
80,6,1.089,1.089,1.089,0.021,0.021,0.021,0.000,0.000
80,6,1.087,1.087,1.087,0.022,0.022,0.022,0.000,0.000
80,6,1.117,1.117,1.117,0.026,0.026,0.026,0.000,0.000
80,6,1.090,1.090,1.090,0.026,0.026,0.026,0.000,0.000
80,6,1.201,1.201,1.201,0.020,0.020,0.020,0.000,0.000
80,6,1.120,1.120,1.120,0.026,0.026,0.026,0.000,0.000
80,6,1.080,1.080,1.080,0.027,0.027,0.027,0.000,0.000
80,6,1.080,1.080,1.080,0.023,0.023,0.023,0.000,0.000
80,6,1.130,1.130,1.130,0.020,0.020,0.020,0.000,0.000
80,6,1.112,1.112,1.112,0.020,0.020,0.020,0.000,0.000
80,6,1.056,1.056,1.056,0.024,0.024,0.024,0.000,0.000
80,6,1.019,1.019,1.019,0.027,0.027,0.027,0.000,0.000
80,6,1.135,1.135,1.135,0.030,0.030,0.030,0.000,0.000
80,6,1.137,1.137,1.137,0.023,0.023,0.023,0.000,0.000
80,6,1.038,1.038,1.038,0.022,0.022,0.022,0.000,0.000
80,6,1.114,1.114,1.114,0.025,0.025,0.025,0.000,0.000
80,6,1.109,1.109,1.109,0.026,0.026,0.026,0.000,0.000
80,7,1.099,1.099,1.099,0.021,0.021,0.021,0.000,0.000
80,7,1.117,1.117,1.117,0.025,0.025,0.025,0.000,0.000
80,7,1.062,1.062,1.062,0.024,0.024,0.024,0.000,0.000
80,7,1.206,1.206,1.206,0.026,0.026,0.026,0.000,0.000
80,7,1.137,1.137,1.137,0.020,0.020,0.020,0.000,0.000
80,7,1.085,1.085,1.085,0.028,0.028,0.028,0.000,0.000
80,7,1.076,1.076,1.076,0.022,0.022,0.022,0.000,0.000
80,7,1.085,1.085,1.085,0.022,0.022,0.022,0.000,0.000
80,7,1.075,1.075,1.075,0.019,0.019,0.019,0.000,0.000
80,7,1.084,1.084,1.084,0.023,0.023,0.023,0.000,0.000
80,7,1.140,1.140,1.140,0.029,0.029,0.029,0.000,0.000
80,7,1.257,1.257,1.257,0.026,0.026,0.026,0.000,0.000
80,7,1.156,1.156,1.156,0.021,0.021,0.021,0.000,0.000
80,7,1.103,1.103,1.103,0.020,0.020,0.020,0.000,0.000
80,7,1.124,1.124,1.124,0.020,0.020,0.020,0.000,0.000
80,7,1.105,1.105,1.105,0.021,0.021,0.021,0.000,0.000
80,7,1.114,1.114,1.114,0.021,0.021,0.021,0.000,0.000
80,7,1.062,1.062,1.062,0.022,0.022,0.022,0.000,0.000
80,7,1.139,1.139,1.139,0.026,0.026,0.026,0.000,0.000
80,7,1.093,1.093,1.093,0.020,0.020,0.020,0.000,0.000
80,7,1.119,1.119,1.119,0.025,0.025,0.025,0.000,0.000
80,7,1.056,1.056,1.056,0.021,0.021,0.021,0.000,0.000
80,7,1.101,1.101,1.101,0.027,0.027,0.027,0.000,0.000
80,7,1.064,1.064,1.064,0.020,0.020,0.020,0.000,0.000
80,7,1.105,1.105,1.105,0.023,0.023,0.023,0.000,0.000
80,7,1.194,1.194,1.194,0.021,0.021,0.021,0.000,0.000
80,7,1.034,1.034,1.034,0.020,0.020,0.020,0.000,0.000
80,7,1.074,1.074,1.074,0.026,0.026,0.026,0.000,0.000
80,7,1.078,1.078,1.078,0.020,0.020,0.020,0.000,0.000
80,7,1.196,1.196,1.196,0.026,0.026,0.026,0.000,0.000
80,7,1.132,1.132,1.132,0.021,0.021,0.021,0.000,0.000
80,7,1.122,1.122,1.122,0.021,0.021,0.021,0.000,0.000
80,7,1.103,1.103,1.103,0.024,0.024,0.024,0.000,0.000
80,7,1.075,1.075,1.075,0.022,0.022,0.022,0.000,0.000
80,7,1.061,1.061,1.061,0.019,0.019,0.019,0.000,0.000
80,7,1.058,1.058,1.058,0.020,0.020,0.020,0.000,0.000
80,7,1.171,1.171,1.171,0.025,0.025,0.025,0.000,0.000
80,7,1.058,1.058,1.058,0.020,0.020,0.020,0.000,0.000
80,7,1.163,1.163,1.163,0.025,0.025,0.025,0.000,0.000
80,7,1.085,1.085,1.085,0.023,0.023,0.023,0.000,0.000
80,7,1.044,1.044,1.044,0.034,0.034,0.034,0.000,0.000
80,7,1.091,1.091,1.091,0.020,0.020,0.020,0.000,0.000
80,7,1.114,1.114,1.114,0.022,0.022,0.022,0.000,0.000
80,7,1.118,1.118,1.118,0.021,0.021,0.021,0.000,0.000
80,7,1.175,1.175,1.175,0.023,0.023,0.023,0.000,0.000
80,7,1.080,1.080,1.080,0.020,0.020,0.020,0.000,0.000
80,7,1.153,1.153,1.153,0.022,0.022,0.022,0.000,0.000
80,7,1.071,1.071,1.071,0.024,0.024,0.024,0.000,0.000
80,7,1.088,1.088,1.088,0.022,0.022,0.022,0.000,0.000
80,7,1.050,1.050,1.050,0.025,0.025,0.025,0.000,0.000
80,7,1.149,1.149,1.149,0.021,0.021,0.021,0.000,0.000
80,7,1.205,1.205,1.205,0.020,0.020,0.020,0.000,0.000
80,7,1.045,1.045,1.045,0.020,0.020,0.020,0.000,0.000
80,7,1.073,1.073,1.073,0.019,0.019,0.019,0.000,0.000
80,7,1.143,1.143,1.143,0.022,0.022,0.022,0.000,0.000
80,7,1.134,1.134,1.134,0.027,0.027,0.027,0.000,0.000
80,7,1.159,1.159,1.159,0.020,0.020,0.020,0.000,0.000
80,7,1.092,1.092,1.092,0.020,0.020,0.020,0.000,0.000
80,7,1.148,1.148,1.148,0.021,0.021,0.021,0.000,0.000
80,7,1.099,1.099,1.099,0.025,0.025,0.025,0.000,0.000
80,7,1.085,1.085,1.085,0.023,0.023,0.023,0.000,0.000
80,7,1.123,1.123,1.123,0.021,0.021,0.021,0.000,0.000
80,7,1.047,1.047,1.047,0.021,0.021,0.021,0.000,0.000
80,7,1.057,1.057,1.057,0.022,0.022,0.022,0.000,0.000
80,7,1.130,1.130,1.130,0.022,0.022,0.022,0.000,0.000
80,7,1.106,1.106,1.106,0.028,0.028,0.028,0.000,0.000
80,7,1.053,1.053,1.053,0.025,0.025,0.025,0.000,0.000
80,7,1.140,1.140,1.140,0.021,0.021,0.021,0.000,0.000
80,7,1.223,1.223,1.223,0.022,0.022,0.022,0.000,0.000
80,7,1.071,1.071,1.071,0.021,0.021,0.021,0.000,0.000
80,7,1.091,1.091,1.091,0.021,0.021,0.021,0.000,0.000
80,7,1.159,1.159,1.159,0.024,0.024,0.024,0.000,0.000
80,7,1.078,1.078,1.078,0.024,0.024,0.024,0.000,0.000
80,7,1.045,1.045,1.045,0.020,0.020,0.020,0.000,0.000
80,7,1.193,1.193,1.193,0.025,0.025,0.025,0.000,0.000
80,7,1.033,1.033,1.033,0.021,0.021,0.021,0.000,0.000
80,7,1.088,1.088,1.088,0.021,0.021,0.021,0.000,0.000
80,7,1.146,1.146,1.146,0.023,0.023,0.023,0.000,0.000
80,7,1.086,1.086,1.086,0.024,0.024,0.024,0.000,0.000
80,7,1.136,1.136,1.136,0.023,0.023,0.023,0.000,0.000
80,7,1.034,1.034,1.034,0.023,0.023,0.023,0.000,0.000
80,7,1.192,1.192,1.192,0.020,0.020,0.020,0.000,0.000
80,7,1.200,1.200,1.200,0.020,0.020,0.020,0.000,0.000
80,7,1.127,1.127,1.127,0.020,0.020,0.020,0.000,0.000
80,7,1.092,1.092,1.092,0.022,0.022,0.022,0.000,0.000
80,7,1.176,1.176,1.176,0.020,0.020,0.020,0.000,0.000
80,7,1.160,1.160,1.160,0.022,0.022,0.022,0.000,0.000
80,7,1.207,1.207,1.207,0.021,0.021,0.021,0.000,0.000
80,7,1.127,1.127,1.127,0.022,0.022,0.022,0.000,0.000
80,7,1.046,1.046,1.046,0.021,0.021,0.021,0.000,0.000
80,7,1.084,1.084,1.084,0.024,0.024,0.024,0.000,0.000
80,7,1.097,1.097,1.097,0.020,0.020,0.020,0.000,0.000
80,7,1.052,1.052,1.052,0.023,0.023,0.023,0.000,0.000
80,7,1.117,1.117,1.117,0.026,0.026,0.026,0.000,0.000
80,7,1.226,1.226,1.226,0.020,0.020,0.020,0.000,0.000
80,7,1.106,1.106,1.106,0.032,0.032,0.032,0.000,0.000
80,7,1.152,1.152,1.152,0.029,0.029,0.029,0.000,0.000
80,7,1.081,1.081,1.081,0.035,0.035,0.035,0.000,0.000
80,7,1.068,1.068,1.068,0.023,0.023,0.023,0.000,0.000
80,7,1.096,1.096,1.096,0.021,0.021,0.021,0.000,0.000
80,8,1.097,1.097,1.097,0.024,0.024,0.024,0.000,0.000
80,8,1.205,1.205,1.205,0.020,0.020,0.020,0.000,0.000
80,8,1.084,1.084,1.084,0.024,0.024,0.024,0.000,0.000
80,8,1.118,1.118,1.118,0.024,0.024,0.024,0.000,0.000
80,8,1.133,1.133,1.133,0.019,0.019,0.019,0.000,0.000
80,8,1.093,1.093,1.093,0.024,0.024,0.024,0.000,0.000
80,8,1.111,1.111,1.111,0.024,0.024,0.024,0.000,0.000
80,8,1.209,1.209,1.209,0.027,0.027,0.027,0.000,0.000
80,8,1.134,1.134,1.134,0.027,0.027,0.027,0.000,0.000
80,8,1.130,1.130,1.130,0.021,0.021,0.021,0.000,0.000
80,8,1.222,1.222,1.222,0.026,0.026,0.026,0.000,0.000
80,8,1.099,1.099,1.099,0.022,0.022,0.022,0.000,0.000
80,8,1.145,1.145,1.145,0.019,0.019,0.019,0.000,0.000
80,8,1.036,1.036,1.036,0.021,0.021,0.021,0.000,0.000
80,8,1.038,1.038,1.038,0.022,0.022,0.022,0.000,0.000
80,8,1.114,1.114,1.114,0.027,0.027,0.027,0.000,0.000
80,8,1.106,1.106,1.106,0.029,0.029,0.029,0.000,0.000
80,8,1.118,1.118,1.118,0.021,0.021,0.021,0.000,0.000
80,8,1.137,1.137,1.137,0.020,0.020,0.020,0.000,0.000
80,8,1.016,1.016,1.016,0.023,0.023,0.023,0.000,0.000
80,8,1.014,1.014,1.014,0.025,0.025,0.025,0.000,0.000
80,8,1.178,1.178,1.178,0.020,0.020,0.020,0.000,0.000
80,8,1.134,1.134,1.134,0.021,0.021,0.021,0.000,0.000
80,8,1.142,1.142,1.142,0.020,0.020,0.020,0.000,0.000
80,8,1.088,1.088,1.088,0.021,0.021,0.021,0.000,0.000
80,8,1.137,1.137,1.137,0.022,0.022,0.022,0.000,0.000
80,8,1.121,1.121,1.121,0.021,0.021,0.021,0.000,0.000
80,8,1.155,1.155,1.155,0.022,0.022,0.022,0.000,0.000
80,8,1.119,1.119,1.119,0.020,0.020,0.020,0.000,0.000
80,8,1.165,1.165,1.165,0.031,0.031,0.031,0.000,0.000
80,8,1.317,1.317,1.317,0.025,0.025,0.025,0.000,0.000
80,8,1.116,1.116,1.116,0.021,0.021,0.021,0.000,0.000
80,8,1.141,1.141,1.141,0.028,0.028,0.028,0.000,0.000
80,8,1.116,1.116,1.116,0.020,0.020,0.020,0.000,0.000
80,8,1.091,1.091,1.091,0.021,0.021,0.021,0.000,0.000
80,8,1.120,1.120,1.120,0.023,0.023,0.023,0.000,0.000
80,8,1.081,1.081,1.081,0.026,0.026,0.026,0.000,0.000
80,8,1.150,1.150,1.150,0.023,0.023,0.023,0.000,0.000
80,8,1.089,1.089,1.089,0.021,0.021,0.021,0.000,0.000
80,8,1.101,1.101,1.101,0.020,0.020,0.020,0.000,0.000
80,8,1.104,1.104,1.104,0.020,0.020,0.020,0.000,0.000
80,8,1.093,1.093,1.093,0.021,0.021,0.021,0.000,0.000
80,8,1.202,1.202,1.202,0.031,0.031,0.031,0.000,0.000
80,8,1.120,1.120,1.120,0.032,0.032,0.032,0.000,0.000
80,8,1.052,1.052,1.052,0.020,0.020,0.020,0.000,0.000
80,8,1.109,1.109,1.109,0.020,0.020,0.020,0.000,0.000
80,8,1.179,1.179,1.179,0.024,0.024,0.024,0.000,0.000
80,8,1.084,1.084,1.084,0.020,0.020,0.020,0.000,0.000
80,8,1.118,1.118,1.118,0.019,0.019,0.019,0.000,0.000
80,8,1.080,1.080,1.080,0.026,0.026,0.026,0.000,0.000
80,8,1.087,1.087,1.087,0.021,0.021,0.021,0.000,0.000
80,8,1.103,1.103,1.103,0.023,0.023,0.023,0.000,0.000
80,8,1.135,1.135,1.135,0.023,0.023,0.023,0.000,0.000
80,8,1.195,1.195,1.195,0.020,0.020,0.020,0.000,0.000
80,8,1.145,1.145,1.145,0.020,0.020,0.020,0.000,0.000
80,8,1.081,1.081,1.081,0.022,0.022,0.022,0.000,0.000
80,8,1.101,1.101,1.101,0.020,0.020,0.020,0.000,0.000
80,8,1.095,1.095,1.095,0.027,0.027,0.027,0.000,0.000
80,8,1.094,1.094,1.094,0.019,0.019,0.019,0.000,0.000
80,8,1.112,1.112,1.112,0.029,0.029,0.029,0.000,0.000
80,8,1.139,1.139,1.139,0.027,0.027,0.027,0.000,0.000
80,8,1.088,1.088,1.088,0.033,0.033,0.033,0.000,0.000
80,8,1.147,1.147,1.147,0.024,0.024,0.024,0.000,0.000
80,8,1.066,1.066,1.066,0.027,0.027,0.027,0.000,0.000
80,8,1.118,1.118,1.118,0.020,0.020,0.020,0.000,0.000
80,8,1.164,1.164,1.164,0.020,0.020,0.020,0.000,0.000
80,8,1.174,1.174,1.174,0.020,0.020,0.020,0.000,0.000
80,8,1.076,1.076,1.076,0.025,0.025,0.025,0.000,0.000
80,8,1.082,1.082,1.082,0.024,0.024,0.024,0.000,0.000
80,8,1.113,1.113,1.113,0.022,0.022,0.022,0.000,0.000
80,8,1.092,1.092,1.092,0.025,0.025,0.025,0.000,0.000
80,8,1.105,1.105,1.105,0.020,0.020,0.020,0.000,0.000
80,8,1.046,1.046,1.046,0.021,0.021,0.021,0.000,0.000
80,8,1.180,1.180,1.180,0.022,0.022,0.022,0.000,0.000
80,8,1.207,1.207,1.207,0.024,0.024,0.024,0.000,0.000
80,8,1.108,1.108,1.108,0.021,0.021,0.021,0.000,0.000
80,8,1.073,1.073,1.073,0.022,0.022,0.022,0.000,0.000
80,8,1.085,1.085,1.085,0.034,0.034,0.034,0.000,0.000
80,8,1.127,1.127,1.127,0.020,0.020,0.020,0.000,0.000
80,8,1.073,1.073,1.073,0.022,0.022,0.022,0.000,0.000
80,8,1.108,1.108,1.108,0.023,0.023,0.023,0.000,0.000
80,8,1.163,1.163,1.163,0.021,0.021,0.021,0.000,0.000
80,8,1.087,1.087,1.087,0.021,0.021,0.021,0.000,0.000
80,8,1.118,1.118,1.118,0.021,0.021,0.021,0.000,0.000
80,8,1.082,1.082,1.082,0.022,0.022,0.022,0.000,0.000
80,8,1.128,1.128,1.128,0.028,0.028,0.028,0.000,0.000
80,8,1.169,1.169,1.169,0.024,0.024,0.024,0.000,0.000
80,8,1.115,1.115,1.115,0.027,0.027,0.027,0.000,0.000
80,8,1.114,1.114,1.114,0.021,0.021,0.021,0.000,0.000
80,8,1.059,1.059,1.059,0.021,0.021,0.021,0.000,0.000
80,8,1.189,1.189,1.189,0.025,0.025,0.025,0.000,0.000
80,8,1.097,1.097,1.097,0.029,0.029,0.029,0.000,0.000
80,8,1.074,1.074,1.074,0.020,0.020,0.020,0.000,0.000
80,8,1.084,1.084,1.084,0.020,0.020,0.020,0.000,0.000
80,8,1.115,1.115,1.115,0.027,0.027,0.027,0.000,0.000
80,8,1.041,1.041,1.041,0.022,0.022,0.022,0.000,0.000
80,8,1.129,1.129,1.129,0.023,0.023,0.023,0.000,0.000
80,8,1.059,1.059,1.059,0.020,0.020,0.020,0.000,0.000
80,8,1.147,1.147,1.147,0.020,0.020,0.020,0.000,0.000
80,8,1.102,1.102,1.102,0.025,0.025,0.025,0.000,0.000
80,9,1.139,1.139,1.139,0.022,0.022,0.022,0.000,0.000
80,9,1.073,1.073,1.073,0.032,0.032,0.032,0.000,0.000
80,9,1.179,1.179,1.179,0.025,0.025,0.025,0.000,0.000
80,9,1.193,1.193,1.193,0.020,0.020,0.020,0.000,0.000
80,9,1.077,1.077,1.077,0.023,0.023,0.023,0.000,0.000
80,9,1.208,1.208,1.208,0.021,0.021,0.021,0.000,0.000
80,9,1.128,1.128,1.128,0.022,0.022,0.022,0.000,0.000
80,9,1.138,1.138,1.138,0.020,0.020,0.020,0.000,0.000
80,9,1.098,1.098,1.098,0.021,0.021,0.021,0.000,0.000
80,9,1.186,1.186,1.186,0.020,0.020,0.020,0.000,0.000
80,9,1.058,1.058,1.058,0.027,0.027,0.027,0.000,0.000
80,9,1.158,1.158,1.158,0.022,0.022,0.022,0.000,0.000
80,9,1.210,1.210,1.210,0.024,0.024,0.024,0.000,0.000
80,9,1.164,1.164,1.164,0.024,0.024,0.024,0.000,0.000
80,9,1.045,1.045,1.045,0.037,0.037,0.037,0.000,0.000
80,9,1.073,1.073,1.073,0.020,0.020,0.020,0.000,0.000
80,9,1.107,1.107,1.107,0.023,0.023,0.023,0.000,0.000
80,9,1.213,1.213,1.213,0.025,0.025,0.025,0.000,0.000
80,9,1.166,1.166,1.166,0.026,0.026,0.026,0.000,0.000
80,9,1.120,1.120,1.120,0.021,0.021,0.021,0.000,0.000
80,9,1.101,1.101,1.101,0.019,0.019,0.019,0.000,0.000
80,9,1.118,1.118,1.118,0.021,0.021,0.021,0.000,0.000
80,9,1.167,1.167,1.167,0.020,0.020,0.020,0.000,0.000
80,9,1.212,1.212,1.212,0.025,0.025,0.025,0.000,0.000
80,9,1.200,1.200,1.200,0.026,0.026,0.026,0.000,0.000
80,9,1.139,1.139,1.139,0.022,0.022,0.022,0.000,0.000
80,9,1.159,1.159,1.159,0.031,0.031,0.031,0.000,0.000
80,9,1.186,1.186,1.186,0.020,0.020,0.020,0.000,0.000
80,9,1.096,1.096,1.096,0.026,0.026,0.026,0.000,0.000
80,9,1.177,1.177,1.177,0.024,0.024,0.024,0.000,0.000
80,9,1.117,1.117,1.117,0.029,0.029,0.029,0.000,0.000
80,9,1.116,1.116,1.116,0.020,0.020,0.020,0.000,0.000
80,9,1.163,1.163,1.163,0.033,0.033,0.033,0.000,0.000
80,9,1.100,1.100,1.100,0.026,0.026,0.026,0.000,0.000
80,9,1.125,1.125,1.125,0.024,0.024,0.024,0.000,0.000
80,9,1.099,1.099,1.099,0.024,0.024,0.024,0.000,0.000
80,9,1.083,1.083,1.083,0.020,0.020,0.020,0.000,0.000
80,9,1.118,1.118,1.118,0.020,0.020,0.020,0.000,0.000
80,9,1.099,1.099,1.099,0.021,0.021,0.021,0.000,0.000
80,9,1.047,1.047,1.047,0.022,0.022,0.022,0.000,0.000
80,9,1.087,1.087,1.087,0.024,0.024,0.024,0.000,0.000
80,9,1.101,1.101,1.101,0.022,0.022,0.022,0.000,0.000
80,9,1.063,1.063,1.063,0.021,0.021,0.021,0.000,0.000
80,9,1.232,1.232,1.232,0.022,0.022,0.022,0.000,0.000
80,9,1.109,1.109,1.109,0.020,0.020,0.020,0.000,0.000
80,9,1.089,1.089,1.089,0.027,0.027,0.027,0.000,0.000
80,9,1.140,1.140,1.140,0.019,0.019,0.019,0.000,0.000
80,9,1.149,1.149,1.149,0.021,0.021,0.021,0.000,0.000
80,9,1.099,1.099,1.099,0.028,0.028,0.028,0.000,0.000
80,9,1.247,1.247,1.247,0.028,0.028,0.028,0.000,0.000
80,9,1.089,1.089,1.089,0.026,0.026,0.026,0.000,0.000
80,9,1.066,1.066,1.066,0.024,0.024,0.024,0.000,0.000
80,9,1.095,1.095,1.095,0.020,0.020,0.020,0.000,0.000
80,9,1.122,1.122,1.122,0.025,0.025,0.025,0.000,0.000
80,9,1.045,1.045,1.045,0.020,0.020,0.020,0.000,0.000
80,9,1.118,1.118,1.118,0.022,0.022,0.022,0.000,0.000
80,9,1.084,1.084,1.084,0.023,0.023,0.023,0.000,0.000
80,9,1.105,1.105,1.105,0.025,0.025,0.025,0.000,0.000
80,9,1.083,1.083,1.083,0.021,0.021,0.021,0.000,0.000
80,9,1.156,1.156,1.156,0.021,0.021,0.021,0.000,0.000
80,9,1.115,1.115,1.115,0.021,0.021,0.021,0.000,0.000
80,9,1.081,1.081,1.081,0.023,0.023,0.023,0.000,0.000
80,9,1.146,1.146,1.146,0.023,0.023,0.023,0.000,0.000
80,9,1.178,1.178,1.178,0.020,0.020,0.020,0.000,0.000
80,9,1.124,1.124,1.124,0.031,0.031,0.031,0.000,0.000
80,9,1.104,1.104,1.104,0.024,0.024,0.024,0.000,0.000
80,9,1.137,1.137,1.137,0.021,0.021,0.021,0.000,0.000
80,9,1.103,1.103,1.103,0.023,0.023,0.023,0.000,0.000
80,9,1.145,1.145,1.145,0.023,0.023,0.023,0.000,0.000
80,9,1.079,1.079,1.079,0.024,0.024,0.024,0.000,0.000
80,9,1.049,1.049,1.049,0.021,0.021,0.021,0.000,0.000
80,9,1.176,1.176,1.176,0.025,0.025,0.025,0.000,0.000
80,9,1.085,1.085,1.085,0.023,0.023,0.023,0.000,0.000
80,9,1.156,1.156,1.156,0.021,0.021,0.021,0.000,0.000
80,9,1.059,1.059,1.059,0.021,0.021,0.021,0.000,0.000
80,9,1.041,1.041,1.041,0.020,0.020,0.020,0.000,0.000
80,9,1.160,1.160,1.160,0.022,0.022,0.022,0.000,0.000
80,9,1.127,1.127,1.127,0.020,0.020,0.020,0.000,0.000
80,9,1.205,1.205,1.205,0.022,0.022,0.022,0.000,0.000
80,9,1.095,1.095,1.095,0.023,0.023,0.023,0.000,0.000
80,9,1.091,1.091,1.091,0.019,0.019,0.019,0.000,0.000
80,9,1.152,1.152,1.152,0.023,0.023,0.023,0.000,0.000
80,9,1.212,1.212,1.212,0.020,0.020,0.020,0.000,0.000
80,9,1.069,1.069,1.069,0.025,0.025,0.025,0.000,0.000
80,9,1.093,1.093,1.093,0.021,0.021,0.021,0.000,0.000
80,9,1.204,1.204,1.204,0.022,0.022,0.022,0.000,0.000
80,9,1.065,1.065,1.065,0.020,0.020,0.020,0.000,0.000
80,9,1.059,1.059,1.059,0.020,0.020,0.020,0.000,0.000
80,9,1.188,1.188,1.188,0.022,0.022,0.022,0.000,0.000
80,9,1.057,1.057,1.057,0.020,0.020,0.020,0.000,0.000
80,9,1.174,1.174,1.174,0.026,0.026,0.026,0.000,0.000
80,9,1.107,1.107,1.107,0.022,0.022,0.022,0.000,0.000
80,9,1.104,1.104,1.104,0.023,0.023,0.023,0.000,0.000
80,9,1.126,1.126,1.126,0.022,0.022,0.022,0.000,0.000
80,9,1.127,1.127,1.127,0.022,0.022,0.022,0.000,0.000
80,9,1.113,1.113,1.113,0.021,0.021,0.021,0.000,0.000
80,9,1.142,1.142,1.142,0.021,0.021,0.021,0.000,0.000
80,9,1.107,1.107,1.107,0.022,0.022,0.022,0.000,0.000
80,9,1.154,1.154,1.154,0.021,0.021,0.021,0.000,0.000
80,9,1.083,1.083,1.083,0.022,0.022,0.022,0.000,0.000
80,10,1.234,1.234,1.234,0.023,0.023,0.023,0.000,0.000
80,10,1.136,1.136,1.136,0.038,0.038,0.038,0.000,0.000
80,10,1.148,1.148,1.148,0.021,0.021,0.021,0.000,0.000
80,10,1.073,1.073,1.073,0.024,0.024,0.024,0.000,0.000
80,10,1.122,1.122,1.122,0.020,0.020,0.020,0.000,0.000
80,10,1.214,1.214,1.214,0.026,0.026,0.026,0.000,0.000
80,10,1.235,1.235,1.235,0.022,0.022,0.022,0.000,0.000
80,10,1.130,1.130,1.130,0.025,0.025,0.025,0.000,0.000
80,10,1.078,1.078,1.078,0.026,0.026,0.026,0.000,0.000
80,10,1.081,1.081,1.081,0.020,0.020,0.020,0.000,0.000
80,10,1.078,1.078,1.078,0.021,0.021,0.021,0.000,0.000
80,10,1.110,1.110,1.110,0.032,0.032,0.032,0.000,0.000
80,10,1.106,1.106,1.106,0.020,0.020,0.020,0.000,0.000
80,10,1.134,1.134,1.134,0.020,0.020,0.020,0.000,0.000
80,10,1.101,1.101,1.101,0.022,0.022,0.022,0.000,0.000
80,10,1.109,1.109,1.109,0.025,0.025,0.025,0.000,0.000
80,10,1.062,1.062,1.062,0.025,0.025,0.025,0.000,0.000
80,10,1.173,1.173,1.173,0.028,0.028,0.028,0.000,0.000
80,10,1.060,1.060,1.060,0.019,0.019,0.019,0.000,0.000
80,10,1.263,1.263,1.263,0.019,0.019,0.019,0.000,0.000
80,10,1.167,1.167,1.167,0.021,0.021,0.021,0.000,0.000
80,10,1.070,1.070,1.070,0.029,0.029,0.029,0.000,0.000
80,10,1.170,1.170,1.170,0.023,0.023,0.023,0.000,0.000
80,10,1.178,1.178,1.178,0.020,0.020,0.020,0.000,0.000
80,10,1.066,1.066,1.066,0.028,0.028,0.028,0.000,0.000
80,10,1.097,1.097,1.097,0.023,0.023,0.023,0.000,0.000
80,10,1.134,1.134,1.134,0.021,0.021,0.021,0.000,0.000
80,10,1.078,1.078,1.078,0.022,0.022,0.022,0.000,0.000
80,10,1.131,1.131,1.131,0.022,0.022,0.022,0.000,0.000
80,10,1.076,1.076,1.076,0.023,0.023,0.023,0.000,0.000
80,10,1.119,1.119,1.119,0.019,0.019,0.019,0.000,0.000
80,10,1.094,1.094,1.094,0.022,0.022,0.022,0.000,0.000
80,10,1.166,1.166,1.166,0.019,0.019,0.019,0.000,0.000
80,10,1.124,1.124,1.124,0.019,0.019,0.019,0.000,0.000
80,10,1.090,1.090,1.090,0.030,0.030,0.030,0.000,0.000
80,10,1.086,1.086,1.086,0.022,0.022,0.022,0.000,0.000
80,10,1.181,1.181,1.181,0.022,0.022,0.022,0.000,0.000
80,10,1.151,1.151,1.151,0.022,0.022,0.022,0.000,0.000
80,10,1.150,1.150,1.150,0.020,0.020,0.020,0.000,0.000
80,10,1.152,1.152,1.152,0.023,0.023,0.023,0.000,0.000
80,10,1.191,1.191,1.191,0.024,0.024,0.024,0.000,0.000
80,10,1.121,1.121,1.121,0.026,0.026,0.026,0.000,0.000
80,10,1.208,1.208,1.208,0.024,0.024,0.024,0.000,0.000
80,10,1.053,1.053,1.053,0.025,0.025,0.025,0.000,0.000
80,10,1.132,1.132,1.132,0.024,0.024,0.024,0.000,0.000
80,10,1.032,1.032,1.032,0.020,0.020,0.020,0.000,0.000
80,10,1.152,1.152,1.152,0.033,0.033,0.033,0.000,0.000
80,10,1.141,1.141,1.141,0.023,0.023,0.023,0.000,0.000
80,10,1.157,1.157,1.157,0.022,0.022,0.022,0.000,0.000
80,10,1.141,1.141,1.141,0.022,0.022,0.022,0.000,0.000
80,10,1.243,1.243,1.243,0.023,0.023,0.023,0.000,0.000
80,10,1.068,1.068,1.068,0.022,0.022,0.022,0.000,0.000
80,10,1.131,1.131,1.131,0.026,0.026,0.026,0.000,0.000
80,10,1.054,1.054,1.054,0.021,0.021,0.021,0.000,0.000
80,10,1.088,1.088,1.088,0.024,0.024,0.024,0.000,0.000
80,10,1.045,1.045,1.045,0.026,0.026,0.026,0.000,0.000
80,10,1.216,1.216,1.216,0.020,0.020,0.020,0.000,0.000
80,10,1.107,1.107,1.107,0.023,0.023,0.023,0.000,0.000
80,10,1.121,1.121,1.121,0.033,0.033,0.033,0.000,0.000
80,10,1.091,1.091,1.091,0.026,0.026,0.026,0.000,0.000
80,10,1.180,1.180,1.180,0.026,0.026,0.026,0.000,0.000
80,10,1.158,1.158,1.158,0.023,0.023,0.023,0.000,0.000
80,10,1.069,1.069,1.069,0.022,0.022,0.022,0.000,0.000
80,10,1.202,1.202,1.202,0.027,0.027,0.027,0.000,0.000
80,10,1.126,1.126,1.126,0.022,0.022,0.022,0.000,0.000
80,10,1.055,1.055,1.055,0.021,0.021,0.021,0.000,0.000
80,10,1.117,1.117,1.117,0.023,0.023,0.023,0.000,0.000
80,10,1.141,1.141,1.141,0.020,0.020,0.020,0.000,0.000
80,10,1.137,1.137,1.137,0.030,0.030,0.030,0.000,0.000
80,10,1.039,1.039,1.039,0.020,0.020,0.020,0.000,0.000
80,10,1.080,1.080,1.080,0.023,0.023,0.023,0.000,0.000
80,10,1.129,1.129,1.129,0.022,0.022,0.022,0.000,0.000
80,10,1.177,1.177,1.177,0.030,0.030,0.030,0.000,0.000
80,10,1.144,1.144,1.144,0.025,0.025,0.025,0.000,0.000
80,10,1.051,1.051,1.051,0.023,0.023,0.023,0.000,0.000
80,10,1.093,1.093,1.093,0.024,0.024,0.024,0.000,0.000
80,10,1.149,1.149,1.149,0.032,0.032,0.032,0.000,0.000
80,10,1.059,1.059,1.059,0.022,0.022,0.022,0.000,0.000
80,10,1.118,1.118,1.118,0.027,0.027,0.027,0.000,0.000
80,10,1.052,1.052,1.052,0.024,0.024,0.024,0.000,0.000
80,10,1.049,1.049,1.049,0.027,0.027,0.027,0.000,0.000
80,10,1.077,1.077,1.077,0.025,0.025,0.025,0.000,0.000
80,10,1.219,1.219,1.219,0.024,0.024,0.024,0.000,0.000
80,10,1.169,1.169,1.169,0.021,0.021,0.021,0.000,0.000
80,10,1.132,1.132,1.132,0.021,0.021,0.021,0.000,0.000
80,10,1.070,1.070,1.070,0.027,0.027,0.027,0.000,0.000
80,10,1.121,1.121,1.121,0.021,0.021,0.021,0.000,0.000
80,10,1.057,1.057,1.057,0.021,0.021,0.021,0.000,0.000
80,10,1.152,1.152,1.152,0.024,0.024,0.024,0.000,0.000
80,10,1.105,1.105,1.105,0.025,0.025,0.025,0.000,0.000
80,10,1.103,1.103,1.103,0.022,0.022,0.022,0.000,0.000
80,10,1.094,1.094,1.094,0.020,0.020,0.020,0.000,0.000
80,10,1.116,1.116,1.116,0.024,0.024,0.024,0.000,0.000
80,10,1.200,1.200,1.200,0.024,0.024,0.024,0.000,0.000
80,10,1.205,1.205,1.205,0.021,0.021,0.021,0.000,0.000
80,10,1.129,1.129,1.129,0.021,0.021,0.021,0.000,0.000
80,10,1.183,1.183,1.183,0.025,0.025,0.025,0.000,0.000
80,10,1.082,1.082,1.082,0.023,0.023,0.023,0.000,0.000
80,10,1.102,1.102,1.102,0.020,0.020,0.020,0.000,0.000
80,10,1.129,1.129,1.129,0.021,0.021,0.021,0.000,0.000
90,2,1.203,1.203,1.203,0.023,0.023,0.023,0.000,0.000
90,2,1.108,1.108,1.108,0.024,0.024,0.024,0.000,0.000
90,2,1.154,1.154,1.154,0.033,0.033,0.033,0.000,0.000
90,2,1.057,1.057,1.057,0.023,0.023,0.023,0.000,0.000
90,2,1.037,1.037,1.037,0.030,0.030,0.030,0.000,0.000
90,2,1.082,1.082,1.082,0.023,0.023,0.023,0.000,0.000
90,2,1.077,1.077,1.077,0.023,0.023,0.023,0.000,0.000
90,2,1.074,1.074,1.074,0.023,0.023,0.023,0.000,0.000
90,2,1.160,1.160,1.160,0.023,0.023,0.023,0.000,0.000
90,2,1.123,1.123,1.123,0.029,0.029,0.029,0.000,0.000
90,2,1.046,1.046,1.046,0.027,0.027,0.027,0.000,0.000
90,2,1.026,1.026,1.026,0.030,0.030,0.030,0.000,0.000
90,2,1.106,1.106,1.106,0.029,0.029,0.029,0.000,0.000
90,2,1.053,1.053,1.053,0.023,0.023,0.023,0.000,0.000
90,2,1.031,1.031,1.031,0.032,0.032,0.032,0.000,0.000
90,2,1.101,1.101,1.101,0.023,0.023,0.023,0.000,0.000
90,2,1.025,1.025,1.025,0.024,0.024,0.024,0.000,0.000
90,2,1.091,1.091,1.091,0.026,0.026,0.026,0.000,0.000
90,2,1.117,1.117,1.117,0.029,0.029,0.029,0.000,0.000
90,2,1.217,1.217,1.217,0.023,0.023,0.023,0.000,0.000
90,2,1.092,1.092,1.092,0.023,0.023,0.023,0.000,0.000
90,2,1.096,1.096,1.096,0.027,0.027,0.027,0.000,0.000
90,2,1.080,1.080,1.080,0.032,0.032,0.032,0.000,0.000
90,2,1.114,1.114,1.114,0.024,0.024,0.024,0.000,0.000
90,2,1.121,1.121,1.121,0.023,0.023,0.023,0.000,0.000
90,2,1.169,1.169,1.169,0.026,0.026,0.026,0.000,0.000
90,2,1.066,1.066,1.066,0.023,0.023,0.023,0.000,0.000
90,2,1.134,1.134,1.134,0.023,0.023,0.023,0.000,0.000
90,2,1.066,1.066,1.066,0.024,0.024,0.024,0.000,0.000
90,2,1.015,1.015,1.015,0.031,0.031,0.031,0.000,0.000
90,2,1.047,1.047,1.047,0.025,0.025,0.025,0.000,0.000
90,2,1.058,1.058,1.058,0.036,0.036,0.036,0.000,0.000
90,2,1.191,1.191,1.191,0.026,0.026,0.026,0.000,0.000
90,2,1.023,1.023,1.023,0.027,0.027,0.027,0.000,0.000
90,2,1.184,1.184,1.184,0.023,0.023,0.023,0.000,0.000
90,2,1.118,1.118,1.118,0.023,0.023,0.023,0.000,0.000
90,2,1.169,1.169,1.169,0.028,0.028,0.028,0.000,0.000
90,2,1.153,1.153,1.153,0.023,0.023,0.023,0.000,0.000
90,2,1.042,1.042,1.042,0.023,0.023,0.023,0.000,0.000
90,2,1.210,1.210,1.210,0.024,0.024,0.024,0.000,0.000
90,2,1.071,1.071,1.071,0.023,0.023,0.023,0.000,0.000
90,2,1.179,1.179,1.179,0.026,0.026,0.026,0.000,0.000
90,2,1.066,1.066,1.066,0.024,0.024,0.024,0.000,0.000
90,2,1.106,1.106,1.106,0.023,0.023,0.023,0.000,0.000
90,2,1.037,1.037,1.037,0.026,0.026,0.026,0.000,0.000
90,2,1.061,1.061,1.061,0.027,0.027,0.027,0.000,0.000
90,2,1.056,1.056,1.056,0.023,0.023,0.023,0.000,0.000
90,2,1.034,1.034,1.034,0.023,0.023,0.023,0.000,0.000
90,2,1.181,1.181,1.181,0.033,0.033,0.033,0.000,0.000
90,2,1.064,1.064,1.064,0.023,0.023,0.023,0.000,0.000
90,2,1.135,1.135,1.135,0.031,0.031,0.031,0.000,0.000
90,2,1.082,1.082,1.082,0.026,0.026,0.026,0.000,0.000
90,2,1.059,1.059,1.059,0.026,0.026,0.026,0.000,0.000
90,2,1.136,1.136,1.136,0.025,0.025,0.025,0.000,0.000
90,2,1.049,1.049,1.049,0.029,0.029,0.029,0.000,0.000
90,2,1.020,1.020,1.020,0.023,0.023,0.023,0.000,0.000
90,2,1.017,1.017,1.017,0.024,0.024,0.024,0.000,0.000
90,2,1.101,1.101,1.101,0.027,0.027,0.027,0.000,0.000
90,2,1.150,1.150,1.150,0.028,0.028,0.028,0.000,0.000
90,2,1.015,1.015,1.015,0.025,0.025,0.025,0.000,0.000
90,2,1.008,1.008,1.008,0.023,0.023,0.023,0.000,0.000
90,2,1.170,1.170,1.170,0.024,0.024,0.024,0.000,0.000
90,2,1.197,1.197,1.197,0.039,0.039,0.039,0.000,0.000
90,2,1.005,1.005,1.005,0.037,0.037,0.037,0.000,0.000
90,2,1.051,1.051,1.051,0.023,0.023,0.023,0.000,0.000
90,2,1.225,1.225,1.225,0.023,0.023,0.023,0.000,0.000
90,2,1.046,1.046,1.046,0.027,0.027,0.027,0.000,0.000
90,2,1.214,1.214,1.214,0.025,0.025,0.025,0.000,0.000
90,2,1.037,1.037,1.037,0.023,0.023,0.023,0.000,0.000
90,2,1.186,1.186,1.186,0.025,0.025,0.025,0.000,0.000
90,2,1.086,1.086,1.086,0.024,0.024,0.024,0.000,0.000
90,2,1.002,1.002,1.002,0.024,0.024,0.024,0.000,0.000
90,2,1.056,1.056,1.056,0.024,0.024,0.024,0.000,0.000
90,2,1.097,1.097,1.097,0.023,0.023,0.023,0.000,0.000
90,2,1.116,1.116,1.116,0.027,0.027,0.027,0.000,0.000
90,2,1.209,1.209,1.209,0.026,0.026,0.026,0.000,0.000
90,2,1.116,1.116,1.116,0.023,0.023,0.023,0.000,0.000
90,2,1.041,1.041,1.041,0.023,0.023,0.023,0.000,0.000
90,2,1.108,1.108,1.108,0.023,0.023,0.023,0.000,0.000
90,2,1.117,1.117,1.117,0.023,0.023,0.023,0.000,0.000
90,2,1.097,1.097,1.097,0.023,0.023,0.023,0.000,0.000
90,2,1.280,1.280,1.280,0.023,0.023,0.023,0.000,0.000
90,2,1.071,1.071,1.071,0.025,0.025,0.025,0.000,0.000
90,2,1.014,1.014,1.014,0.024,0.024,0.024,0.000,0.000
90,2,1.024,1.024,1.024,0.023,0.023,0.023,0.000,0.000
90,2,1.094,1.094,1.094,0.028,0.028,0.028,0.000,0.000
90,2,1.124,1.124,1.124,0.026,0.026,0.026,0.000,0.000
90,2,1.267,1.267,1.267,0.027,0.027,0.027,0.000,0.000
90,2,1.045,1.045,1.045,0.023,0.023,0.023,0.000,0.000
90,2,1.102,1.102,1.102,0.025,0.025,0.025,0.000,0.000
90,2,1.014,1.014,1.014,0.028,0.028,0.028,0.000,0.000
90,2,1.089,1.089,1.089,0.022,0.022,0.022,0.000,0.000
90,2,1.071,1.071,1.071,0.032,0.032,0.032,0.000,0.000
90,2,1.223,1.223,1.223,0.026,0.026,0.026,0.000,0.000
90,2,1.012,1.012,1.012,0.026,0.026,0.026,0.000,0.000
90,2,1.101,1.101,1.101,0.024,0.024,0.024,0.000,0.000
90,2,1.054,1.054,1.054,0.026,0.026,0.026,0.000,0.000
90,2,1.051,1.051,1.051,0.028,0.028,0.028,0.000,0.000
90,2,1.133,1.133,1.133,0.023,0.023,0.023,0.000,0.000
90,2,1.040,1.040,1.040,0.022,0.022,0.022,0.000,0.000
90,3,1.103,1.103,1.103,0.027,0.027,0.027,0.000,0.000
90,3,1.040,1.040,1.040,0.024,0.024,0.024,0.000,0.000
90,3,1.094,1.094,1.094,0.033,0.033,0.033,0.000,0.000
90,3,1.035,1.035,1.035,0.026,0.026,0.026,0.000,0.000
90,3,1.203,1.203,1.203,0.029,0.029,0.029,0.000,0.000
90,3,1.207,1.207,1.207,0.028,0.028,0.028,0.000,0.000
90,3,1.033,1.033,1.033,0.024,0.024,0.024,0.000,0.000
90,3,1.104,1.104,1.104,0.025,0.025,0.025,0.000,0.000
90,3,1.068,1.068,1.068,0.026,0.026,0.026,0.000,0.000
90,3,1.096,1.096,1.096,0.023,0.023,0.023,0.000,0.000
90,3,1.069,1.069,1.069,0.028,0.028,0.028,0.000,0.000
90,3,1.063,1.063,1.063,0.026,0.026,0.026,0.000,0.000
90,3,1.122,1.122,1.122,0.024,0.024,0.024,0.000,0.000
90,3,1.097,1.097,1.097,0.025,0.025,0.025,0.000,0.000
90,3,1.151,1.151,1.151,0.023,0.023,0.023,0.000,0.000
90,3,1.129,1.129,1.129,0.023,0.023,0.023,0.000,0.000
90,3,1.074,1.074,1.074,0.030,0.030,0.030,0.000,0.000
90,3,1.182,1.182,1.182,0.023,0.023,0.023,0.000,0.000
90,3,1.079,1.079,1.079,0.029,0.029,0.029,0.000,0.000
90,3,1.231,1.231,1.231,0.030,0.030,0.030,0.000,0.000
90,3,1.063,1.063,1.063,0.024,0.024,0.024,0.000,0.000
90,3,1.033,1.033,1.033,0.025,0.025,0.025,0.000,0.000
90,3,1.152,1.152,1.152,0.024,0.024,0.024,0.000,0.000
90,3,1.123,1.123,1.123,0.024,0.024,0.024,0.000,0.000
90,3,1.118,1.118,1.118,0.026,0.026,0.026,0.000,0.000
90,3,1.080,1.080,1.080,0.026,0.026,0.026,0.000,0.000
90,3,1.149,1.149,1.149,0.024,0.024,0.024,0.000,0.000
90,3,1.111,1.111,1.111,0.023,0.023,0.023,0.000,0.000
90,3,1.038,1.038,1.038,0.028,0.028,0.028,0.000,0.000
90,3,1.098,1.098,1.098,0.024,0.024,0.024,0.000,0.000
90,3,1.043,1.043,1.043,0.023,0.023,0.023,0.000,0.000
90,3,1.234,1.234,1.234,0.030,0.030,0.030,0.000,0.000
90,3,1.103,1.103,1.103,0.025,0.025,0.025,0.000,0.000
90,3,1.147,1.147,1.147,0.023,0.023,0.023,0.000,0.000
90,3,1.050,1.050,1.050,0.034,0.034,0.034,0.000,0.000
90,3,1.197,1.197,1.197,0.027,0.027,0.027,0.000,0.000
90,3,1.098,1.098,1.098,0.028,0.028,0.028,0.000,0.000
90,3,1.115,1.115,1.115,0.029,0.029,0.029,0.000,0.000
90,3,1.173,1.173,1.173,0.032,0.032,0.032,0.000,0.000
90,3,1.131,1.131,1.131,0.028,0.028,0.028,0.000,0.000
90,3,1.041,1.041,1.041,0.026,0.026,0.026,0.000,0.000
90,3,1.017,1.017,1.017,0.027,0.027,0.027,0.000,0.000
90,3,1.160,1.160,1.160,0.026,0.026,0.026,0.000,0.000
90,3,1.051,1.051,1.051,0.023,0.023,0.023,0.000,0.000
90,3,1.210,1.210,1.210,0.023,0.023,0.023,0.000,0.000
90,3,1.101,1.101,1.101,0.035,0.035,0.035,0.000,0.000
90,3,1.120,1.120,1.120,0.027,0.027,0.027,0.000,0.000
90,3,1.116,1.116,1.116,0.030,0.030,0.030,0.000,0.000
90,3,1.085,1.085,1.085,0.023,0.023,0.023,0.000,0.000
90,3,1.083,1.083,1.083,0.023,0.023,0.023,0.000,0.000
90,3,1.055,1.055,1.055,0.029,0.029,0.029,0.000,0.000
90,3,1.096,1.096,1.096,0.027,0.027,0.027,0.000,0.000
90,3,1.155,1.155,1.155,0.024,0.024,0.024,0.000,0.000
90,3,1.178,1.178,1.178,0.024,0.024,0.024,0.000,0.000
90,3,1.229,1.229,1.229,0.024,0.024,0.024,0.000,0.000
90,3,1.104,1.104,1.104,0.028,0.028,0.028,0.000,0.000
90,3,1.147,1.147,1.147,0.026,0.026,0.026,0.000,0.000
90,3,1.186,1.186,1.186,0.024,0.024,0.024,0.000,0.000
90,3,1.150,1.150,1.150,0.025,0.025,0.025,0.000,0.000
90,3,1.129,1.129,1.129,0.031,0.031,0.031,0.000,0.000
90,3,1.070,1.070,1.070,0.024,0.024,0.024,0.000,0.000
90,3,1.110,1.110,1.110,0.034,0.034,0.034,0.000,0.000
90,3,1.092,1.092,1.092,0.027,0.027,0.027,0.000,0.000
90,3,1.122,1.122,1.122,0.023,0.023,0.023,0.000,0.000
90,3,1.065,1.065,1.065,0.033,0.033,0.033,0.000,0.000
90,3,1.110,1.110,1.110,0.037,0.037,0.037,0.000,0.000
90,3,1.117,1.117,1.117,0.026,0.026,0.026,0.000,0.000
90,3,1.123,1.123,1.123,0.023,0.023,0.023,0.000,0.000
90,3,1.194,1.194,1.194,0.040,0.040,0.040,0.000,0.000
90,3,1.160,1.160,1.160,0.023,0.023,0.023,0.000,0.000
90,3,1.073,1.073,1.073,0.026,0.026,0.026,0.000,0.000
90,3,1.116,1.116,1.116,0.024,0.024,0.024,0.000,0.000
90,3,1.047,1.047,1.047,0.023,0.023,0.023,0.000,0.000
90,3,1.095,1.095,1.095,0.023,0.023,0.023,0.000,0.000
90,3,1.152,1.152,1.152,0.028,0.028,0.028,0.000,0.000
90,3,1.097,1.097,1.097,0.026,0.026,0.026,0.000,0.000
90,3,1.167,1.167,1.167,0.023,0.023,0.023,0.000,0.000
90,3,1.040,1.040,1.040,0.033,0.033,0.033,0.000,0.000
90,3,1.080,1.080,1.080,0.023,0.023,0.023,0.000,0.000
90,3,1.268,1.268,1.268,0.025,0.025,0.025,0.000,0.000
90,3,1.063,1.063,1.063,0.027,0.027,0.027,0.000,0.000
90,3,1.104,1.104,1.104,0.023,0.023,0.023,0.000,0.000
90,3,1.225,1.225,1.225,0.023,0.023,0.023,0.000,0.000
90,3,1.104,1.104,1.104,0.023,0.023,0.023,0.000,0.000
90,3,1.038,1.038,1.038,0.024,0.024,0.024,0.000,0.000
90,3,1.054,1.054,1.054,0.023,0.023,0.023,0.000,0.000
90,3,1.009,1.009,1.009,0.023,0.023,0.023,0.000,0.000
90,3,1.090,1.090,1.090,0.023,0.023,0.023,0.000,0.000
90,3,1.148,1.148,1.148,0.026,0.026,0.026,0.000,0.000
90,3,1.120,1.120,1.120,0.025,0.025,0.025,0.000,0.000
90,3,1.146,1.146,1.146,0.029,0.029,0.029,0.000,0.000
90,3,1.217,1.217,1.217,0.025,0.025,0.025,0.000,0.000
90,3,1.202,1.202,1.202,0.031,0.031,0.031,0.000,0.000
90,3,1.155,1.155,1.155,0.036,0.036,0.036,0.000,0.000
90,3,1.130,1.130,1.130,0.024,0.024,0.024,0.000,0.000
90,3,1.264,1.264,1.264,0.028,0.028,0.028,0.000,0.000
90,3,1.028,1.028,1.028,0.023,0.023,0.023,0.000,0.000
90,3,1.090,1.090,1.090,0.025,0.025,0.025,0.000,0.000
90,3,1.062,1.062,1.062,0.025,0.025,0.025,0.000,0.000
90,3,1.083,1.083,1.083,0.026,0.026,0.026,0.000,0.000
90,4,1.117,1.117,1.117,0.024,0.024,0.024,0.000,0.000
90,4,1.137,1.137,1.137,0.037,0.037,0.037,0.000,0.000
90,4,1.141,1.141,1.141,0.027,0.027,0.027,0.000,0.000
90,4,1.060,1.060,1.060,0.023,0.023,0.023,0.000,0.000
90,4,1.123,1.123,1.123,0.026,0.026,0.026,0.000,0.000
90,4,1.077,1.077,1.077,0.025,0.025,0.025,0.000,0.000
90,4,1.059,1.059,1.059,0.029,0.029,0.029,0.000,0.000
90,4,1.109,1.109,1.109,0.026,0.026,0.026,0.000,0.000
90,4,1.220,1.220,1.220,0.030,0.030,0.030,0.000,0.000
90,4,1.109,1.109,1.109,0.031,0.031,0.031,0.000,0.000
90,4,1.120,1.120,1.120,0.027,0.027,0.027,0.000,0.000
90,4,1.077,1.077,1.077,0.030,0.030,0.030,0.000,0.000
90,4,1.066,1.066,1.066,0.030,0.030,0.030,0.000,0.000
90,4,1.025,1.025,1.025,0.033,0.033,0.033,0.000,0.000
90,4,1.233,1.233,1.233,0.023,0.023,0.023,0.000,0.000
90,4,1.146,1.146,1.146,0.028,0.028,0.028,0.000,0.000
90,4,1.216,1.216,1.216,0.024,0.024,0.024,0.000,0.000
90,4,1.124,1.124,1.124,0.032,0.032,0.032,0.000,0.000
90,4,1.086,1.086,1.086,0.029,0.029,0.029,0.000,0.000
90,4,1.174,1.174,1.174,0.028,0.028,0.028,0.000,0.000
90,4,1.024,1.024,1.024,0.023,0.023,0.023,0.000,0.000
90,4,1.104,1.104,1.104,0.025,0.025,0.025,0.000,0.000
90,4,1.053,1.053,1.053,0.028,0.028,0.028,0.000,0.000
90,4,1.263,1.263,1.263,0.024,0.024,0.024,0.000,0.000
90,4,1.157,1.157,1.157,0.024,0.024,0.024,0.000,0.000
90,4,1.075,1.075,1.075,0.035,0.035,0.035,0.000,0.000
90,4,1.077,1.077,1.077,0.024,0.024,0.024,0.000,0.000
90,4,1.071,1.071,1.071,0.027,0.027,0.027,0.000,0.000
90,4,1.047,1.047,1.047,0.025,0.025,0.025,0.000,0.000
90,4,1.172,1.172,1.172,0.032,0.032,0.032,0.000,0.000
90,4,1.100,1.100,1.100,0.032,0.032,0.032,0.000,0.000
90,4,1.090,1.090,1.090,0.024,0.024,0.024,0.000,0.000
90,4,1.145,1.145,1.145,0.029,0.029,0.029,0.000,0.000
90,4,1.174,1.174,1.174,0.023,0.023,0.023,0.000,0.000
90,4,1.093,1.093,1.093,0.029,0.029,0.029,0.000,0.000
90,4,1.083,1.083,1.083,0.028,0.028,0.028,0.000,0.000
90,4,1.047,1.047,1.047,0.027,0.027,0.027,0.000,0.000
90,4,1.059,1.059,1.059,0.029,0.029,0.029,0.000,0.000
90,4,1.165,1.165,1.165,0.033,0.033,0.033,0.000,0.000
90,4,1.081,1.081,1.081,0.024,0.024,0.024,0.000,0.000
90,4,1.156,1.156,1.156,0.024,0.024,0.024,0.000,0.000
90,4,1.063,1.063,1.063,0.025,0.025,0.025,0.000,0.000
90,4,1.087,1.087,1.087,0.023,0.023,0.023,0.000,0.000
90,4,1.166,1.166,1.166,0.026,0.026,0.026,0.000,0.000
90,4,1.043,1.043,1.043,0.026,0.026,0.026,0.000,0.000
90,4,1.079,1.079,1.079,0.027,0.027,0.027,0.000,0.000
90,4,1.115,1.115,1.115,0.025,0.025,0.025,0.000,0.000
90,4,1.176,1.176,1.176,0.024,0.024,0.024,0.000,0.000
90,4,1.193,1.193,1.193,0.028,0.028,0.028,0.000,0.000
90,4,1.092,1.092,1.092,0.024,0.024,0.024,0.000,0.000
90,4,1.103,1.103,1.103,0.025,0.025,0.025,0.000,0.000
90,4,1.172,1.172,1.172,0.026,0.026,0.026,0.000,0.000
90,4,1.125,1.125,1.125,0.030,0.030,0.030,0.000,0.000
90,4,1.052,1.052,1.052,0.024,0.024,0.024,0.000,0.000
90,4,1.134,1.134,1.134,0.024,0.024,0.024,0.000,0.000
90,4,1.099,1.099,1.099,0.027,0.027,0.027,0.000,0.000
90,4,1.074,1.074,1.074,0.023,0.023,0.023,0.000,0.000
90,4,1.157,1.157,1.157,0.024,0.024,0.024,0.000,0.000
90,4,1.090,1.090,1.090,0.029,0.029,0.029,0.000,0.000
90,4,1.108,1.108,1.108,0.023,0.023,0.023,0.000,0.000
90,4,1.157,1.157,1.157,0.023,0.023,0.023,0.000,0.000
90,4,1.201,1.201,1.201,0.022,0.022,0.022,0.000,0.000
90,4,1.163,1.163,1.163,0.030,0.030,0.030,0.000,0.000
90,4,1.094,1.094,1.094,0.025,0.025,0.025,0.000,0.000
90,4,1.103,1.103,1.103,0.036,0.036,0.036,0.000,0.000
90,4,1.188,1.188,1.188,0.029,0.029,0.029,0.000,0.000
90,4,1.078,1.078,1.078,0.026,0.026,0.026,0.000,0.000
90,4,1.081,1.081,1.081,0.023,0.023,0.023,0.000,0.000
90,4,1.086,1.086,1.086,0.028,0.028,0.028,0.000,0.000
90,4,1.115,1.115,1.115,0.025,0.025,0.025,0.000,0.000
90,4,1.069,1.069,1.069,0.026,0.026,0.026,0.000,0.000
90,4,1.082,1.082,1.082,0.025,0.025,0.025,0.000,0.000
90,4,1.064,1.064,1.064,0.029,0.029,0.029,0.000,0.000
90,4,1.091,1.091,1.091,0.023,0.023,0.023,0.000,0.000
90,4,1.121,1.121,1.121,0.023,0.023,0.023,0.000,0.000
90,4,1.104,1.104,1.104,0.030,0.030,0.030,0.000,0.000
90,4,1.064,1.064,1.064,0.027,0.027,0.027,0.000,0.000
90,4,1.022,1.022,1.022,0.024,0.024,0.024,0.000,0.000
90,4,1.049,1.049,1.049,0.024,0.024,0.024,0.000,0.000
90,4,1.127,1.127,1.127,0.025,0.025,0.025,0.000,0.000
90,4,1.339,1.339,1.339,0.030,0.030,0.030,0.000,0.000
90,4,1.110,1.110,1.110,0.023,0.023,0.023,0.000,0.000
90,4,1.061,1.061,1.061,0.026,0.026,0.026,0.000,0.000
90,4,1.076,1.076,1.076,0.026,0.026,0.026,0.000,0.000
90,4,1.080,1.080,1.080,0.027,0.027,0.027,0.000,0.000
90,4,1.037,1.037,1.037,0.023,0.023,0.023,0.000,0.000
90,4,1.163,1.163,1.163,0.031,0.031,0.031,0.000,0.000
90,4,1.019,1.019,1.019,0.026,0.026,0.026,0.000,0.000
90,4,1.125,1.125,1.125,0.024,0.024,0.024,0.000,0.000
90,4,1.048,1.048,1.048,0.034,0.034,0.034,0.000,0.000
90,4,1.126,1.126,1.126,0.025,0.025,0.025,0.000,0.000
90,4,1.114,1.114,1.114,0.025,0.025,0.025,0.000,0.000
90,4,1.132,1.132,1.132,0.028,0.028,0.028,0.000,0.000
90,4,1.132,1.132,1.132,0.026,0.026,0.026,0.000,0.000
90,4,1.030,1.030,1.030,0.026,0.026,0.026,0.000,0.000
90,4,1.093,1.093,1.093,0.023,0.023,0.023,0.000,0.000
90,4,1.043,1.043,1.043,0.030,0.030,0.030,0.000,0.000
90,4,1.086,1.086,1.086,0.025,0.025,0.025,0.000,0.000
90,4,1.080,1.080,1.080,0.024,0.024,0.024,0.000,0.000
90,4,1.095,1.095,1.095,0.024,0.024,0.024,0.000,0.000
90,5,1.093,1.093,1.093,0.027,0.027,0.027,0.000,0.000
90,5,1.163,1.163,1.163,0.027,0.027,0.027,0.000,0.000
90,5,1.081,1.081,1.081,0.025,0.025,0.025,0.000,0.000
90,5,1.143,1.143,1.143,0.026,0.026,0.026,0.000,0.000
90,5,1.129,1.129,1.129,0.023,0.023,0.023,0.000,0.000
90,5,1.119,1.119,1.119,0.025,0.025,0.025,0.000,0.000
90,5,1.056,1.056,1.056,0.023,0.023,0.023,0.000,0.000
90,5,1.210,1.210,1.210,0.023,0.023,0.023,0.000,0.000
90,5,1.140,1.140,1.140,0.028,0.028,0.028,0.000,0.000
90,5,1.081,1.081,1.081,0.022,0.022,0.022,0.000,0.000
90,5,1.134,1.134,1.134,0.025,0.025,0.025,0.000,0.000
90,5,1.195,1.195,1.195,0.032,0.032,0.032,0.000,0.000
90,5,1.114,1.114,1.114,0.027,0.027,0.027,0.000,0.000
90,5,1.087,1.087,1.087,0.028,0.028,0.028,0.000,0.000
90,5,1.140,1.140,1.140,0.024,0.024,0.024,0.000,0.000
90,5,1.090,1.090,1.090,0.031,0.031,0.031,0.000,0.000
90,5,1.086,1.086,1.086,0.028,0.028,0.028,0.000,0.000
90,5,1.136,1.136,1.136,0.023,0.023,0.023,0.000,0.000
90,5,1.062,1.062,1.062,0.029,0.029,0.029,0.000,0.000
90,5,1.187,1.187,1.187,0.025,0.025,0.025,0.000,0.000
90,5,1.126,1.126,1.126,0.027,0.027,0.027,0.000,0.000
90,5,1.111,1.111,1.111,0.024,0.024,0.024,0.000,0.000
90,5,1.154,1.154,1.154,0.030,0.030,0.030,0.000,0.000
90,5,1.194,1.194,1.194,0.023,0.023,0.023,0.000,0.000
90,5,1.229,1.229,1.229,0.024,0.024,0.024,0.000,0.000
90,5,1.118,1.118,1.118,0.024,0.024,0.024,0.000,0.000
90,5,1.064,1.064,1.064,0.030,0.030,0.030,0.000,0.000
90,5,1.156,1.156,1.156,0.026,0.026,0.026,0.000,0.000
90,5,1.034,1.034,1.034,0.025,0.025,0.025,0.000,0.000
90,5,1.133,1.133,1.133,0.025,0.025,0.025,0.000,0.000
90,5,1.045,1.045,1.045,0.023,0.023,0.023,0.000,0.000
90,5,1.089,1.089,1.089,0.024,0.024,0.024,0.000,0.000
90,5,1.111,1.111,1.111,0.029,0.029,0.029,0.000,0.000
90,5,1.140,1.140,1.140,0.025,0.025,0.025,0.000,0.000
90,5,1.058,1.058,1.058,0.028,0.028,0.028,0.000,0.000
90,5,1.074,1.074,1.074,0.029,0.029,0.029,0.000,0.000
90,5,1.118,1.118,1.118,0.025,0.025,0.025,0.000,0.000
90,5,1.075,1.075,1.075,0.025,0.025,0.025,0.000,0.000
90,5,1.065,1.065,1.065,0.035,0.035,0.035,0.000,0.000
90,5,1.199,1.199,1.199,0.027,0.027,0.027,0.000,0.000
90,5,1.070,1.070,1.070,0.025,0.025,0.025,0.000,0.000
90,5,1.089,1.089,1.089,0.025,0.025,0.025,0.000,0.000
90,5,1.157,1.157,1.157,0.025,0.025,0.025,0.000,0.000
90,5,1.186,1.186,1.186,0.026,0.026,0.026,0.000,0.000
90,5,1.139,1.139,1.139,0.025,0.025,0.025,0.000,0.000
90,5,1.095,1.095,1.095,0.023,0.023,0.023,0.000,0.000
90,5,1.174,1.174,1.174,0.023,0.023,0.023,0.000,0.000
90,5,1.109,1.109,1.109,0.030,0.030,0.030,0.000,0.000
90,5,1.177,1.177,1.177,0.023,0.023,0.023,0.000,0.000
90,5,1.071,1.071,1.071,0.030,0.030,0.030,0.000,0.000
90,5,1.066,1.066,1.066,0.027,0.027,0.027,0.000,0.000
90,5,1.139,1.139,1.139,0.027,0.027,0.027,0.000,0.000
90,5,1.053,1.053,1.053,0.023,0.023,0.023,0.000,0.000
90,5,1.067,1.067,1.067,0.023,0.023,0.023,0.000,0.000
90,5,1.074,1.074,1.074,0.027,0.027,0.027,0.000,0.000
90,5,1.126,1.126,1.126,0.030,0.030,0.030,0.000,0.000
90,5,1.096,1.096,1.096,0.027,0.027,0.027,0.000,0.000
90,5,1.097,1.097,1.097,0.026,0.026,0.026,0.000,0.000
90,5,1.068,1.068,1.068,0.026,0.026,0.026,0.000,0.000
90,5,1.136,1.136,1.136,0.029,0.029,0.029,0.000,0.000
90,5,1.045,1.045,1.045,0.024,0.024,0.024,0.000,0.000
90,5,1.250,1.250,1.250,0.025,0.025,0.025,0.000,0.000
90,5,1.121,1.121,1.121,0.025,0.025,0.025,0.000,0.000
90,5,1.157,1.157,1.157,0.024,0.024,0.024,0.000,0.000
90,5,1.087,1.087,1.087,0.024,0.024,0.024,0.000,0.000
90,5,1.082,1.082,1.082,0.031,0.031,0.031,0.000,0.000
90,5,1.105,1.105,1.105,0.022,0.022,0.022,0.000,0.000
90,5,1.209,1.209,1.209,0.023,0.023,0.023,0.000,0.000
90,5,1.248,1.248,1.248,0.029,0.029,0.029,0.000,0.000
90,5,1.099,1.099,1.099,0.023,0.023,0.023,0.000,0.000
90,5,1.188,1.188,1.188,0.024,0.024,0.024,0.000,0.000
90,5,1.071,1.071,1.071,0.034,0.034,0.034,0.000,0.000
90,5,1.094,1.094,1.094,0.027,0.027,0.027,0.000,0.000
90,5,1.122,1.122,1.122,0.029,0.029,0.029,0.000,0.000
90,5,1.159,1.159,1.159,0.031,0.031,0.031,0.000,0.000
90,5,1.197,1.197,1.197,0.027,0.027,0.027,0.000,0.000
90,5,1.128,1.128,1.128,0.027,0.027,0.027,0.000,0.000
90,5,1.098,1.098,1.098,0.025,0.025,0.025,0.000,0.000
90,5,1.122,1.122,1.122,0.033,0.033,0.033,0.000,0.000
90,5,1.031,1.031,1.031,0.035,0.035,0.035,0.000,0.000
90,5,1.088,1.088,1.088,0.023,0.023,0.023,0.000,0.000
90,5,1.052,1.052,1.052,0.023,0.023,0.023,0.000,0.000
90,5,1.028,1.028,1.028,0.023,0.023,0.023,0.000,0.000
90,5,1.055,1.055,1.055,0.023,0.023,0.023,0.000,0.000
90,5,1.161,1.161,1.161,0.027,0.027,0.027,0.000,0.000
90,5,1.150,1.150,1.150,0.026,0.026,0.026,0.000,0.000
90,5,1.088,1.088,1.088,0.023,0.023,0.023,0.000,0.000
90,5,1.102,1.102,1.102,0.024,0.024,0.024,0.000,0.000
90,5,1.144,1.144,1.144,0.026,0.026,0.026,0.000,0.000
90,5,1.050,1.050,1.050,0.024,0.024,0.024,0.000,0.000
90,5,1.053,1.053,1.053,0.025,0.025,0.025,0.000,0.000
90,5,1.106,1.106,1.106,0.025,0.025,0.025,0.000,0.000
90,5,1.185,1.185,1.185,0.025,0.025,0.025,0.000,0.000
90,5,1.101,1.101,1.101,0.023,0.023,0.023,0.000,0.000
90,5,1.156,1.156,1.156,0.023,0.023,0.023,0.000,0.000
90,5,1.101,1.101,1.101,0.030,0.030,0.030,0.000,0.000
90,5,1.053,1.053,1.053,0.023,0.023,0.023,0.000,0.000
90,5,1.120,1.120,1.120,0.023,0.023,0.023,0.000,0.000
90,5,1.146,1.146,1.146,0.025,0.025,0.025,0.000,0.000
90,5,1.157,1.157,1.157,0.027,0.027,0.027,0.000,0.000
90,6,1.134,1.134,1.134,0.023,0.023,0.023,0.000,0.000
90,6,1.198,1.198,1.198,0.026,0.026,0.026,0.000,0.000
90,6,1.209,1.209,1.209,0.024,0.024,0.024,0.000,0.000
90,6,1.137,1.137,1.137,0.029,0.029,0.029,0.000,0.000
90,6,1.057,1.057,1.057,0.029,0.029,0.029,0.000,0.000
90,6,1.027,1.027,1.027,0.023,0.023,0.023,0.000,0.000
90,6,1.134,1.134,1.134,0.025,0.025,0.025,0.000,0.000
90,6,1.090,1.090,1.090,0.023,0.023,0.023,0.000,0.000
90,6,1.083,1.083,1.083,0.027,0.027,0.027,0.000,0.000
90,6,1.102,1.102,1.102,0.024,0.024,0.024,0.000,0.000
90,6,1.056,1.056,1.056,0.025,0.025,0.025,0.000,0.000
90,6,1.084,1.084,1.084,0.029,0.029,0.029,0.000,0.000
90,6,1.222,1.222,1.222,0.028,0.028,0.028,0.000,0.000
90,6,1.094,1.094,1.094,0.025,0.025,0.025,0.000,0.000
90,6,1.101,1.101,1.101,0.036,0.036,0.036,0.000,0.000
90,6,1.039,1.039,1.039,0.025,0.025,0.025,0.000,0.000
90,6,1.118,1.118,1.118,0.025,0.025,0.025,0.000,0.000
90,6,1.166,1.166,1.166,0.032,0.032,0.032,0.000,0.000
90,6,1.103,1.103,1.103,0.023,0.023,0.023,0.000,0.000
90,6,1.111,1.111,1.111,0.028,0.028,0.028,0.000,0.000
90,6,1.082,1.082,1.082,0.023,0.023,0.023,0.000,0.000
90,6,1.055,1.055,1.055,0.033,0.033,0.033,0.000,0.000
90,6,1.106,1.106,1.106,0.026,0.026,0.026,0.000,0.000
90,6,1.043,1.043,1.043,0.034,0.034,0.034,0.000,0.000
90,6,1.145,1.145,1.145,0.025,0.025,0.025,0.000,0.000
90,6,1.119,1.119,1.119,0.033,0.033,0.033,0.000,0.000
90,6,1.090,1.090,1.090,0.026,0.026,0.026,0.000,0.000
90,6,1.115,1.115,1.115,0.023,0.023,0.023,0.000,0.000
90,6,1.034,1.034,1.034,0.030,0.030,0.030,0.000,0.000
90,6,1.147,1.147,1.147,0.030,0.030,0.030,0.000,0.000
90,6,1.179,1.179,1.179,0.026,0.026,0.026,0.000,0.000
90,6,1.149,1.149,1.149,0.023,0.023,0.023,0.000,0.000
90,6,1.062,1.062,1.062,0.026,0.026,0.026,0.000,0.000
90,6,1.154,1.154,1.154,0.024,0.024,0.024,0.000,0.000
90,6,1.074,1.074,1.074,0.025,0.025,0.025,0.000,0.000
90,6,1.116,1.116,1.116,0.024,0.024,0.024,0.000,0.000
90,6,1.077,1.077,1.077,0.023,0.023,0.023,0.000,0.000
90,6,1.107,1.107,1.107,0.028,0.028,0.028,0.000,0.000
90,6,1.133,1.133,1.133,0.029,0.029,0.029,0.000,0.000
90,6,1.135,1.135,1.135,0.026,0.026,0.026,0.000,0.000
90,6,1.086,1.086,1.086,0.025,0.025,0.025,0.000,0.000
90,6,1.057,1.057,1.057,0.027,0.027,0.027,0.000,0.000
90,6,1.108,1.108,1.108,0.029,0.029,0.029,0.000,0.000
90,6,1.109,1.109,1.109,0.028,0.028,0.028,0.000,0.000
90,6,1.107,1.107,1.107,0.023,0.023,0.023,0.000,0.000
90,6,1.167,1.167,1.167,0.024,0.024,0.024,0.000,0.000
90,6,1.076,1.076,1.076,0.029,0.029,0.029,0.000,0.000
90,6,1.149,1.149,1.149,0.024,0.024,0.024,0.000,0.000
90,6,1.162,1.162,1.162,0.024,0.024,0.024,0.000,0.000
90,6,1.085,1.085,1.085,0.029,0.029,0.029,0.000,0.000
90,6,1.231,1.231,1.231,0.026,0.026,0.026,0.000,0.000
90,6,1.143,1.143,1.143,0.024,0.024,0.024,0.000,0.000
90,6,1.070,1.070,1.070,0.025,0.025,0.025,0.000,0.000
90,6,1.142,1.142,1.142,0.024,0.024,0.024,0.000,0.000
90,6,1.064,1.064,1.064,0.026,0.026,0.026,0.000,0.000
90,6,1.092,1.092,1.092,0.023,0.023,0.023,0.000,0.000
90,6,1.071,1.071,1.071,0.027,0.027,0.027,0.000,0.000
90,6,1.059,1.059,1.059,0.023,0.023,0.023,0.000,0.000
90,6,1.103,1.103,1.103,0.025,0.025,0.025,0.000,0.000
90,6,1.069,1.069,1.069,0.023,0.023,0.023,0.000,0.000
90,6,1.139,1.139,1.139,0.024,0.024,0.024,0.000,0.000
90,6,1.088,1.088,1.088,0.059,0.059,0.059,0.000,0.000
90,6,1.071,1.071,1.071,0.068,0.068,0.068,0.000,0.000
90,6,1.150,1.150,1.150,0.032,0.032,0.032,0.000,0.000
90,6,1.214,1.214,1.214,0.024,0.024,0.024,0.000,0.000
90,6,1.107,1.107,1.107,0.024,0.024,0.024,0.000,0.000
90,6,1.126,1.126,1.126,0.025,0.025,0.025,0.000,0.000
90,6,1.040,1.040,1.040,0.031,0.031,0.031,0.000,0.000
90,6,1.240,1.240,1.240,0.028,0.028,0.028,0.000,0.000
90,6,1.120,1.120,1.120,0.026,0.026,0.026,0.000,0.000
90,6,1.060,1.060,1.060,0.026,0.026,0.026,0.000,0.000
90,6,1.140,1.140,1.140,0.026,0.026,0.026,0.000,0.000
90,6,1.193,1.193,1.193,0.028,0.028,0.028,0.000,0.000
90,6,1.152,1.152,1.152,0.024,0.024,0.024,0.000,0.000
90,6,1.163,1.163,1.163,0.029,0.029,0.029,0.000,0.000
90,6,1.139,1.139,1.139,0.031,0.031,0.031,0.000,0.000
90,6,1.174,1.174,1.174,0.025,0.025,0.025,0.000,0.000
90,6,1.143,1.143,1.143,0.026,0.026,0.026,0.000,0.000
90,6,1.283,1.283,1.283,0.033,0.033,0.033,0.000,0.000
90,6,1.164,1.164,1.164,0.024,0.024,0.024,0.000,0.000
90,6,1.167,1.167,1.167,0.027,0.027,0.027,0.000,0.000
90,6,1.148,1.148,1.148,0.023,0.023,0.023,0.000,0.000
90,6,1.090,1.090,1.090,0.029,0.029,0.029,0.000,0.000
90,6,1.068,1.068,1.068,0.030,0.030,0.030,0.000,0.000
90,6,1.152,1.152,1.152,0.029,0.029,0.029,0.000,0.000
90,6,1.231,1.231,1.231,0.025,0.025,0.025,0.000,0.000
90,6,1.118,1.118,1.118,0.035,0.035,0.035,0.000,0.000
90,6,1.191,1.191,1.191,0.030,0.030,0.030,0.000,0.000
90,6,1.116,1.116,1.116,0.027,0.027,0.027,0.000,0.000
90,6,1.041,1.041,1.041,0.024,0.024,0.024,0.000,0.000
90,6,1.124,1.124,1.124,0.023,0.023,0.023,0.000,0.000
90,6,1.237,1.237,1.237,0.024,0.024,0.024,0.000,0.000
90,6,1.124,1.124,1.124,0.023,0.023,0.023,0.000,0.000
90,6,1.316,1.316,1.316,0.028,0.028,0.028,0.000,0.000
90,6,1.145,1.145,1.145,0.027,0.027,0.027,0.000,0.000
90,6,1.072,1.072,1.072,0.027,0.027,0.027,0.000,0.000
90,6,1.124,1.124,1.124,0.029,0.029,0.029,0.000,0.000
90,6,1.072,1.072,1.072,0.028,0.028,0.028,0.000,0.000
90,6,1.065,1.065,1.065,0.030,0.030,0.030,0.000,0.000
90,6,1.080,1.080,1.080,0.027,0.027,0.027,0.000,0.000
90,7,1.057,1.057,1.057,0.026,0.026,0.026,0.000,0.000
90,7,1.041,1.041,1.041,0.027,0.027,0.027,0.000,0.000
90,7,1.094,1.094,1.094,0.024,0.024,0.024,0.000,0.000
90,7,1.083,1.083,1.083,0.037,0.037,0.037,0.000,0.000
90,7,1.057,1.057,1.057,0.033,0.033,0.033,0.000,0.000
90,7,1.221,1.221,1.221,0.031,0.031,0.031,0.000,0.000
90,7,1.137,1.137,1.137,0.030,0.030,0.030,0.000,0.000
90,7,1.136,1.136,1.136,0.023,0.023,0.023,0.000,0.000
90,7,1.139,1.139,1.139,0.027,0.027,0.027,0.000,0.000
90,7,1.101,1.101,1.101,0.024,0.024,0.024,0.000,0.000
90,7,1.056,1.056,1.056,0.027,0.027,0.027,0.000,0.000
90,7,1.094,1.094,1.094,0.023,0.023,0.023,0.000,0.000
90,7,1.169,1.169,1.169,0.028,0.028,0.028,0.000,0.000
90,7,1.163,1.163,1.163,0.024,0.024,0.024,0.000,0.000
90,7,1.062,1.062,1.062,0.032,0.032,0.032,0.000,0.000
90,7,1.108,1.108,1.108,0.032,0.032,0.032,0.000,0.000
90,7,1.137,1.137,1.137,0.027,0.027,0.027,0.000,0.000
90,7,1.205,1.205,1.205,0.026,0.026,0.026,0.000,0.000
90,7,1.145,1.145,1.145,0.028,0.028,0.028,0.000,0.000
90,7,1.224,1.224,1.224,0.024,0.024,0.024,0.000,0.000
90,7,1.103,1.103,1.103,0.029,0.029,0.029,0.000,0.000
90,7,1.124,1.124,1.124,0.028,0.028,0.028,0.000,0.000
90,7,1.145,1.145,1.145,0.023,0.023,0.023,0.000,0.000
90,7,1.137,1.137,1.137,0.027,0.027,0.027,0.000,0.000
90,7,1.108,1.108,1.108,0.027,0.027,0.027,0.000,0.000
90,7,1.121,1.121,1.121,0.028,0.028,0.028,0.000,0.000
90,7,1.195,1.195,1.195,0.026,0.026,0.026,0.000,0.000
90,7,1.172,1.172,1.172,0.025,0.025,0.025,0.000,0.000
90,7,1.070,1.070,1.070,0.029,0.029,0.029,0.000,0.000
90,7,1.066,1.066,1.066,0.024,0.024,0.024,0.000,0.000
90,7,1.106,1.106,1.106,0.028,0.028,0.028,0.000,0.000
90,7,1.059,1.059,1.059,0.029,0.029,0.029,0.000,0.000
90,7,1.045,1.045,1.045,0.027,0.027,0.027,0.000,0.000
90,7,1.164,1.164,1.164,0.038,0.038,0.038,0.000,0.000
90,7,1.097,1.097,1.097,0.030,0.030,0.030,0.000,0.000
90,7,1.080,1.080,1.080,0.031,0.031,0.031,0.000,0.000
90,7,1.107,1.107,1.107,0.029,0.029,0.029,0.000,0.000
90,7,1.162,1.162,1.162,0.035,0.035,0.035,0.000,0.000
90,7,1.084,1.084,1.084,0.032,0.032,0.032,0.000,0.000
90,7,1.083,1.083,1.083,0.032,0.032,0.032,0.000,0.000
90,7,1.051,1.051,1.051,0.031,0.031,0.031,0.000,0.000
90,7,1.151,1.151,1.151,0.029,0.029,0.029,0.000,0.000
90,7,1.123,1.123,1.123,0.026,0.026,0.026,0.000,0.000
90,7,1.144,1.144,1.144,0.027,0.027,0.027,0.000,0.000
90,7,1.231,1.231,1.231,0.031,0.031,0.031,0.000,0.000
90,7,1.159,1.159,1.159,0.028,0.028,0.028,0.000,0.000
90,7,1.107,1.107,1.107,0.029,0.029,0.029,0.000,0.000
90,7,1.143,1.143,1.143,0.030,0.030,0.030,0.000,0.000
90,7,1.093,1.093,1.093,0.025,0.025,0.025,0.000,0.000
90,7,1.069,1.069,1.069,0.028,0.028,0.028,0.000,0.000
90,7,1.091,1.091,1.091,0.029,0.029,0.029,0.000,0.000
90,7,1.075,1.075,1.075,0.035,0.035,0.035,0.000,0.000
90,7,1.130,1.130,1.130,0.038,0.038,0.038,0.000,0.000
90,7,1.103,1.103,1.103,0.027,0.027,0.027,0.000,0.000
90,7,1.135,1.135,1.135,0.034,0.034,0.034,0.000,0.000
90,7,1.119,1.119,1.119,0.040,0.040,0.040,0.000,0.000
90,7,1.105,1.105,1.105,0.028,0.028,0.028,0.000,0.000
90,7,1.113,1.113,1.113,0.031,0.031,0.031,0.000,0.000
90,7,1.171,1.171,1.171,0.029,0.029,0.029,0.000,0.000
90,7,1.167,1.167,1.167,0.034,0.034,0.034,0.000,0.000
90,7,1.127,1.127,1.127,0.029,0.029,0.029,0.000,0.000
90,7,1.092,1.092,1.092,0.025,0.025,0.025,0.000,0.000
90,7,1.192,1.192,1.192,0.027,0.027,0.027,0.000,0.000
90,7,1.076,1.076,1.076,0.030,0.030,0.030,0.000,0.000
90,7,1.085,1.085,1.085,0.024,0.024,0.024,0.000,0.000
90,7,1.072,1.072,1.072,0.036,0.036,0.036,0.000,0.000
90,7,1.065,1.065,1.065,0.026,0.026,0.026,0.000,0.000
90,7,1.077,1.077,1.077,0.028,0.028,0.028,0.000,0.000
90,7,1.163,1.163,1.163,0.023,0.023,0.023,0.000,0.000
90,7,1.169,1.169,1.169,0.032,0.032,0.032,0.000,0.000
90,7,1.186,1.186,1.186,0.023,0.023,0.023,0.000,0.000
90,7,1.117,1.117,1.117,0.023,0.023,0.023,0.000,0.000
90,7,1.123,1.123,1.123,0.029,0.029,0.029,0.000,0.000
90,7,1.088,1.088,1.088,0.026,0.026,0.026,0.000,0.000
90,7,1.087,1.087,1.087,0.025,0.025,0.025,0.000,0.000
90,7,1.100,1.100,1.100,0.038,0.038,0.038,0.000,0.000
90,7,1.060,1.060,1.060,0.028,0.028,0.028,0.000,0.000
90,7,1.087,1.087,1.087,0.031,0.031,0.031,0.000,0.000
90,7,1.083,1.083,1.083,0.039,0.039,0.039,0.000,0.000
90,7,1.194,1.194,1.194,0.024,0.024,0.024,0.000,0.000
90,7,1.165,1.165,1.165,0.025,0.025,0.025,0.000,0.000
90,7,1.185,1.185,1.185,0.027,0.027,0.027,0.000,0.000
90,7,1.088,1.088,1.088,0.024,0.024,0.024,0.000,0.000
90,7,1.154,1.154,1.154,0.026,0.026,0.026,0.000,0.000
90,7,1.122,1.122,1.122,0.027,0.027,0.027,0.000,0.000
90,7,1.077,1.077,1.077,0.033,0.033,0.033,0.000,0.000
90,7,1.121,1.121,1.121,0.035,0.035,0.035,0.000,0.000
90,7,1.070,1.070,1.070,0.023,0.023,0.023,0.000,0.000
90,7,1.068,1.068,1.068,0.029,0.029,0.029,0.000,0.000
90,7,1.093,1.093,1.093,0.030,0.030,0.030,0.000,0.000
90,7,1.157,1.157,1.157,0.034,0.034,0.034,0.000,0.000
90,7,1.166,1.166,1.166,0.029,0.029,0.029,0.000,0.000
90,7,1.073,1.073,1.073,0.025,0.025,0.025,0.000,0.000
90,7,1.157,1.157,1.157,0.025,0.025,0.025,0.000,0.000
90,7,1.102,1.102,1.102,0.025,0.025,0.025,0.000,0.000
90,7,1.135,1.135,1.135,0.033,0.033,0.033,0.000,0.000
90,7,1.061,1.061,1.061,0.029,0.029,0.029,0.000,0.000
90,7,1.064,1.064,1.064,0.025,0.025,0.025,0.000,0.000
90,7,1.152,1.152,1.152,0.026,0.026,0.026,0.000,0.000
90,7,1.049,1.049,1.049,0.027,0.027,0.027,0.000,0.000
90,8,1.084,1.084,1.084,0.024,0.024,0.024,0.000,0.000
90,8,1.056,1.056,1.056,0.032,0.032,0.032,0.000,0.000
90,8,1.212,1.212,1.212,0.027,0.027,0.027,0.000,0.000
90,8,1.129,1.129,1.129,0.027,0.027,0.027,0.000,0.000
90,8,1.052,1.052,1.052,0.025,0.025,0.025,0.000,0.000
90,8,1.136,1.136,1.136,0.028,0.028,0.028,0.000,0.000
90,8,1.179,1.179,1.179,0.024,0.024,0.024,0.000,0.000
90,8,1.098,1.098,1.098,0.027,0.027,0.027,0.000,0.000
90,8,1.079,1.079,1.079,0.027,0.027,0.027,0.000,0.000
90,8,1.126,1.126,1.126,0.031,0.031,0.031,0.000,0.000
90,8,1.175,1.175,1.175,0.028,0.028,0.028,0.000,0.000
90,8,1.115,1.115,1.115,0.026,0.026,0.026,0.000,0.000
90,8,1.091,1.091,1.091,0.024,0.024,0.024,0.000,0.000
90,8,1.067,1.067,1.067,0.026,0.026,0.026,0.000,0.000
90,8,1.132,1.132,1.132,0.030,0.030,0.030,0.000,0.000
90,8,1.160,1.160,1.160,0.025,0.025,0.025,0.000,0.000
90,8,1.118,1.118,1.118,0.033,0.033,0.033,0.000,0.000
90,8,1.100,1.100,1.100,0.026,0.026,0.026,0.000,0.000
90,8,1.110,1.110,1.110,0.025,0.025,0.025,0.000,0.000
90,8,1.092,1.092,1.092,0.024,0.024,0.024,0.000,0.000
90,8,1.099,1.099,1.099,0.027,0.027,0.027,0.000,0.000
90,8,1.069,1.069,1.069,0.024,0.024,0.024,0.000,0.000
90,8,1.184,1.184,1.184,0.024,0.024,0.024,0.000,0.000
90,8,1.115,1.115,1.115,0.024,0.024,0.024,0.000,0.000
90,8,1.096,1.096,1.096,0.027,0.027,0.027,0.000,0.000
90,8,1.080,1.080,1.080,0.029,0.029,0.029,0.000,0.000
90,8,1.082,1.082,1.082,0.026,0.026,0.026,0.000,0.000
90,8,1.167,1.167,1.167,0.024,0.024,0.024,0.000,0.000
90,8,1.102,1.102,1.102,0.024,0.024,0.024,0.000,0.000
90,8,1.130,1.130,1.130,0.024,0.024,0.024,0.000,0.000
90,8,1.102,1.102,1.102,0.025,0.025,0.025,0.000,0.000
90,8,1.108,1.108,1.108,0.024,0.024,0.024,0.000,0.000
90,8,1.042,1.042,1.042,0.024,0.024,0.024,0.000,0.000
90,8,1.082,1.082,1.082,0.024,0.024,0.024,0.000,0.000
90,8,1.114,1.114,1.114,0.031,0.031,0.031,0.000,0.000
90,8,1.064,1.064,1.064,0.026,0.026,0.026,0.000,0.000
90,8,1.124,1.124,1.124,0.028,0.028,0.028,0.000,0.000
90,8,1.060,1.060,1.060,0.027,0.027,0.027,0.000,0.000
90,8,1.051,1.051,1.051,0.026,0.026,0.026,0.000,0.000
90,8,1.120,1.120,1.120,0.032,0.032,0.032,0.000,0.000
90,8,1.114,1.114,1.114,0.026,0.026,0.026,0.000,0.000
90,8,1.165,1.165,1.165,0.023,0.023,0.023,0.000,0.000
90,8,1.199,1.199,1.199,0.024,0.024,0.024,0.000,0.000
90,8,1.172,1.172,1.172,0.030,0.030,0.030,0.000,0.000
90,8,1.086,1.086,1.086,0.034,0.034,0.034,0.000,0.000
90,8,1.082,1.082,1.082,0.024,0.024,0.024,0.000,0.000
90,8,1.190,1.190,1.190,0.031,0.031,0.031,0.000,0.000
90,8,1.161,1.161,1.161,0.026,0.026,0.026,0.000,0.000
90,8,1.121,1.121,1.121,0.028,0.028,0.028,0.000,0.000
90,8,1.087,1.087,1.087,0.029,0.029,0.029,0.000,0.000
90,8,1.093,1.093,1.093,0.025,0.025,0.025,0.000,0.000
90,8,1.149,1.149,1.149,0.023,0.023,0.023,0.000,0.000
90,8,1.087,1.087,1.087,0.024,0.024,0.024,0.000,0.000
90,8,1.116,1.116,1.116,0.025,0.025,0.025,0.000,0.000
90,8,1.049,1.049,1.049,0.023,0.023,0.023,0.000,0.000
90,8,1.113,1.113,1.113,0.026,0.026,0.026,0.000,0.000
90,8,1.090,1.090,1.090,0.028,0.028,0.028,0.000,0.000
90,8,1.140,1.140,1.140,0.024,0.024,0.024,0.000,0.000
90,8,1.130,1.130,1.130,0.028,0.028,0.028,0.000,0.000
90,8,1.086,1.086,1.086,0.031,0.031,0.031,0.000,0.000
90,8,1.106,1.106,1.106,0.034,0.034,0.034,0.000,0.000
90,8,1.045,1.045,1.045,0.023,0.023,0.023,0.000,0.000
90,8,1.099,1.099,1.099,0.026,0.026,0.026,0.000,0.000
90,8,1.077,1.077,1.077,0.025,0.025,0.025,0.000,0.000
90,8,1.119,1.119,1.119,0.029,0.029,0.029,0.000,0.000
90,8,1.084,1.084,1.084,0.024,0.024,0.024,0.000,0.000
90,8,1.166,1.166,1.166,0.026,0.026,0.026,0.000,0.000
90,8,1.075,1.075,1.075,0.023,0.023,0.023,0.000,0.000
90,8,1.127,1.127,1.127,0.025,0.025,0.025,0.000,0.000
90,8,1.088,1.088,1.088,0.025,0.025,0.025,0.000,0.000
90,8,1.109,1.109,1.109,0.030,0.030,0.030,0.000,0.000
90,8,1.181,1.181,1.181,0.027,0.027,0.027,0.000,0.000
90,8,1.195,1.195,1.195,0.029,0.029,0.029,0.000,0.000
90,8,1.134,1.134,1.134,0.029,0.029,0.029,0.000,0.000
90,8,1.102,1.102,1.102,0.023,0.023,0.023,0.000,0.000
90,8,1.116,1.116,1.116,0.025,0.025,0.025,0.000,0.000
90,8,1.123,1.123,1.123,0.036,0.036,0.036,0.000,0.000
90,8,1.136,1.136,1.136,0.024,0.024,0.024,0.000,0.000
90,8,1.202,1.202,1.202,0.024,0.024,0.024,0.000,0.000
90,8,1.147,1.147,1.147,0.023,0.023,0.023,0.000,0.000
90,8,1.168,1.168,1.168,0.024,0.024,0.024,0.000,0.000
90,8,1.071,1.071,1.071,0.025,0.025,0.025,0.000,0.000
90,8,1.032,1.032,1.032,0.028,0.028,0.028,0.000,0.000
90,8,1.081,1.081,1.081,0.027,0.027,0.027,0.000,0.000
90,8,1.063,1.063,1.063,0.028,0.028,0.028,0.000,0.000
90,8,1.089,1.089,1.089,0.029,0.029,0.029,0.000,0.000
90,8,1.159,1.159,1.159,0.025,0.025,0.025,0.000,0.000
90,8,1.091,1.091,1.091,0.025,0.025,0.025,0.000,0.000
90,8,1.083,1.083,1.083,0.025,0.025,0.025,0.000,0.000
90,8,1.060,1.060,1.060,0.023,0.023,0.023,0.000,0.000
90,8,1.062,1.062,1.062,0.026,0.026,0.026,0.000,0.000
90,8,1.046,1.046,1.046,0.036,0.036,0.036,0.000,0.000
90,8,1.232,1.232,1.232,0.023,0.023,0.023,0.000,0.000
90,8,1.089,1.089,1.089,0.034,0.034,0.034,0.000,0.000
90,8,1.052,1.052,1.052,0.024,0.024,0.024,0.000,0.000
90,8,1.095,1.095,1.095,0.027,0.027,0.027,0.000,0.000
90,8,1.101,1.101,1.101,0.025,0.025,0.025,0.000,0.000
90,8,1.074,1.074,1.074,0.025,0.025,0.025,0.000,0.000
90,8,1.158,1.158,1.158,0.026,0.026,0.026,0.000,0.000
90,8,1.156,1.156,1.156,0.024,0.024,0.024,0.000,0.000
90,9,1.240,1.240,1.240,0.026,0.026,0.026,0.000,0.000
90,9,1.107,1.107,1.107,0.030,0.030,0.030,0.000,0.000
90,9,1.048,1.048,1.048,0.025,0.025,0.025,0.000,0.000
90,9,1.102,1.102,1.102,0.024,0.024,0.024,0.000,0.000
90,9,1.108,1.108,1.108,0.025,0.025,0.025,0.000,0.000
90,9,1.174,1.174,1.174,0.027,0.027,0.027,0.000,0.000
90,9,1.072,1.072,1.072,0.027,0.027,0.027,0.000,0.000
90,9,1.109,1.109,1.109,0.025,0.025,0.025,0.000,0.000
90,9,1.119,1.119,1.119,0.037,0.037,0.037,0.000,0.000
90,9,1.110,1.110,1.110,0.024,0.024,0.024,0.000,0.000
90,9,1.115,1.115,1.115,0.024,0.024,0.024,0.000,0.000
90,9,1.155,1.155,1.155,0.024,0.024,0.024,0.000,0.000
90,9,1.073,1.073,1.073,0.025,0.025,0.025,0.000,0.000
90,9,1.091,1.091,1.091,0.024,0.024,0.024,0.000,0.000
90,9,1.150,1.150,1.150,0.025,0.025,0.025,0.000,0.000
90,9,1.047,1.047,1.047,0.026,0.026,0.026,0.000,0.000
90,9,1.258,1.258,1.258,0.031,0.031,0.031,0.000,0.000
90,9,1.153,1.153,1.153,0.024,0.024,0.024,0.000,0.000
90,9,1.282,1.282,1.282,0.026,0.026,0.026,0.000,0.000
90,9,1.114,1.114,1.114,0.025,0.025,0.025,0.000,0.000
90,9,1.125,1.125,1.125,0.030,0.030,0.030,0.000,0.000
90,9,1.109,1.109,1.109,0.037,0.037,0.037,0.000,0.000
90,9,1.111,1.111,1.111,0.028,0.028,0.028,0.000,0.000
90,9,1.115,1.115,1.115,0.034,0.034,0.034,0.000,0.000
90,9,1.167,1.167,1.167,0.027,0.027,0.027,0.000,0.000
90,9,1.156,1.156,1.156,0.024,0.024,0.024,0.000,0.000
90,9,1.164,1.164,1.164,0.031,0.031,0.031,0.000,0.000
90,9,1.137,1.137,1.137,0.037,0.037,0.037,0.000,0.000
90,9,1.242,1.242,1.242,0.026,0.026,0.026,0.000,0.000
90,9,1.194,1.194,1.194,0.036,0.036,0.036,0.000,0.000
90,9,1.157,1.157,1.157,0.034,0.034,0.034,0.000,0.000
90,9,1.084,1.084,1.084,0.035,0.035,0.035,0.000,0.000
90,9,1.171,1.171,1.171,0.033,0.033,0.033,0.000,0.000
90,9,1.190,1.190,1.190,0.026,0.026,0.026,0.000,0.000
90,9,1.098,1.098,1.098,0.030,0.030,0.030,0.000,0.000
90,9,1.092,1.092,1.092,0.029,0.029,0.029,0.000,0.000
90,9,1.198,1.198,1.198,0.047,0.047,0.047,0.000,0.000
90,9,1.169,1.169,1.169,0.034,0.034,0.034,0.000,0.000
90,9,1.096,1.096,1.096,0.034,0.034,0.034,0.000,0.000
90,9,1.132,1.132,1.132,0.037,0.037,0.037,0.000,0.000
90,9,1.128,1.128,1.128,0.036,0.036,0.036,0.000,0.000
90,9,1.143,1.143,1.143,0.030,0.030,0.030,0.000,0.000
90,9,1.184,1.184,1.184,0.037,0.037,0.037,0.000,0.000
90,9,1.070,1.070,1.070,0.034,0.034,0.034,0.000,0.000
90,9,1.041,1.041,1.041,0.033,0.033,0.033,0.000,0.000
90,9,1.119,1.119,1.119,0.030,0.030,0.030,0.000,0.000
90,9,1.071,1.071,1.071,0.042,0.042,0.042,0.000,0.000
90,9,1.189,1.189,1.189,0.039,0.039,0.039,0.000,0.000
90,9,1.177,1.177,1.177,0.034,0.034,0.034,0.000,0.000
90,9,1.218,1.218,1.218,0.041,0.041,0.041,0.000,0.000
90,9,1.091,1.091,1.091,0.041,0.041,0.041,0.000,0.000
90,9,1.102,1.102,1.102,0.034,0.034,0.034,0.000,0.000
90,9,1.098,1.098,1.098,0.044,0.044,0.044,0.000,0.000
90,9,1.076,1.076,1.076,0.024,0.024,0.024,0.000,0.000
90,9,1.040,1.040,1.040,0.034,0.034,0.034,0.000,0.000
90,9,1.075,1.075,1.075,0.046,0.046,0.046,0.000,0.000
90,9,1.096,1.096,1.096,0.038,0.038,0.038,0.000,0.000
90,9,1.187,1.187,1.187,0.032,0.032,0.032,0.000,0.000
90,9,1.090,1.090,1.090,0.032,0.032,0.032,0.000,0.000
90,9,1.223,1.223,1.223,0.026,0.026,0.026,0.000,0.000
90,9,1.151,1.151,1.151,0.025,0.025,0.025,0.000,0.000
90,9,1.158,1.158,1.158,0.028,0.028,0.028,0.000,0.000
90,9,1.041,1.041,1.041,0.025,0.025,0.025,0.000,0.000
90,9,1.115,1.115,1.115,0.024,0.024,0.024,0.000,0.000
90,9,1.113,1.113,1.113,0.029,0.029,0.029,0.000,0.000
90,9,1.144,1.144,1.144,0.028,0.028,0.028,0.000,0.000
90,9,1.111,1.111,1.111,0.027,0.027,0.027,0.000,0.000
90,9,1.129,1.129,1.129,0.037,0.037,0.037,0.000,0.000
90,9,1.134,1.134,1.134,0.026,0.026,0.026,0.000,0.000
90,9,1.163,1.163,1.163,0.027,0.027,0.027,0.000,0.000
90,9,1.199,1.199,1.199,0.030,0.030,0.030,0.000,0.000
90,9,1.038,1.038,1.038,0.028,0.028,0.028,0.000,0.000
90,9,1.144,1.144,1.144,0.025,0.025,0.025,0.000,0.000
90,9,1.053,1.053,1.053,0.025,0.025,0.025,0.000,0.000
90,9,1.093,1.093,1.093,0.030,0.030,0.030,0.000,0.000
90,9,1.191,1.191,1.191,0.044,0.044,0.044,0.000,0.000
90,9,1.190,1.190,1.190,0.027,0.027,0.027,0.000,0.000
90,9,1.131,1.131,1.131,0.026,0.026,0.026,0.000,0.000
90,9,1.114,1.114,1.114,0.024,0.024,0.024,0.000,0.000
90,9,1.088,1.088,1.088,0.025,0.025,0.025,0.000,0.000
90,9,1.155,1.155,1.155,0.023,0.023,0.023,0.000,0.000
90,9,1.118,1.118,1.118,0.023,0.023,0.023,0.000,0.000
90,9,1.122,1.122,1.122,0.028,0.028,0.028,0.000,0.000
90,9,1.081,1.081,1.081,0.028,0.028,0.028,0.000,0.000
90,9,1.107,1.107,1.107,0.026,0.026,0.026,0.000,0.000
90,9,1.094,1.094,1.094,0.025,0.025,0.025,0.000,0.000
90,9,1.199,1.199,1.199,0.034,0.034,0.034,0.000,0.000
90,9,1.187,1.187,1.187,0.025,0.025,0.025,0.000,0.000
90,9,1.090,1.090,1.090,0.025,0.025,0.025,0.000,0.000
90,9,1.117,1.117,1.117,0.024,0.024,0.024,0.000,0.000
90,9,1.080,1.080,1.080,0.026,0.026,0.026,0.000,0.000
90,9,1.124,1.124,1.124,0.024,0.024,0.024,0.000,0.000
90,9,1.143,1.143,1.143,0.049,0.049,0.049,0.000,0.000
90,9,1.099,1.099,1.099,0.023,0.023,0.023,0.000,0.000
90,9,1.184,1.184,1.184,0.042,0.042,0.042,0.000,0.000
90,9,1.136,1.136,1.136,0.023,0.023,0.023,0.000,0.000
90,9,1.063,1.063,1.063,0.025,0.025,0.025,0.000,0.000
90,9,1.109,1.109,1.109,0.024,0.024,0.024,0.000,0.000
90,9,1.114,1.114,1.114,0.026,0.026,0.026,0.000,0.000
90,9,1.155,1.155,1.155,0.030,0.030,0.030,0.000,0.000
90,10,1.075,1.075,1.075,0.031,0.031,0.031,0.000,0.000
90,10,1.099,1.099,1.099,0.027,0.027,0.027,0.000,0.000
90,10,1.053,1.053,1.053,0.024,0.024,0.024,0.000,0.000
90,10,1.068,1.068,1.068,0.026,0.026,0.026,0.000,0.000
90,10,1.076,1.076,1.076,0.025,0.025,0.025,0.000,0.000
90,10,1.076,1.076,1.076,0.023,0.023,0.023,0.000,0.000
90,10,1.149,1.149,1.149,0.025,0.025,0.025,0.000,0.000
90,10,1.081,1.081,1.081,0.029,0.029,0.029,0.000,0.000
90,10,1.077,1.077,1.077,0.024,0.024,0.024,0.000,0.000
90,10,1.100,1.100,1.100,0.036,0.036,0.036,0.000,0.000
90,10,1.177,1.177,1.177,0.027,0.027,0.027,0.000,0.000
90,10,1.166,1.166,1.166,0.024,0.024,0.024,0.000,0.000
90,10,1.153,1.153,1.153,0.024,0.024,0.024,0.000,0.000
90,10,1.108,1.108,1.108,0.028,0.028,0.028,0.000,0.000
90,10,1.088,1.088,1.088,0.030,0.030,0.030,0.000,0.000
90,10,1.048,1.048,1.048,0.024,0.024,0.024,0.000,0.000
90,10,1.106,1.106,1.106,0.031,0.031,0.031,0.000,0.000
90,10,1.237,1.237,1.237,0.023,0.023,0.023,0.000,0.000
90,10,1.204,1.204,1.204,0.042,0.042,0.042,0.000,0.000
90,10,1.068,1.068,1.068,0.023,0.023,0.023,0.000,0.000
90,10,1.078,1.078,1.078,0.028,0.028,0.028,0.000,0.000
90,10,1.073,1.073,1.073,0.026,0.026,0.026,0.000,0.000
90,10,1.082,1.082,1.082,0.029,0.029,0.029,0.000,0.000
90,10,1.045,1.045,1.045,0.027,0.027,0.027,0.000,0.000
90,10,1.089,1.089,1.089,0.024,0.024,0.024,0.000,0.000
90,10,1.144,1.144,1.144,0.025,0.025,0.025,0.000,0.000
90,10,1.113,1.113,1.113,0.028,0.028,0.028,0.000,0.000
90,10,1.151,1.151,1.151,0.023,0.023,0.023,0.000,0.000
90,10,1.109,1.109,1.109,0.025,0.025,0.025,0.000,0.000
90,10,1.102,1.102,1.102,0.028,0.028,0.028,0.000,0.000
90,10,1.056,1.056,1.056,0.026,0.026,0.026,0.000,0.000
90,10,1.067,1.067,1.067,0.031,0.031,0.031,0.000,0.000
90,10,1.155,1.155,1.155,0.026,0.026,0.026,0.000,0.000
90,10,1.082,1.082,1.082,0.027,0.027,0.027,0.000,0.000
90,10,1.112,1.112,1.112,0.025,0.025,0.025,0.000,0.000
90,10,1.107,1.107,1.107,0.025,0.025,0.025,0.000,0.000
90,10,1.044,1.044,1.044,0.026,0.026,0.026,0.000,0.000
90,10,1.154,1.154,1.154,0.030,0.030,0.030,0.000,0.000
90,10,1.131,1.131,1.131,0.024,0.024,0.024,0.000,0.000
90,10,1.091,1.091,1.091,0.024,0.024,0.024,0.000,0.000
90,10,1.198,1.198,1.198,0.025,0.025,0.025,0.000,0.000
90,10,1.117,1.117,1.117,0.029,0.029,0.029,0.000,0.000
90,10,1.103,1.103,1.103,0.023,0.023,0.023,0.000,0.000
90,10,1.134,1.134,1.134,0.024,0.024,0.024,0.000,0.000
90,10,1.146,1.146,1.146,0.025,0.025,0.025,0.000,0.000
90,10,1.116,1.116,1.116,0.023,0.023,0.023,0.000,0.000
90,10,1.120,1.120,1.120,0.023,0.023,0.023,0.000,0.000
90,10,1.154,1.154,1.154,0.024,0.024,0.024,0.000,0.000
90,10,1.080,1.080,1.080,0.024,0.024,0.024,0.000,0.000
90,10,1.095,1.095,1.095,0.033,0.033,0.033,0.000,0.000
90,10,1.150,1.150,1.150,0.028,0.028,0.028,0.000,0.000
90,10,1.071,1.071,1.071,0.031,0.031,0.031,0.000,0.000
90,10,1.109,1.109,1.109,0.024,0.024,0.024,0.000,0.000
90,10,1.174,1.174,1.174,0.025,0.025,0.025,0.000,0.000
90,10,1.088,1.088,1.088,0.030,0.030,0.030,0.000,0.000
90,10,1.097,1.097,1.097,0.024,0.024,0.024,0.000,0.000
90,10,1.177,1.177,1.177,0.025,0.025,0.025,0.000,0.000
90,10,1.076,1.076,1.076,0.033,0.033,0.033,0.000,0.000
90,10,1.037,1.037,1.037,0.026,0.026,0.026,0.000,0.000
90,10,1.103,1.103,1.103,0.024,0.024,0.024,0.000,0.000
90,10,1.178,1.178,1.178,0.026,0.026,0.026,0.000,0.000
90,10,1.118,1.118,1.118,0.026,0.026,0.026,0.000,0.000
90,10,1.123,1.123,1.123,0.024,0.024,0.024,0.000,0.000
90,10,1.246,1.246,1.246,0.035,0.035,0.035,0.000,0.000
90,10,1.089,1.089,1.089,0.026,0.026,0.026,0.000,0.000
90,10,1.081,1.081,1.081,0.024,0.024,0.024,0.000,0.000
90,10,1.146,1.146,1.146,0.023,0.023,0.023,0.000,0.000
90,10,1.139,1.139,1.139,0.031,0.031,0.031,0.000,0.000
90,10,1.063,1.063,1.063,0.040,0.040,0.040,0.000,0.000
90,10,1.171,1.171,1.171,0.027,0.027,0.027,0.000,0.000
90,10,1.100,1.100,1.100,0.029,0.029,0.029,0.000,0.000
90,10,1.148,1.148,1.148,0.028,0.028,0.028,0.000,0.000
90,10,1.077,1.077,1.077,0.024,0.024,0.024,0.000,0.000
90,10,1.159,1.159,1.159,0.031,0.031,0.031,0.000,0.000
90,10,1.079,1.079,1.079,0.027,0.027,0.027,0.000,0.000
90,10,1.148,1.148,1.148,0.025,0.025,0.025,0.000,0.000
90,10,1.187,1.187,1.187,0.023,0.023,0.023,0.000,0.000
90,10,1.093,1.093,1.093,0.031,0.031,0.031,0.000,0.000
90,10,1.124,1.124,1.124,0.027,0.027,0.027,0.000,0.000
90,10,1.102,1.102,1.102,0.023,0.023,0.023,0.000,0.000
90,10,1.169,1.169,1.169,0.032,0.032,0.032,0.000,0.000
90,10,1.128,1.128,1.128,0.029,0.029,0.029,0.000,0.000
90,10,1.134,1.134,1.134,0.024,0.024,0.024,0.000,0.000
90,10,1.172,1.172,1.172,0.025,0.025,0.025,0.000,0.000
90,10,1.089,1.089,1.089,0.024,0.024,0.024,0.000,0.000
90,10,1.105,1.105,1.105,0.027,0.027,0.027,0.000,0.000
90,10,1.068,1.068,1.068,0.029,0.029,0.029,0.000,0.000
90,10,1.043,1.043,1.043,0.023,0.023,0.023,0.000,0.000
90,10,1.105,1.105,1.105,0.030,0.030,0.030,0.000,0.000
90,10,1.159,1.159,1.159,0.027,0.027,0.027,0.000,0.000
90,10,1.091,1.091,1.091,0.024,0.024,0.024,0.000,0.000
90,10,1.081,1.081,1.081,0.028,0.028,0.028,0.000,0.000
90,10,1.082,1.082,1.082,0.023,0.023,0.023,0.000,0.000
90,10,1.133,1.133,1.133,0.026,0.026,0.026,0.000,0.000
90,10,1.088,1.088,1.088,0.029,0.029,0.029,0.000,0.000
90,10,1.152,1.152,1.152,0.026,0.026,0.026,0.000,0.000
90,10,1.122,1.122,1.122,0.033,0.033,0.033,0.000,0.000
90,10,1.145,1.145,1.145,0.022,0.022,0.022,0.000,0.000
90,10,1.084,1.084,1.084,0.027,0.027,0.027,0.000,0.000
90,10,1.177,1.177,1.177,0.023,0.023,0.023,0.000,0.000
100,2,1.060,1.060,1.060,0.027,0.027,0.027,0.000,0.000
100,2,1.031,1.031,1.031,0.027,0.027,0.027,0.000,0.000
100,2,1.090,1.090,1.090,0.028,0.028,0.028,0.000,0.000
100,2,1.026,1.026,1.026,0.027,0.027,0.027,0.000,0.000
100,2,1.081,1.081,1.081,0.027,0.027,0.027,0.000,0.000
100,2,1.000,1.000,1.000,0.041,0.041,0.041,0.000,0.000
100,2,1.041,1.041,1.041,0.030,0.030,0.030,0.000,0.000
100,2,1.038,1.038,1.038,0.037,0.037,0.037,0.000,0.000
100,2,1.063,1.063,1.063,0.026,0.026,0.026,0.000,0.000
100,2,1.060,1.060,1.060,0.038,0.038,0.038,0.000,0.000
100,2,1.062,1.062,1.062,0.031,0.031,0.031,0.000,0.000
100,2,1.051,1.051,1.051,0.030,0.030,0.030,0.000,0.000
100,2,1.064,1.064,1.064,0.028,0.028,0.028,0.000,0.000
100,2,1.059,1.059,1.059,0.026,0.026,0.026,0.000,0.000
100,2,1.078,1.078,1.078,0.026,0.026,0.026,0.000,0.000
100,2,1.062,1.062,1.062,0.033,0.033,0.033,0.000,0.000
100,2,1.308,1.308,1.308,0.028,0.028,0.028,0.000,0.000
100,2,1.071,1.071,1.071,0.026,0.026,0.026,0.000,0.000
100,2,1.199,1.199,1.199,0.030,0.030,0.030,0.000,0.000
100,2,1.115,1.115,1.115,0.026,0.026,0.026,0.000,0.000
100,2,1.079,1.079,1.079,0.026,0.026,0.026,0.000,0.000
100,2,1.149,1.149,1.149,0.028,0.028,0.028,0.000,0.000
100,2,1.125,1.125,1.125,0.029,0.029,0.029,0.000,0.000
100,2,1.085,1.085,1.085,0.027,0.027,0.027,0.000,0.000
100,2,1.050,1.050,1.050,0.026,0.026,0.026,0.000,0.000
100,2,1.081,1.081,1.081,0.029,0.029,0.029,0.000,0.000
100,2,1.144,1.144,1.144,0.030,0.030,0.030,0.000,0.000
100,2,1.109,1.109,1.109,0.028,0.028,0.028,0.000,0.000
100,2,1.027,1.027,1.027,0.028,0.028,0.028,0.000,0.000
100,2,1.120,1.120,1.120,0.030,0.030,0.030,0.000,0.000
100,2,1.089,1.089,1.089,0.026,0.026,0.026,0.000,0.000
100,2,1.167,1.167,1.167,0.026,0.026,0.026,0.000,0.000
100,2,1.079,1.079,1.079,0.027,0.027,0.027,0.000,0.000
100,2,1.050,1.050,1.050,0.027,0.027,0.027,0.000,0.000
100,2,1.076,1.076,1.076,0.026,0.026,0.026,0.000,0.000
100,2,1.029,1.029,1.029,0.029,0.029,0.029,0.000,0.000
100,2,1.090,1.090,1.090,0.029,0.029,0.029,0.000,0.000
100,2,1.111,1.111,1.111,0.035,0.035,0.035,0.000,0.000
100,2,1.136,1.136,1.136,0.029,0.029,0.029,0.000,0.000
100,2,1.145,1.145,1.145,0.032,0.032,0.032,0.000,0.000
100,2,1.044,1.044,1.044,0.026,0.026,0.026,0.000,0.000
100,2,1.050,1.050,1.050,0.027,0.027,0.027,0.000,0.000
100,2,1.157,1.157,1.157,0.026,0.026,0.026,0.000,0.000
100,2,1.006,1.006,1.006,0.032,0.032,0.032,0.000,0.000
100,2,1.116,1.116,1.116,0.026,0.026,0.026,0.000,0.000
100,2,1.071,1.071,1.071,0.027,0.027,0.027,0.000,0.000
100,2,1.027,1.027,1.027,0.027,0.027,0.027,0.000,0.000
100,2,1.057,1.057,1.057,0.026,0.026,0.026,0.000,0.000
100,2,1.009,1.009,1.009,0.029,0.029,0.029,0.000,0.000
100,2,1.193,1.193,1.193,0.026,0.026,0.026,0.000,0.000
100,2,1.145,1.145,1.145,0.026,0.026,0.026,0.000,0.000
100,2,1.058,1.058,1.058,0.040,0.040,0.040,0.000,0.000
100,2,1.019,1.019,1.019,0.026,0.026,0.026,0.000,0.000
100,2,1.080,1.080,1.080,0.028,0.028,0.028,0.000,0.000
100,2,1.141,1.141,1.141,0.027,0.027,0.027,0.000,0.000
100,2,1.052,1.052,1.052,0.026,0.026,0.026,0.000,0.000
100,2,1.060,1.060,1.060,0.033,0.033,0.033,0.000,0.000
100,2,1.000,1.000,1.000,0.031,0.031,0.031,0.000,0.000
100,2,1.037,1.037,1.037,0.026,0.026,0.026,0.000,0.000
100,2,1.090,1.090,1.090,0.028,0.028,0.028,0.000,0.000
100,2,1.100,1.100,1.100,0.026,0.026,0.026,0.000,0.000
100,2,1.019,1.019,1.019,0.033,0.033,0.033,0.000,0.000
100,2,1.061,1.061,1.061,0.026,0.026,0.026,0.000,0.000
100,2,1.055,1.055,1.055,0.030,0.030,0.030,0.000,0.000
100,2,1.089,1.089,1.089,0.026,0.026,0.026,0.000,0.000
100,2,1.079,1.079,1.079,0.027,0.027,0.027,0.000,0.000
100,2,1.022,1.022,1.022,0.034,0.034,0.034,0.000,0.000
100,2,1.056,1.056,1.056,0.028,0.028,0.028,0.000,0.000
100,2,1.079,1.079,1.079,0.029,0.029,0.029,0.000,0.000
100,2,1.104,1.104,1.104,0.030,0.030,0.030,0.000,0.000
100,2,1.463,1.463,1.463,0.033,0.033,0.033,0.000,0.000
100,2,1.002,1.002,1.002,0.038,0.038,0.038,0.000,0.000
100,2,1.026,1.026,1.026,0.029,0.029,0.029,0.000,0.000
100,2,1.053,1.053,1.053,0.027,0.027,0.027,0.000,0.000
100,2,1.092,1.092,1.092,0.027,0.027,0.027,0.000,0.000
100,2,1.085,1.085,1.085,0.026,0.026,0.026,0.000,0.000
100,2,1.213,1.213,1.213,0.027,0.027,0.027,0.000,0.000
100,2,1.037,1.037,1.037,0.027,0.027,0.027,0.000,0.000
100,2,1.151,1.151,1.151,0.026,0.026,0.026,0.000,0.000
100,2,1.236,1.236,1.236,0.027,0.027,0.027,0.000,0.000
100,2,1.001,1.001,1.001,0.026,0.026,0.026,0.000,0.000
100,2,1.023,1.023,1.023,0.032,0.032,0.032,0.000,0.000
100,2,1.008,1.008,1.008,0.026,0.026,0.026,0.000,0.000
100,2,1.047,1.047,1.047,0.027,0.027,0.027,0.000,0.000
100,2,1.067,1.067,1.067,0.027,0.027,0.027,0.000,0.000
100,2,1.063,1.063,1.063,0.026,0.026,0.026,0.000,0.000
100,2,1.058,1.058,1.058,0.029,0.029,0.029,0.000,0.000
100,2,1.140,1.140,1.140,0.029,0.029,0.029,0.000,0.000
100,2,1.130,1.130,1.130,0.026,0.026,0.026,0.000,0.000
100,2,1.014,1.014,1.014,0.030,0.030,0.030,0.000,0.000
100,2,1.127,1.127,1.127,0.026,0.026,0.026,0.000,0.000
100,2,1.024,1.024,1.024,0.036,0.036,0.036,0.000,0.000
100,2,1.003,1.003,1.003,0.027,0.027,0.027,0.000,0.000
100,2,1.059,1.059,1.059,0.026,0.026,0.026,0.000,0.000
100,2,1.027,1.027,1.027,0.031,0.031,0.031,0.000,0.000
100,2,1.118,1.118,1.118,0.029,0.029,0.029,0.000,0.000
100,2,1.325,1.325,1.325,0.027,0.027,0.027,0.000,0.000
100,2,1.141,1.141,1.141,0.027,0.027,0.027,0.000,0.000
100,2,1.117,1.117,1.117,0.027,0.027,0.027,0.000,0.000
100,2,1.169,1.169,1.169,0.045,0.045,0.045,0.000,0.000
100,3,1.072,1.072,1.072,0.027,0.027,0.027,0.000,0.000
100,3,1.060,1.060,1.060,0.032,0.032,0.032,0.000,0.000
100,3,1.180,1.180,1.180,0.028,0.028,0.028,0.000,0.000
100,3,1.050,1.050,1.050,0.028,0.028,0.028,0.000,0.000
100,3,1.029,1.029,1.029,0.033,0.033,0.033,0.000,0.000
100,3,1.106,1.106,1.106,0.030,0.030,0.030,0.000,0.000
100,3,1.081,1.081,1.081,0.029,0.029,0.029,0.000,0.000
100,3,1.075,1.075,1.075,0.027,0.027,0.027,0.000,0.000
100,3,1.073,1.073,1.073,0.032,0.032,0.032,0.000,0.000
100,3,1.050,1.050,1.050,0.029,0.029,0.029,0.000,0.000
100,3,1.077,1.077,1.077,0.033,0.033,0.033,0.000,0.000
100,3,1.067,1.067,1.067,0.035,0.035,0.035,0.000,0.000
100,3,1.200,1.200,1.200,0.026,0.026,0.026,0.000,0.000
100,3,1.091,1.091,1.091,0.036,0.036,0.036,0.000,0.000
100,3,1.163,1.163,1.163,0.030,0.030,0.030,0.000,0.000
100,3,1.161,1.161,1.161,0.027,0.027,0.027,0.000,0.000
100,3,1.113,1.113,1.113,0.028,0.028,0.028,0.000,0.000
100,3,1.099,1.099,1.099,0.031,0.031,0.031,0.000,0.000
100,3,1.152,1.152,1.152,0.032,0.032,0.032,0.000,0.000
100,3,1.135,1.135,1.135,0.038,0.038,0.038,0.000,0.000
100,3,1.162,1.162,1.162,0.027,0.027,0.027,0.000,0.000
100,3,1.241,1.241,1.241,0.030,0.030,0.030,0.000,0.000
100,3,1.071,1.071,1.071,0.034,0.034,0.034,0.000,0.000
100,3,1.080,1.080,1.080,0.027,0.027,0.027,0.000,0.000
100,3,1.191,1.191,1.191,0.029,0.029,0.029,0.000,0.000
100,3,1.092,1.092,1.092,0.028,0.028,0.028,0.000,0.000
100,3,1.041,1.041,1.041,0.031,0.031,0.031,0.000,0.000
100,3,1.093,1.093,1.093,0.031,0.031,0.031,0.000,0.000
100,3,1.094,1.094,1.094,0.027,0.027,0.027,0.000,0.000
100,3,1.177,1.177,1.177,0.033,0.033,0.033,0.000,0.000
100,3,1.027,1.027,1.027,0.029,0.029,0.029,0.000,0.000
100,3,1.204,1.204,1.204,0.029,0.029,0.029,0.000,0.000
100,3,1.103,1.103,1.103,0.029,0.029,0.029,0.000,0.000
100,3,1.213,1.213,1.213,0.027,0.027,0.027,0.000,0.000
100,3,1.199,1.199,1.199,0.026,0.026,0.026,0.000,0.000
100,3,1.142,1.142,1.142,0.028,0.028,0.028,0.000,0.000
100,3,1.083,1.083,1.083,0.028,0.028,0.028,0.000,0.000
100,3,1.088,1.088,1.088,0.026,0.026,0.026,0.000,0.000
100,3,1.020,1.020,1.020,0.039,0.039,0.039,0.000,0.000
100,3,1.041,1.041,1.041,0.027,0.027,0.027,0.000,0.000
100,3,1.123,1.123,1.123,0.028,0.028,0.028,0.000,0.000
100,3,1.094,1.094,1.094,0.026,0.026,0.026,0.000,0.000
100,3,1.116,1.116,1.116,0.028,0.028,0.028,0.000,0.000
100,3,1.153,1.153,1.153,0.027,0.027,0.027,0.000,0.000
100,3,1.090,1.090,1.090,0.034,0.034,0.034,0.000,0.000
100,3,1.061,1.061,1.061,0.028,0.028,0.028,0.000,0.000
100,3,1.043,1.043,1.043,0.028,0.028,0.028,0.000,0.000
100,3,1.056,1.056,1.056,0.039,0.039,0.039,0.000,0.000
100,3,1.365,1.365,1.365,0.032,0.032,0.032,0.000,0.000
100,3,1.042,1.042,1.042,0.031,0.031,0.031,0.000,0.000
100,3,1.026,1.026,1.026,0.028,0.028,0.028,0.000,0.000
100,3,1.331,1.331,1.331,0.028,0.028,0.028,0.000,0.000
100,3,1.082,1.082,1.082,0.028,0.028,0.028,0.000,0.000
100,3,1.048,1.048,1.048,0.037,0.037,0.037,0.000,0.000
100,3,1.109,1.109,1.109,0.029,0.029,0.029,0.000,0.000
100,3,1.035,1.035,1.035,0.035,0.035,0.035,0.000,0.000
100,3,1.011,1.011,1.011,0.031,0.031,0.031,0.000,0.000
100,3,1.084,1.084,1.084,0.032,0.032,0.032,0.000,0.000
100,3,1.151,1.151,1.151,0.027,0.027,0.027,0.000,0.000
100,3,1.110,1.110,1.110,0.027,0.027,0.027,0.000,0.000
100,3,1.045,1.045,1.045,0.034,0.034,0.034,0.000,0.000
100,3,1.035,1.035,1.035,0.028,0.028,0.028,0.000,0.000
100,3,1.022,1.022,1.022,0.026,0.026,0.026,0.000,0.000
100,3,1.091,1.091,1.091,0.032,0.032,0.032,0.000,0.000
100,3,1.126,1.126,1.126,0.027,0.027,0.027,0.000,0.000
100,3,1.151,1.151,1.151,0.027,0.027,0.027,0.000,0.000
100,3,1.165,1.165,1.165,0.031,0.031,0.031,0.000,0.000
100,3,1.137,1.137,1.137,0.029,0.029,0.029,0.000,0.000
100,3,1.160,1.160,1.160,0.027,0.027,0.027,0.000,0.000
100,3,1.183,1.183,1.183,0.031,0.031,0.031,0.000,0.000
100,3,1.177,1.177,1.177,0.028,0.028,0.028,0.000,0.000
100,3,1.083,1.083,1.083,0.029,0.029,0.029,0.000,0.000
100,3,1.101,1.101,1.101,0.030,0.030,0.030,0.000,0.000
100,3,1.048,1.048,1.048,0.030,0.030,0.030,0.000,0.000
100,3,1.184,1.184,1.184,0.028,0.028,0.028,0.000,0.000
100,3,1.070,1.070,1.070,0.027,0.027,0.027,0.000,0.000
100,3,1.045,1.045,1.045,0.031,0.031,0.031,0.000,0.000
100,3,1.014,1.014,1.014,0.031,0.031,0.031,0.000,0.000
100,3,1.100,1.100,1.100,0.028,0.028,0.028,0.000,0.000
100,3,1.054,1.054,1.054,0.031,0.031,0.031,0.000,0.000
100,3,1.254,1.254,1.254,0.035,0.035,0.035,0.000,0.000
100,3,1.165,1.165,1.165,0.028,0.028,0.028,0.000,0.000
100,3,1.232,1.232,1.232,0.027,0.027,0.027,0.000,0.000
100,3,1.064,1.064,1.064,0.039,0.039,0.039,0.000,0.000
100,3,1.060,1.060,1.060,0.029,0.029,0.029,0.000,0.000
100,3,1.166,1.166,1.166,0.026,0.026,0.026,0.000,0.000
100,3,1.090,1.090,1.090,0.031,0.031,0.031,0.000,0.000
100,3,1.090,1.090,1.090,0.032,0.032,0.032,0.000,0.000
100,3,1.071,1.071,1.071,0.029,0.029,0.029,0.000,0.000
100,3,1.111,1.111,1.111,0.046,0.046,0.046,0.000,0.000
100,3,1.006,1.006,1.006,0.027,0.027,0.027,0.000,0.000
100,3,1.131,1.131,1.131,0.029,0.029,0.029,0.000,0.000
100,3,1.046,1.046,1.046,0.029,0.029,0.029,0.000,0.000
100,3,1.177,1.177,1.177,0.027,0.027,0.027,0.000,0.000
100,3,1.006,1.006,1.006,0.027,0.027,0.027,0.000,0.000
100,3,1.176,1.176,1.176,0.030,0.030,0.030,0.000,0.000
100,3,1.129,1.129,1.129,0.031,0.031,0.031,0.000,0.000
100,3,1.103,1.103,1.103,0.028,0.028,0.028,0.000,0.000
100,3,1.118,1.118,1.118,0.026,0.026,0.026,0.000,0.000
100,3,1.086,1.086,1.086,0.027,0.027,0.027,0.000,0.000
100,4,1.156,1.156,1.156,0.029,0.029,0.029,0.000,0.000
100,4,1.060,1.060,1.060,0.032,0.032,0.032,0.000,0.000
100,4,1.104,1.104,1.104,0.031,0.031,0.031,0.000,0.000
100,4,1.039,1.039,1.039,0.030,0.030,0.030,0.000,0.000
100,4,1.219,1.219,1.219,0.033,0.033,0.033,0.000,0.000
100,4,1.071,1.071,1.071,0.034,0.034,0.034,0.000,0.000
100,4,1.110,1.110,1.110,0.030,0.030,0.030,0.000,0.000
100,4,1.178,1.178,1.178,0.036,0.036,0.036,0.000,0.000
100,4,1.180,1.180,1.180,0.034,0.034,0.034,0.000,0.000
100,4,1.025,1.025,1.025,0.032,0.032,0.032,0.000,0.000
100,4,1.143,1.143,1.143,0.027,0.027,0.027,0.000,0.000
100,4,1.154,1.154,1.154,0.033,0.033,0.033,0.000,0.000
100,4,1.259,1.259,1.259,0.034,0.034,0.034,0.000,0.000
100,4,1.124,1.124,1.124,0.029,0.029,0.029,0.000,0.000
100,4,1.152,1.152,1.152,0.030,0.030,0.030,0.000,0.000
100,4,1.141,1.141,1.141,0.027,0.027,0.027,0.000,0.000
100,4,1.131,1.131,1.131,0.036,0.036,0.036,0.000,0.000
100,4,1.164,1.164,1.164,0.035,0.035,0.035,0.000,0.000
100,4,1.131,1.131,1.131,0.031,0.031,0.031,0.000,0.000
100,4,1.130,1.130,1.130,0.032,0.032,0.032,0.000,0.000
100,4,1.058,1.058,1.058,0.030,0.030,0.030,0.000,0.000
100,4,1.082,1.082,1.082,0.026,0.026,0.026,0.000,0.000
100,4,1.047,1.047,1.047,0.028,0.028,0.028,0.000,0.000
100,4,1.253,1.253,1.253,0.027,0.027,0.027,0.000,0.000
100,4,1.068,1.068,1.068,0.027,0.027,0.027,0.000,0.000
100,4,1.100,1.100,1.100,0.035,0.035,0.035,0.000,0.000
100,4,1.115,1.115,1.115,0.031,0.031,0.031,0.000,0.000
100,4,1.139,1.139,1.139,0.029,0.029,0.029,0.000,0.000
100,4,1.064,1.064,1.064,0.027,0.027,0.027,0.000,0.000
100,4,1.035,1.035,1.035,0.027,0.027,0.027,0.000,0.000
100,4,1.088,1.088,1.088,0.028,0.028,0.028,0.000,0.000
100,4,1.087,1.087,1.087,0.036,0.036,0.036,0.000,0.000
100,4,1.086,1.086,1.086,0.027,0.027,0.027,0.000,0.000
100,4,1.076,1.076,1.076,0.027,0.027,0.027,0.000,0.000
100,4,1.098,1.098,1.098,0.033,0.033,0.033,0.000,0.000
100,4,1.099,1.099,1.099,0.026,0.026,0.026,0.000,0.000
100,4,1.124,1.124,1.124,0.029,0.029,0.029,0.000,0.000
100,4,1.040,1.040,1.040,0.029,0.029,0.029,0.000,0.000
100,4,1.086,1.086,1.086,0.027,0.027,0.027,0.000,0.000
100,4,1.096,1.096,1.096,0.030,0.030,0.030,0.000,0.000
100,4,1.067,1.067,1.067,0.028,0.028,0.028,0.000,0.000
100,4,1.140,1.140,1.140,0.029,0.029,0.029,0.000,0.000
100,4,1.205,1.205,1.205,0.032,0.032,0.032,0.000,0.000
100,4,1.097,1.097,1.097,0.029,0.029,0.029,0.000,0.000
100,4,1.076,1.076,1.076,0.033,0.033,0.033,0.000,0.000
100,4,1.117,1.117,1.117,0.032,0.032,0.032,0.000,0.000
100,4,1.160,1.160,1.160,0.037,0.037,0.037,0.000,0.000
100,4,1.047,1.047,1.047,0.027,0.027,0.027,0.000,0.000
100,4,1.129,1.129,1.129,0.028,0.028,0.028,0.000,0.000
100,4,1.222,1.222,1.222,0.028,0.028,0.028,0.000,0.000
100,4,1.071,1.071,1.071,0.027,0.027,0.027,0.000,0.000
100,4,1.053,1.053,1.053,0.027,0.027,0.027,0.000,0.000
100,4,1.123,1.123,1.123,0.035,0.035,0.035,0.000,0.000
100,4,1.196,1.196,1.196,0.028,0.028,0.028,0.000,0.000
100,4,1.188,1.188,1.188,0.028,0.028,0.028,0.000,0.000
100,4,1.060,1.060,1.060,0.027,0.027,0.027,0.000,0.000
100,4,1.085,1.085,1.085,0.032,0.032,0.032,0.000,0.000
100,4,1.061,1.061,1.061,0.028,0.028,0.028,0.000,0.000
100,4,1.107,1.107,1.107,0.028,0.028,0.028,0.000,0.000
100,4,1.134,1.134,1.134,0.027,0.027,0.027,0.000,0.000
100,4,1.085,1.085,1.085,0.031,0.031,0.031,0.000,0.000
100,4,1.131,1.131,1.131,0.036,0.036,0.036,0.000,0.000
100,4,1.157,1.157,1.157,0.032,0.032,0.032,0.000,0.000
100,4,1.244,1.244,1.244,0.031,0.031,0.031,0.000,0.000
100,4,1.174,1.174,1.174,0.031,0.031,0.031,0.000,0.000
100,4,1.058,1.058,1.058,0.027,0.027,0.027,0.000,0.000
100,4,1.136,1.136,1.136,0.027,0.027,0.027,0.000,0.000
100,4,1.225,1.225,1.225,0.027,0.027,0.027,0.000,0.000
100,4,1.104,1.104,1.104,0.027,0.027,0.027,0.000,0.000
100,4,1.092,1.092,1.092,0.026,0.026,0.026,0.000,0.000
100,4,1.047,1.047,1.047,0.028,0.028,0.028,0.000,0.000
100,4,1.036,1.036,1.036,0.040,0.040,0.040,0.000,0.000
100,4,1.190,1.190,1.190,0.031,0.031,0.031,0.000,0.000
100,4,1.084,1.084,1.084,0.033,0.033,0.033,0.000,0.000
100,4,1.074,1.074,1.074,0.027,0.027,0.027,0.000,0.000
100,4,1.088,1.088,1.088,0.028,0.028,0.028,0.000,0.000
100,4,1.230,1.230,1.230,0.029,0.029,0.029,0.000,0.000
100,4,1.198,1.198,1.198,0.028,0.028,0.028,0.000,0.000
100,4,1.070,1.070,1.070,0.033,0.033,0.033,0.000,0.000
100,4,1.127,1.127,1.127,0.027,0.027,0.027,0.000,0.000
100,4,1.147,1.147,1.147,0.028,0.028,0.028,0.000,0.000
100,4,1.112,1.112,1.112,0.028,0.028,0.028,0.000,0.000
100,4,1.065,1.065,1.065,0.033,0.033,0.033,0.000,0.000
100,4,1.080,1.080,1.080,0.028,0.028,0.028,0.000,0.000
100,4,1.143,1.143,1.143,0.028,0.028,0.028,0.000,0.000
100,4,1.134,1.134,1.134,0.031,0.031,0.031,0.000,0.000
100,4,1.029,1.029,1.029,0.028,0.028,0.028,0.000,0.000
100,4,1.096,1.096,1.096,0.030,0.030,0.030,0.000,0.000
100,4,1.120,1.120,1.120,0.030,0.030,0.030,0.000,0.000
100,4,1.138,1.138,1.138,0.028,0.028,0.028,0.000,0.000
100,4,1.184,1.184,1.184,0.031,0.031,0.031,0.000,0.000
100,4,1.138,1.138,1.138,0.032,0.032,0.032,0.000,0.000
100,4,1.084,1.084,1.084,0.030,0.030,0.030,0.000,0.000
100,4,1.079,1.079,1.079,0.028,0.028,0.028,0.000,0.000
100,4,1.070,1.070,1.070,0.041,0.041,0.041,0.000,0.000
100,4,1.036,1.036,1.036,0.027,0.027,0.027,0.000,0.000
100,4,1.083,1.083,1.083,0.030,0.030,0.030,0.000,0.000
100,4,1.100,1.100,1.100,0.028,0.028,0.028,0.000,0.000
100,4,1.004,1.004,1.004,0.029,0.029,0.029,0.000,0.000
100,4,1.160,1.160,1.160,0.030,0.030,0.030,0.000,0.000
100,5,1.152,1.152,1.152,0.029,0.029,0.029,0.000,0.000
100,5,1.119,1.119,1.119,0.026,0.026,0.026,0.000,0.000
100,5,1.102,1.102,1.102,0.027,0.027,0.027,0.000,0.000
100,5,1.208,1.208,1.208,0.029,0.029,0.029,0.000,0.000
100,5,1.223,1.223,1.223,0.039,0.039,0.039,0.000,0.000
100,5,1.063,1.063,1.063,0.030,0.030,0.030,0.000,0.000
100,5,1.086,1.086,1.086,0.028,0.028,0.028,0.000,0.000
100,5,1.183,1.183,1.183,0.028,0.028,0.028,0.000,0.000
100,5,1.201,1.201,1.201,0.032,0.032,0.032,0.000,0.000
100,5,1.108,1.108,1.108,0.027,0.027,0.027,0.000,0.000
100,5,1.080,1.080,1.080,0.033,0.033,0.033,0.000,0.000
100,5,1.121,1.121,1.121,0.033,0.033,0.033,0.000,0.000
100,5,1.090,1.090,1.090,0.031,0.031,0.031,0.000,0.000
100,5,1.143,1.143,1.143,0.037,0.037,0.037,0.000,0.000
100,5,1.194,1.194,1.194,0.028,0.028,0.028,0.000,0.000
100,5,1.141,1.141,1.141,0.037,0.037,0.037,0.000,0.000
100,5,1.064,1.064,1.064,0.030,0.030,0.030,0.000,0.000
100,5,1.100,1.100,1.100,0.029,0.029,0.029,0.000,0.000
100,5,1.103,1.103,1.103,0.034,0.034,0.034,0.000,0.000
100,5,1.132,1.132,1.132,0.030,0.030,0.030,0.000,0.000
100,5,1.099,1.099,1.099,0.029,0.029,0.029,0.000,0.000
100,5,1.048,1.048,1.048,0.031,0.031,0.031,0.000,0.000
100,5,1.158,1.158,1.158,0.029,0.029,0.029,0.000,0.000
100,5,1.068,1.068,1.068,0.027,0.027,0.027,0.000,0.000
100,5,1.086,1.086,1.086,0.028,0.028,0.028,0.000,0.000
100,5,1.101,1.101,1.101,0.027,0.027,0.027,0.000,0.000
100,5,1.181,1.181,1.181,0.034,0.034,0.034,0.000,0.000
100,5,1.044,1.044,1.044,0.030,0.030,0.030,0.000,0.000
100,5,1.080,1.080,1.080,0.026,0.026,0.026,0.000,0.000
100,5,1.171,1.171,1.171,0.035,0.035,0.035,0.000,0.000
100,5,1.117,1.117,1.117,0.027,0.027,0.027,0.000,0.000
100,5,1.142,1.142,1.142,0.034,0.034,0.034,0.000,0.000
100,5,1.093,1.093,1.093,0.027,0.027,0.027,0.000,0.000
100,5,1.107,1.107,1.107,0.034,0.034,0.034,0.000,0.000
100,5,1.083,1.083,1.083,0.036,0.036,0.036,0.000,0.000
100,5,1.213,1.213,1.213,0.035,0.035,0.035,0.000,0.000
100,5,1.073,1.073,1.073,0.027,0.027,0.027,0.000,0.000
100,5,1.127,1.127,1.127,0.029,0.029,0.029,0.000,0.000
100,5,1.086,1.086,1.086,0.027,0.027,0.027,0.000,0.000
100,5,1.184,1.184,1.184,0.029,0.029,0.029,0.000,0.000
100,5,1.067,1.067,1.067,0.038,0.038,0.038,0.000,0.000
100,5,1.264,1.264,1.264,0.030,0.030,0.030,0.000,0.000
100,5,1.095,1.095,1.095,0.031,0.031,0.031,0.000,0.000
100,5,1.151,1.151,1.151,0.036,0.036,0.036,0.000,0.000
100,5,1.197,1.197,1.197,0.034,0.034,0.034,0.000,0.000
100,5,1.102,1.102,1.102,0.032,0.032,0.032,0.000,0.000
100,5,1.072,1.072,1.072,0.034,0.034,0.034,0.000,0.000
100,5,1.260,1.260,1.260,0.032,0.032,0.032,0.000,0.000
100,5,1.113,1.113,1.113,0.031,0.031,0.031,0.000,0.000
100,5,1.112,1.112,1.112,0.030,0.030,0.030,0.000,0.000
100,5,1.217,1.217,1.217,0.029,0.029,0.029,0.000,0.000
100,5,1.179,1.179,1.179,0.027,0.027,0.027,0.000,0.000
100,5,1.118,1.118,1.118,0.029,0.029,0.029,0.000,0.000
100,5,1.100,1.100,1.100,0.031,0.031,0.031,0.000,0.000
100,5,1.127,1.127,1.127,0.031,0.031,0.031,0.000,0.000
100,5,1.104,1.104,1.104,0.030,0.030,0.030,0.000,0.000
100,5,1.198,1.198,1.198,0.032,0.032,0.032,0.000,0.000
100,5,1.031,1.031,1.031,0.030,0.030,0.030,0.000,0.000
100,5,1.093,1.093,1.093,0.028,0.028,0.028,0.000,0.000
100,5,1.048,1.048,1.048,0.028,0.028,0.028,0.000,0.000
100,5,1.050,1.050,1.050,0.030,0.030,0.030,0.000,0.000
100,5,1.132,1.132,1.132,0.029,0.029,0.029,0.000,0.000
100,5,1.073,1.073,1.073,0.027,0.027,0.027,0.000,0.000
100,5,1.126,1.126,1.126,0.029,0.029,0.029,0.000,0.000
100,5,1.105,1.105,1.105,0.029,0.029,0.029,0.000,0.000
100,5,1.121,1.121,1.121,0.026,0.026,0.026,0.000,0.000
100,5,1.098,1.098,1.098,0.030,0.030,0.030,0.000,0.000
100,5,1.105,1.105,1.105,0.032,0.032,0.032,0.000,0.000
100,5,1.072,1.072,1.072,0.029,0.029,0.029,0.000,0.000
100,5,1.183,1.183,1.183,0.031,0.031,0.031,0.000,0.000
100,5,1.186,1.186,1.186,0.035,0.035,0.035,0.000,0.000
100,5,1.148,1.148,1.148,0.028,0.028,0.028,0.000,0.000
100,5,1.074,1.074,1.074,0.027,0.027,0.027,0.000,0.000
100,5,1.023,1.023,1.023,0.031,0.031,0.031,0.000,0.000
100,5,1.147,1.147,1.147,0.027,0.027,0.027,0.000,0.000
100,5,1.090,1.090,1.090,0.027,0.027,0.027,0.000,0.000
100,5,1.057,1.057,1.057,0.029,0.029,0.029,0.000,0.000
100,5,1.187,1.187,1.187,0.033,0.033,0.033,0.000,0.000
100,5,1.071,1.071,1.071,0.032,0.032,0.032,0.000,0.000
100,5,1.152,1.152,1.152,0.029,0.029,0.029,0.000,0.000
100,5,1.109,1.109,1.109,0.030,0.030,0.030,0.000,0.000
100,5,1.065,1.065,1.065,0.030,0.030,0.030,0.000,0.000
100,5,1.137,1.137,1.137,0.028,0.028,0.028,0.000,0.000
100,5,1.053,1.053,1.053,0.032,0.032,0.032,0.000,0.000
100,5,1.126,1.126,1.126,0.030,0.030,0.030,0.000,0.000
100,5,1.156,1.156,1.156,0.027,0.027,0.027,0.000,0.000
100,5,1.112,1.112,1.112,0.028,0.028,0.028,0.000,0.000
100,5,1.076,1.076,1.076,0.026,0.026,0.026,0.000,0.000
100,5,1.088,1.088,1.088,0.030,0.030,0.030,0.000,0.000
100,5,1.082,1.082,1.082,0.028,0.028,0.028,0.000,0.000
100,5,1.072,1.072,1.072,0.027,0.027,0.027,0.000,0.000
100,5,1.107,1.107,1.107,0.029,0.029,0.029,0.000,0.000
100,5,1.143,1.143,1.143,0.031,0.031,0.031,0.000,0.000
100,5,1.043,1.043,1.043,0.026,0.026,0.026,0.000,0.000
100,5,1.116,1.116,1.116,0.026,0.026,0.026,0.000,0.000
100,5,1.060,1.060,1.060,0.027,0.027,0.027,0.000,0.000
100,5,1.156,1.156,1.156,0.028,0.028,0.028,0.000,0.000
100,5,1.071,1.071,1.071,0.031,0.031,0.031,0.000,0.000
100,5,1.090,1.090,1.090,0.028,0.028,0.028,0.000,0.000
100,5,1.174,1.174,1.174,0.027,0.027,0.027,0.000,0.000
100,6,1.163,1.163,1.163,0.027,0.027,0.027,0.000,0.000
100,6,1.077,1.077,1.077,0.031,0.031,0.031,0.000,0.000
100,6,1.121,1.121,1.121,0.028,0.028,0.028,0.000,0.000
100,6,1.148,1.148,1.148,0.029,0.029,0.029,0.000,0.000
100,6,1.141,1.141,1.141,0.034,0.034,0.034,0.000,0.000
100,6,1.139,1.139,1.139,0.031,0.031,0.031,0.000,0.000
100,6,1.076,1.076,1.076,0.026,0.026,0.026,0.000,0.000
100,6,1.242,1.242,1.242,0.029,0.029,0.029,0.000,0.000
100,6,1.086,1.086,1.086,0.026,0.026,0.026,0.000,0.000
100,6,1.121,1.121,1.121,0.029,0.029,0.029,0.000,0.000
100,6,1.136,1.136,1.136,0.036,0.036,0.036,0.000,0.000
100,6,1.135,1.135,1.135,0.038,0.038,0.038,0.000,0.000
100,6,1.114,1.114,1.114,0.029,0.029,0.029,0.000,0.000
100,6,1.209,1.209,1.209,0.028,0.028,0.028,0.000,0.000
100,6,1.157,1.157,1.157,0.034,0.034,0.034,0.000,0.000
100,6,1.124,1.124,1.124,0.032,0.032,0.032,0.000,0.000
100,6,1.031,1.031,1.031,0.029,0.029,0.029,0.000,0.000
100,6,1.104,1.104,1.104,0.033,0.033,0.033,0.000,0.000
100,6,1.118,1.118,1.118,0.034,0.034,0.034,0.000,0.000
100,6,1.094,1.094,1.094,0.031,0.031,0.031,0.000,0.000
100,6,1.091,1.091,1.091,0.029,0.029,0.029,0.000,0.000
100,6,1.144,1.144,1.144,0.032,0.032,0.032,0.000,0.000
100,6,1.115,1.115,1.115,0.027,0.027,0.027,0.000,0.000
100,6,1.220,1.220,1.220,0.030,0.030,0.030,0.000,0.000
100,6,1.092,1.092,1.092,0.031,0.031,0.031,0.000,0.000
100,6,1.089,1.089,1.089,0.030,0.030,0.030,0.000,0.000
100,6,1.014,1.014,1.014,0.028,0.028,0.028,0.000,0.000
100,6,1.173,1.173,1.173,0.026,0.026,0.026,0.000,0.000
100,6,1.073,1.073,1.073,0.033,0.033,0.033,0.000,0.000
100,6,1.181,1.181,1.181,0.035,0.035,0.035,0.000,0.000
100,6,1.087,1.087,1.087,0.027,0.027,0.027,0.000,0.000
100,6,1.123,1.123,1.123,0.029,0.029,0.029,0.000,0.000
100,6,1.135,1.135,1.135,0.033,0.033,0.033,0.000,0.000
100,6,1.102,1.102,1.102,0.031,0.031,0.031,0.000,0.000
100,6,1.118,1.118,1.118,0.034,0.034,0.034,0.000,0.000
100,6,1.086,1.086,1.086,0.029,0.029,0.029,0.000,0.000
100,6,1.057,1.057,1.057,0.031,0.031,0.031,0.000,0.000
100,6,1.107,1.107,1.107,0.027,0.027,0.027,0.000,0.000
100,6,1.191,1.191,1.191,0.032,0.032,0.032,0.000,0.000
100,6,1.120,1.120,1.120,0.029,0.029,0.029,0.000,0.000
100,6,1.152,1.152,1.152,0.033,0.033,0.033,0.000,0.000
100,6,1.078,1.078,1.078,0.032,0.032,0.032,0.000,0.000
100,6,1.074,1.074,1.074,0.027,0.027,0.027,0.000,0.000
100,6,1.024,1.024,1.024,0.036,0.036,0.036,0.000,0.000
100,6,1.106,1.106,1.106,0.027,0.027,0.027,0.000,0.000
100,6,1.038,1.038,1.038,0.029,0.029,0.029,0.000,0.000
100,6,1.067,1.067,1.067,0.035,0.035,0.035,0.000,0.000
100,6,1.147,1.147,1.147,0.032,0.032,0.032,0.000,0.000
100,6,1.040,1.040,1.040,0.028,0.028,0.028,0.000,0.000
100,6,1.077,1.077,1.077,0.030,0.030,0.030,0.000,0.000
100,6,1.207,1.207,1.207,0.030,0.030,0.030,0.000,0.000
100,6,1.078,1.078,1.078,0.034,0.034,0.034,0.000,0.000
100,6,1.113,1.113,1.113,0.029,0.029,0.029,0.000,0.000
100,6,1.059,1.059,1.059,0.028,0.028,0.028,0.000,0.000
100,6,1.218,1.218,1.218,0.034,0.034,0.034,0.000,0.000
100,6,1.117,1.117,1.117,0.036,0.036,0.036,0.000,0.000
100,6,1.084,1.084,1.084,0.027,0.027,0.027,0.000,0.000
100,6,1.135,1.135,1.135,0.029,0.029,0.029,0.000,0.000
100,6,1.133,1.133,1.133,0.027,0.027,0.027,0.000,0.000
100,6,1.086,1.086,1.086,0.027,0.027,0.027,0.000,0.000
100,6,1.026,1.026,1.026,0.034,0.034,0.034,0.000,0.000
100,6,1.085,1.085,1.085,0.026,0.026,0.026,0.000,0.000
100,6,1.078,1.078,1.078,0.030,0.030,0.030,0.000,0.000
100,6,1.117,1.117,1.117,0.029,0.029,0.029,0.000,0.000
100,6,1.105,1.105,1.105,0.030,0.030,0.030,0.000,0.000
100,6,1.105,1.105,1.105,0.027,0.027,0.027,0.000,0.000
100,6,1.038,1.038,1.038,0.027,0.027,0.027,0.000,0.000
100,6,1.139,1.139,1.139,0.029,0.029,0.029,0.000,0.000
100,6,1.147,1.147,1.147,0.034,0.034,0.034,0.000,0.000
100,6,1.108,1.108,1.108,0.038,0.038,0.038,0.000,0.000
100,6,1.193,1.193,1.193,0.030,0.030,0.030,0.000,0.000
100,6,1.140,1.140,1.140,0.030,0.030,0.030,0.000,0.000
100,6,1.137,1.137,1.137,0.027,0.027,0.027,0.000,0.000
100,6,1.067,1.067,1.067,0.027,0.027,0.027,0.000,0.000
100,6,1.054,1.054,1.054,0.032,0.032,0.032,0.000,0.000
100,6,1.067,1.067,1.067,0.028,0.028,0.028,0.000,0.000
100,6,1.097,1.097,1.097,0.027,0.027,0.027,0.000,0.000
100,6,1.121,1.121,1.121,0.032,0.032,0.032,0.000,0.000
100,6,1.090,1.090,1.090,0.029,0.029,0.029,0.000,0.000
100,6,1.034,1.034,1.034,0.032,0.032,0.032,0.000,0.000
100,6,1.113,1.113,1.113,0.038,0.038,0.038,0.000,0.000
100,6,1.089,1.089,1.089,0.030,0.030,0.030,0.000,0.000
100,6,1.212,1.212,1.212,0.027,0.027,0.027,0.000,0.000
100,6,1.043,1.043,1.043,0.029,0.029,0.029,0.000,0.000
100,6,1.037,1.037,1.037,0.032,0.032,0.032,0.000,0.000
100,6,1.062,1.062,1.062,0.027,0.027,0.027,0.000,0.000
100,6,1.098,1.098,1.098,0.029,0.029,0.029,0.000,0.000
100,6,1.082,1.082,1.082,0.027,0.027,0.027,0.000,0.000
100,6,1.039,1.039,1.039,0.029,0.029,0.029,0.000,0.000
100,6,1.081,1.081,1.081,0.028,0.028,0.028,0.000,0.000
100,6,1.087,1.087,1.087,0.030,0.030,0.030,0.000,0.000
100,6,1.082,1.082,1.082,0.027,0.027,0.027,0.000,0.000
100,6,1.110,1.110,1.110,0.038,0.038,0.038,0.000,0.000
100,6,1.161,1.161,1.161,0.045,0.045,0.045,0.000,0.000
100,6,1.052,1.052,1.052,0.027,0.027,0.027,0.000,0.000
100,6,1.124,1.124,1.124,0.033,0.033,0.033,0.000,0.000
100,6,1.193,1.193,1.193,0.033,0.033,0.033,0.000,0.000
100,6,1.079,1.079,1.079,0.027,0.027,0.027,0.000,0.000
100,6,1.122,1.122,1.122,0.028,0.028,0.028,0.000,0.000
100,6,1.096,1.096,1.096,0.028,0.028,0.028,0.000,0.000
100,7,1.075,1.075,1.075,0.027,0.027,0.027,0.000,0.000
100,7,1.112,1.112,1.112,0.029,0.029,0.029,0.000,0.000
100,7,1.172,1.172,1.172,0.031,0.031,0.031,0.000,0.000
100,7,1.060,1.060,1.060,0.034,0.034,0.034,0.000,0.000
100,7,1.069,1.069,1.069,0.028,0.028,0.028,0.000,0.000
100,7,1.133,1.133,1.133,0.033,0.033,0.033,0.000,0.000
100,7,1.212,1.212,1.212,0.041,0.041,0.041,0.000,0.000
100,7,1.112,1.112,1.112,0.027,0.027,0.027,0.000,0.000
100,7,1.132,1.132,1.132,0.027,0.027,0.027,0.000,0.000
100,7,1.122,1.122,1.122,0.027,0.027,0.027,0.000,0.000
100,7,1.086,1.086,1.086,0.031,0.031,0.031,0.000,0.000
100,7,1.104,1.104,1.104,0.026,0.026,0.026,0.000,0.000
100,7,1.122,1.122,1.122,0.033,0.033,0.033,0.000,0.000
100,7,1.205,1.205,1.205,0.027,0.027,0.027,0.000,0.000
100,7,1.150,1.150,1.150,0.031,0.031,0.031,0.000,0.000
100,7,1.146,1.146,1.146,0.036,0.036,0.036,0.000,0.000
100,7,1.126,1.126,1.126,0.030,0.030,0.030,0.000,0.000
100,7,1.068,1.068,1.068,0.035,0.035,0.035,0.000,0.000
100,7,1.081,1.081,1.081,0.033,0.033,0.033,0.000,0.000
100,7,1.122,1.122,1.122,0.034,0.034,0.034,0.000,0.000
100,7,1.054,1.054,1.054,0.028,0.028,0.028,0.000,0.000
100,7,1.276,1.276,1.276,0.032,0.032,0.032,0.000,0.000
100,7,1.109,1.109,1.109,0.037,0.037,0.037,0.000,0.000
100,7,1.094,1.094,1.094,0.030,0.030,0.030,0.000,0.000
100,7,1.044,1.044,1.044,0.033,0.033,0.033,0.000,0.000
100,7,1.090,1.090,1.090,0.028,0.028,0.028,0.000,0.000
100,7,1.063,1.063,1.063,0.042,0.042,0.042,0.000,0.000
100,7,1.101,1.101,1.101,0.031,0.031,0.031,0.000,0.000
100,7,1.103,1.103,1.103,0.026,0.026,0.026,0.000,0.000
100,7,1.092,1.092,1.092,0.035,0.035,0.035,0.000,0.000
100,7,1.100,1.100,1.100,0.033,0.033,0.033,0.000,0.000
100,7,1.065,1.065,1.065,0.032,0.032,0.032,0.000,0.000
100,7,1.248,1.248,1.248,0.037,0.037,0.037,0.000,0.000
100,7,1.135,1.135,1.135,0.027,0.027,0.027,0.000,0.000
100,7,1.170,1.170,1.170,0.039,0.039,0.039,0.000,0.000
100,7,1.212,1.212,1.212,0.030,0.030,0.030,0.000,0.000
100,7,1.112,1.112,1.112,0.038,0.038,0.038,0.000,0.000
100,7,1.084,1.084,1.084,0.032,0.032,0.032,0.000,0.000
100,7,1.100,1.100,1.100,0.032,0.032,0.032,0.000,0.000
100,7,1.084,1.084,1.084,0.031,0.031,0.031,0.000,0.000
100,7,1.099,1.099,1.099,0.030,0.030,0.030,0.000,0.000
100,7,1.126,1.126,1.126,0.036,0.036,0.036,0.000,0.000
100,7,1.106,1.106,1.106,0.026,0.026,0.026,0.000,0.000
100,7,1.080,1.080,1.080,0.037,0.037,0.037,0.000,0.000
100,7,1.136,1.136,1.136,0.034,0.034,0.034,0.000,0.000
100,7,1.038,1.038,1.038,0.030,0.030,0.030,0.000,0.000
100,7,1.073,1.073,1.073,0.045,0.045,0.045,0.000,0.000
100,7,1.049,1.049,1.049,0.035,0.035,0.035,0.000,0.000
100,7,1.131,1.131,1.131,0.037,0.037,0.037,0.000,0.000
100,7,1.079,1.079,1.079,0.029,0.029,0.029,0.000,0.000
100,7,1.193,1.193,1.193,0.031,0.031,0.031,0.000,0.000
100,7,1.164,1.164,1.164,0.028,0.028,0.028,0.000,0.000
100,7,1.076,1.076,1.076,0.031,0.031,0.031,0.000,0.000
100,7,1.110,1.110,1.110,0.028,0.028,0.028,0.000,0.000
100,7,1.107,1.107,1.107,0.030,0.030,0.030,0.000,0.000
100,7,1.053,1.053,1.053,0.027,0.027,0.027,0.000,0.000
100,7,1.144,1.144,1.144,0.029,0.029,0.029,0.000,0.000
100,7,1.170,1.170,1.170,0.026,0.026,0.026,0.000,0.000
100,7,1.043,1.043,1.043,0.026,0.026,0.026,0.000,0.000
100,7,1.161,1.161,1.161,0.027,0.027,0.027,0.000,0.000
100,7,1.077,1.077,1.077,0.029,0.029,0.029,0.000,0.000
100,7,1.160,1.160,1.160,0.028,0.028,0.028,0.000,0.000
100,7,1.168,1.168,1.168,0.034,0.034,0.034,0.000,0.000
100,7,1.111,1.111,1.111,0.029,0.029,0.029,0.000,0.000
100,7,1.197,1.197,1.197,0.030,0.030,0.030,0.000,0.000
100,7,1.148,1.148,1.148,0.037,0.037,0.037,0.000,0.000
100,7,1.141,1.141,1.141,0.042,0.042,0.042,0.000,0.000
100,7,1.044,1.044,1.044,0.026,0.026,0.026,0.000,0.000
100,7,1.198,1.198,1.198,0.033,0.033,0.033,0.000,0.000
100,7,1.123,1.123,1.123,0.027,0.027,0.027,0.000,0.000
100,7,1.153,1.153,1.153,0.039,0.039,0.039,0.000,0.000
100,7,1.076,1.076,1.076,0.026,0.026,0.026,0.000,0.000
100,7,1.109,1.109,1.109,0.028,0.028,0.028,0.000,0.000
100,7,1.111,1.111,1.111,0.033,0.033,0.033,0.000,0.000
100,7,1.158,1.158,1.158,0.046,0.046,0.046,0.000,0.000
100,7,1.094,1.094,1.094,0.027,0.027,0.027,0.000,0.000
100,7,1.093,1.093,1.093,0.034,0.034,0.034,0.000,0.000
100,7,1.160,1.160,1.160,0.029,0.029,0.029,0.000,0.000
100,7,1.080,1.080,1.080,0.028,0.028,0.028,0.000,0.000
100,7,1.124,1.124,1.124,0.030,0.030,0.030,0.000,0.000
100,7,1.095,1.095,1.095,0.032,0.032,0.032,0.000,0.000
100,7,1.098,1.098,1.098,0.033,0.033,0.033,0.000,0.000
100,7,1.056,1.056,1.056,0.035,0.035,0.035,0.000,0.000
100,7,1.097,1.097,1.097,0.027,0.027,0.027,0.000,0.000
100,7,1.088,1.088,1.088,0.032,0.032,0.032,0.000,0.000
100,7,1.125,1.125,1.125,0.032,0.032,0.032,0.000,0.000
100,7,1.081,1.081,1.081,0.040,0.040,0.040,0.000,0.000
100,7,1.194,1.194,1.194,0.034,0.034,0.034,0.000,0.000
100,7,1.180,1.180,1.180,0.035,0.035,0.035,0.000,0.000
100,7,1.092,1.092,1.092,0.045,0.045,0.045,0.000,0.000
100,7,1.070,1.070,1.070,0.030,0.030,0.030,0.000,0.000
100,7,1.120,1.120,1.120,0.029,0.029,0.029,0.000,0.000
100,7,1.092,1.092,1.092,0.027,0.027,0.027,0.000,0.000
100,7,1.125,1.125,1.125,0.027,0.027,0.027,0.000,0.000
100,7,1.114,1.114,1.114,0.032,0.032,0.032,0.000,0.000
100,7,1.082,1.082,1.082,0.035,0.035,0.035,0.000,0.000
100,7,1.069,1.069,1.069,0.031,0.031,0.031,0.000,0.000
100,7,1.100,1.100,1.100,0.027,0.027,0.027,0.000,0.000
100,7,1.082,1.082,1.082,0.065,0.065,0.065,0.000,0.000
100,7,1.159,1.159,1.159,0.034,0.034,0.034,0.000,0.000
100,8,1.075,1.075,1.075,0.034,0.034,0.034,0.000,0.000
100,8,1.154,1.154,1.154,0.030,0.030,0.030,0.000,0.000
100,8,1.057,1.057,1.057,0.058,0.058,0.058,0.000,0.000
100,8,1.088,1.088,1.088,0.030,0.030,0.030,0.000,0.000
100,8,1.131,1.131,1.131,0.036,0.036,0.036,0.000,0.000
100,8,1.085,1.085,1.085,0.038,0.038,0.038,0.000,0.000
100,8,1.081,1.081,1.081,0.036,0.036,0.036,0.000,0.000
100,8,1.047,1.047,1.047,0.040,0.040,0.040,0.000,0.000
100,8,1.158,1.158,1.158,0.033,0.033,0.033,0.000,0.000
100,8,1.131,1.131,1.131,0.033,0.033,0.033,0.000,0.000
100,8,1.102,1.102,1.102,0.040,0.040,0.040,0.000,0.000
100,8,1.078,1.078,1.078,0.030,0.030,0.030,0.000,0.000
100,8,1.098,1.098,1.098,0.029,0.029,0.029,0.000,0.000
100,8,1.087,1.087,1.087,0.030,0.030,0.030,0.000,0.000
100,8,1.066,1.066,1.066,0.034,0.034,0.034,0.000,0.000
100,8,1.105,1.105,1.105,0.029,0.029,0.029,0.000,0.000
100,8,1.129,1.129,1.129,0.039,0.039,0.039,0.000,0.000
100,8,1.069,1.069,1.069,0.032,0.032,0.032,0.000,0.000
100,8,1.191,1.191,1.191,0.033,0.033,0.033,0.000,0.000
100,8,1.105,1.105,1.105,0.034,0.034,0.034,0.000,0.000
100,8,1.094,1.094,1.094,0.029,0.029,0.029,0.000,0.000
100,8,1.123,1.123,1.123,0.032,0.032,0.032,0.000,0.000
100,8,1.206,1.206,1.206,0.066,0.066,0.066,0.000,0.000
100,8,1.110,1.110,1.110,0.032,0.032,0.032,0.000,0.000
100,8,1.113,1.113,1.113,0.036,0.036,0.036,0.000,0.000
100,8,1.118,1.118,1.118,0.028,0.028,0.028,0.000,0.000
100,8,1.060,1.060,1.060,0.028,0.028,0.028,0.000,0.000
100,8,1.056,1.056,1.056,0.030,0.030,0.030,0.000,0.000
100,8,1.101,1.101,1.101,0.032,0.032,0.032,0.000,0.000
100,8,1.132,1.132,1.132,0.032,0.032,0.032,0.000,0.000
100,8,1.085,1.085,1.085,0.027,0.027,0.027,0.000,0.000
100,8,1.085,1.085,1.085,0.031,0.031,0.031,0.000,0.000
100,8,1.135,1.135,1.135,0.031,0.031,0.031,0.000,0.000
100,8,1.067,1.067,1.067,0.036,0.036,0.036,0.000,0.000
100,8,1.096,1.096,1.096,0.032,0.032,0.032,0.000,0.000
100,8,1.053,1.053,1.053,0.027,0.027,0.027,0.000,0.000
100,8,1.074,1.074,1.074,0.037,0.037,0.037,0.000,0.000
100,8,1.050,1.050,1.050,0.028,0.028,0.028,0.000,0.000
100,8,1.053,1.053,1.053,0.031,0.031,0.031,0.000,0.000
100,8,1.089,1.089,1.089,0.031,0.031,0.031,0.000,0.000
100,8,1.137,1.137,1.137,0.028,0.028,0.028,0.000,0.000
100,8,1.140,1.140,1.140,0.030,0.030,0.030,0.000,0.000
100,8,1.076,1.076,1.076,0.030,0.030,0.030,0.000,0.000
100,8,1.110,1.110,1.110,0.030,0.030,0.030,0.000,0.000
100,8,1.136,1.136,1.136,0.027,0.027,0.027,0.000,0.000
100,8,1.141,1.141,1.141,0.029,0.029,0.029,0.000,0.000
100,8,1.136,1.136,1.136,0.029,0.029,0.029,0.000,0.000
100,8,1.090,1.090,1.090,0.034,0.034,0.034,0.000,0.000
100,8,1.083,1.083,1.083,0.026,0.026,0.026,0.000,0.000
100,8,1.130,1.130,1.130,0.030,0.030,0.030,0.000,0.000
100,8,1.109,1.109,1.109,0.034,0.034,0.034,0.000,0.000
100,8,1.073,1.073,1.073,0.027,0.027,0.027,0.000,0.000
100,8,1.112,1.112,1.112,0.026,0.026,0.026,0.000,0.000
100,8,1.108,1.108,1.108,0.027,0.027,0.027,0.000,0.000
100,8,1.079,1.079,1.079,0.029,0.029,0.029,0.000,0.000
100,8,1.103,1.103,1.103,0.028,0.028,0.028,0.000,0.000
100,8,1.046,1.046,1.046,0.029,0.029,0.029,0.000,0.000
100,8,1.083,1.083,1.083,0.032,0.032,0.032,0.000,0.000
100,8,1.284,1.284,1.284,0.072,0.072,0.072,0.000,0.000
100,8,1.158,1.158,1.158,0.064,0.064,0.064,0.000,0.000
100,8,1.059,1.059,1.059,0.031,0.031,0.031,0.000,0.000
100,8,1.154,1.154,1.154,0.030,0.030,0.030,0.000,0.000
100,8,1.080,1.080,1.080,0.030,0.030,0.030,0.000,0.000
100,8,1.084,1.084,1.084,0.028,0.028,0.028,0.000,0.000
100,8,1.132,1.132,1.132,0.031,0.031,0.031,0.000,0.000
100,8,1.213,1.213,1.213,0.033,0.033,0.033,0.000,0.000
100,8,1.057,1.057,1.057,0.030,0.030,0.030,0.000,0.000
100,8,1.088,1.088,1.088,0.030,0.030,0.030,0.000,0.000
100,8,1.057,1.057,1.057,0.030,0.030,0.030,0.000,0.000
100,8,1.043,1.043,1.043,0.034,0.034,0.034,0.000,0.000
100,8,1.114,1.114,1.114,0.027,0.027,0.027,0.000,0.000
100,8,1.200,1.200,1.200,0.029,0.029,0.029,0.000,0.000
100,8,1.153,1.153,1.153,0.031,0.031,0.031,0.000,0.000
100,8,1.113,1.113,1.113,0.034,0.034,0.034,0.000,0.000
100,8,1.068,1.068,1.068,0.035,0.035,0.035,0.000,0.000
100,8,1.165,1.165,1.165,0.028,0.028,0.028,0.000,0.000
100,8,1.090,1.090,1.090,0.031,0.031,0.031,0.000,0.000
100,8,1.107,1.107,1.107,0.029,0.029,0.029,0.000,0.000
100,8,1.071,1.071,1.071,0.032,0.032,0.032,0.000,0.000
100,8,1.206,1.206,1.206,0.045,0.045,0.045,0.000,0.000
100,8,1.191,1.191,1.191,0.027,0.027,0.027,0.000,0.000
100,8,1.099,1.099,1.099,0.039,0.039,0.039,0.000,0.000
100,8,1.156,1.156,1.156,0.029,0.029,0.029,0.000,0.000
100,8,1.039,1.039,1.039,0.036,0.036,0.036,0.000,0.000
100,8,1.074,1.074,1.074,0.032,0.032,0.032,0.000,0.000
100,8,1.153,1.153,1.153,0.034,0.034,0.034,0.000,0.000
100,8,1.076,1.076,1.076,0.033,0.033,0.033,0.000,0.000
100,8,1.059,1.059,1.059,0.029,0.029,0.029,0.000,0.000
100,8,1.184,1.184,1.184,0.028,0.028,0.028,0.000,0.000
100,8,1.081,1.081,1.081,0.028,0.028,0.028,0.000,0.000
100,8,1.205,1.205,1.205,0.029,0.029,0.029,0.000,0.000
100,8,1.085,1.085,1.085,0.029,0.029,0.029,0.000,0.000
100,8,1.119,1.119,1.119,0.033,0.033,0.033,0.000,0.000
100,8,1.094,1.094,1.094,0.031,0.031,0.031,0.000,0.000
100,8,1.086,1.086,1.086,0.030,0.030,0.030,0.000,0.000
100,8,1.187,1.187,1.187,0.029,0.029,0.029,0.000,0.000
100,8,1.067,1.067,1.067,0.030,0.030,0.030,0.000,0.000
100,8,1.092,1.092,1.092,0.027,0.027,0.027,0.000,0.000
100,8,1.087,1.087,1.087,0.033,0.033,0.033,0.000,0.000
100,8,1.072,1.072,1.072,0.033,0.033,0.033,0.000,0.000
100,9,1.144,1.144,1.144,0.026,0.026,0.026,0.000,0.000
100,9,1.124,1.124,1.124,0.027,0.027,0.027,0.000,0.000
100,9,1.073,1.073,1.073,0.029,0.029,0.029,0.000,0.000
100,9,1.117,1.117,1.117,0.032,0.032,0.032,0.000,0.000
100,9,1.059,1.059,1.059,0.031,0.031,0.031,0.000,0.000
100,9,1.159,1.159,1.159,0.029,0.029,0.029,0.000,0.000
100,9,1.058,1.058,1.058,0.026,0.026,0.026,0.000,0.000
100,9,1.061,1.061,1.061,0.034,0.034,0.034,0.000,0.000
100,9,1.090,1.090,1.090,0.030,0.030,0.030,0.000,0.000
100,9,1.104,1.104,1.104,0.036,0.036,0.036,0.000,0.000
100,9,1.106,1.106,1.106,0.032,0.032,0.032,0.000,0.000
100,9,1.087,1.087,1.087,0.027,0.027,0.027,0.000,0.000
100,9,1.081,1.081,1.081,0.026,0.026,0.026,0.000,0.000
100,9,1.177,1.177,1.177,0.031,0.031,0.031,0.000,0.000
100,9,1.117,1.117,1.117,0.027,0.027,0.027,0.000,0.000
100,9,1.062,1.062,1.062,0.038,0.038,0.038,0.000,0.000
100,9,1.090,1.090,1.090,0.027,0.027,0.027,0.000,0.000
100,9,1.149,1.149,1.149,0.029,0.029,0.029,0.000,0.000
100,9,1.227,1.227,1.227,0.026,0.026,0.026,0.000,0.000
100,9,1.092,1.092,1.092,0.028,0.028,0.028,0.000,0.000
100,9,1.267,1.267,1.267,0.027,0.027,0.027,0.000,0.000
100,9,1.081,1.081,1.081,0.031,0.031,0.031,0.000,0.000
100,9,1.102,1.102,1.102,0.028,0.028,0.028,0.000,0.000
100,9,1.094,1.094,1.094,0.033,0.033,0.033,0.000,0.000
100,9,1.078,1.078,1.078,0.030,0.030,0.030,0.000,0.000
100,9,1.054,1.054,1.054,0.027,0.027,0.027,0.000,0.000
100,9,1.076,1.076,1.076,0.032,0.032,0.032,0.000,0.000
100,9,1.102,1.102,1.102,0.028,0.028,0.028,0.000,0.000
100,9,1.272,1.272,1.272,0.036,0.036,0.036,0.000,0.000
100,9,1.080,1.080,1.080,0.028,0.028,0.028,0.000,0.000
100,9,1.103,1.103,1.103,0.029,0.029,0.029,0.000,0.000
100,9,1.160,1.160,1.160,0.032,0.032,0.032,0.000,0.000
100,9,1.096,1.096,1.096,0.040,0.040,0.040,0.000,0.000
100,9,1.172,1.172,1.172,0.029,0.029,0.029,0.000,0.000
100,9,1.181,1.181,1.181,0.030,0.030,0.030,0.000,0.000
100,9,1.110,1.110,1.110,0.028,0.028,0.028,0.000,0.000
100,9,1.099,1.099,1.099,0.034,0.034,0.034,0.000,0.000
100,9,1.143,1.143,1.143,0.028,0.028,0.028,0.000,0.000
100,9,1.074,1.074,1.074,0.029,0.029,0.029,0.000,0.000
100,9,1.083,1.083,1.083,0.034,0.034,0.034,0.000,0.000
100,9,1.126,1.126,1.126,0.030,0.030,0.030,0.000,0.000
100,9,1.054,1.054,1.054,0.029,0.029,0.029,0.000,0.000
100,9,1.202,1.202,1.202,0.035,0.035,0.035,0.000,0.000
100,9,1.139,1.139,1.139,0.033,0.033,0.033,0.000,0.000
100,9,1.150,1.150,1.150,0.034,0.034,0.034,0.000,0.000
100,9,1.155,1.155,1.155,0.028,0.028,0.028,0.000,0.000
100,9,1.092,1.092,1.092,0.031,0.031,0.031,0.000,0.000
100,9,1.112,1.112,1.112,0.041,0.041,0.041,0.000,0.000
100,9,1.057,1.057,1.057,0.033,0.033,0.033,0.000,0.000
100,9,1.094,1.094,1.094,0.027,0.027,0.027,0.000,0.000
100,9,1.068,1.068,1.068,0.030,0.030,0.030,0.000,0.000
100,9,1.034,1.034,1.034,0.036,0.036,0.036,0.000,0.000
100,9,1.142,1.142,1.142,0.030,0.030,0.030,0.000,0.000
100,9,1.081,1.081,1.081,0.029,0.029,0.029,0.000,0.000
100,9,1.131,1.131,1.131,0.030,0.030,0.030,0.000,0.000
100,9,1.197,1.197,1.197,0.028,0.028,0.028,0.000,0.000
100,9,1.098,1.098,1.098,0.026,0.026,0.026,0.000,0.000
100,9,1.200,1.200,1.200,0.030,0.030,0.030,0.000,0.000
100,9,1.037,1.037,1.037,0.035,0.035,0.035,0.000,0.000
100,9,1.189,1.189,1.189,0.030,0.030,0.030,0.000,0.000
100,9,1.212,1.212,1.212,0.038,0.038,0.038,0.000,0.000
100,9,1.120,1.120,1.120,0.030,0.030,0.030,0.000,0.000
100,9,1.120,1.120,1.120,0.029,0.029,0.029,0.000,0.000
100,9,1.204,1.204,1.204,0.030,0.030,0.030,0.000,0.000
100,9,1.070,1.070,1.070,0.032,0.032,0.032,0.000,0.000
100,9,1.050,1.050,1.050,0.028,0.028,0.028,0.000,0.000
100,9,1.126,1.126,1.126,0.033,0.033,0.033,0.000,0.000
100,9,1.140,1.140,1.140,0.028,0.028,0.028,0.000,0.000
100,9,1.105,1.105,1.105,0.036,0.036,0.036,0.000,0.000
100,9,1.077,1.077,1.077,0.032,0.032,0.032,0.000,0.000
100,9,1.097,1.097,1.097,0.032,0.032,0.032,0.000,0.000
100,9,1.221,1.221,1.221,0.029,0.029,0.029,0.000,0.000
100,9,1.082,1.082,1.082,0.031,0.031,0.031,0.000,0.000
100,9,1.144,1.144,1.144,0.027,0.027,0.027,0.000,0.000
100,9,1.044,1.044,1.044,0.028,0.028,0.028,0.000,0.000
100,9,1.164,1.164,1.164,0.031,0.031,0.031,0.000,0.000
100,9,1.072,1.072,1.072,0.030,0.030,0.030,0.000,0.000
100,9,1.210,1.210,1.210,0.027,0.027,0.027,0.000,0.000
100,9,1.164,1.164,1.164,0.034,0.034,0.034,0.000,0.000
100,9,1.126,1.126,1.126,0.030,0.030,0.030,0.000,0.000
100,9,1.133,1.133,1.133,0.028,0.028,0.028,0.000,0.000
100,9,1.110,1.110,1.110,0.030,0.030,0.030,0.000,0.000
100,9,1.075,1.075,1.075,0.031,0.031,0.031,0.000,0.000
100,9,1.129,1.129,1.129,0.031,0.031,0.031,0.000,0.000
100,9,1.049,1.049,1.049,0.029,0.029,0.029,0.000,0.000
100,9,1.068,1.068,1.068,0.040,0.040,0.040,0.000,0.000
100,9,1.073,1.073,1.073,0.026,0.026,0.026,0.000,0.000
100,9,1.113,1.113,1.113,0.029,0.029,0.029,0.000,0.000
100,9,1.084,1.084,1.084,0.028,0.028,0.028,0.000,0.000
100,9,1.178,1.178,1.178,0.029,0.029,0.029,0.000,0.000
100,9,1.124,1.124,1.124,0.030,0.030,0.030,0.000,0.000
100,9,1.140,1.140,1.140,0.031,0.031,0.031,0.000,0.000
100,9,1.062,1.062,1.062,0.042,0.042,0.042,0.000,0.000
100,9,1.073,1.073,1.073,0.030,0.030,0.030,0.000,0.000
100,9,1.140,1.140,1.140,0.032,0.032,0.032,0.000,0.000
100,9,1.035,1.035,1.035,0.030,0.030,0.030,0.000,0.000
100,9,1.092,1.092,1.092,0.027,0.027,0.027,0.000,0.000
100,9,1.076,1.076,1.076,0.031,0.031,0.031,0.000,0.000
100,9,1.094,1.094,1.094,0.028,0.028,0.028,0.000,0.000
100,9,1.085,1.085,1.085,0.028,0.028,0.028,0.000,0.000
100,10,1.105,1.105,1.105,0.092,0.092,0.092,0.000,0.000
100,10,1.100,1.100,1.100,0.038,0.038,0.038,0.000,0.000
100,10,1.105,1.105,1.105,0.030,0.030,0.030,0.000,0.000
100,10,1.124,1.124,1.124,0.030,0.030,0.030,0.000,0.000
100,10,1.144,1.144,1.144,0.030,0.030,0.030,0.000,0.000
100,10,1.121,1.121,1.121,0.035,0.035,0.035,0.000,0.000
100,10,1.106,1.106,1.106,0.032,0.032,0.032,0.000,0.000
100,10,1.033,1.033,1.033,0.040,0.040,0.040,0.000,0.000
100,10,1.116,1.116,1.116,0.034,0.034,0.034,0.000,0.000
100,10,1.064,1.064,1.064,0.033,0.033,0.033,0.000,0.000
100,10,1.128,1.128,1.128,0.027,0.027,0.027,0.000,0.000
100,10,1.097,1.097,1.097,0.026,0.026,0.026,0.000,0.000
100,10,1.142,1.142,1.142,0.027,0.027,0.027,0.000,0.000
100,10,1.215,1.215,1.215,0.028,0.028,0.028,0.000,0.000
100,10,1.085,1.085,1.085,0.037,0.037,0.037,0.000,0.000
100,10,1.043,1.043,1.043,0.035,0.035,0.035,0.000,0.000
100,10,1.167,1.167,1.167,0.041,0.041,0.041,0.000,0.000
100,10,1.117,1.117,1.117,0.040,0.040,0.040,0.000,0.000
100,10,1.067,1.067,1.067,0.031,0.031,0.031,0.000,0.000
100,10,1.098,1.098,1.098,0.027,0.027,0.027,0.000,0.000
100,10,1.078,1.078,1.078,0.040,0.040,0.040,0.000,0.000
100,10,1.093,1.093,1.093,0.028,0.028,0.028,0.000,0.000
100,10,1.108,1.108,1.108,0.027,0.027,0.027,0.000,0.000
100,10,1.064,1.064,1.064,0.029,0.029,0.029,0.000,0.000
100,10,1.136,1.136,1.136,0.031,0.031,0.031,0.000,0.000
100,10,1.091,1.091,1.091,0.027,0.027,0.027,0.000,0.000
100,10,1.123,1.123,1.123,0.027,0.027,0.027,0.000,0.000
100,10,1.110,1.110,1.110,0.036,0.036,0.036,0.000,0.000
100,10,1.082,1.082,1.082,0.031,0.031,0.031,0.000,0.000
100,10,1.077,1.077,1.077,0.032,0.032,0.032,0.000,0.000
100,10,1.117,1.117,1.117,0.031,0.031,0.031,0.000,0.000
100,10,1.095,1.095,1.095,0.028,0.028,0.028,0.000,0.000
100,10,1.079,1.079,1.079,0.027,0.027,0.027,0.000,0.000
100,10,1.106,1.106,1.106,0.027,0.027,0.027,0.000,0.000
100,10,1.151,1.151,1.151,0.034,0.034,0.034,0.000,0.000
100,10,1.095,1.095,1.095,0.028,0.028,0.028,0.000,0.000
100,10,1.131,1.131,1.131,0.032,0.032,0.032,0.000,0.000
100,10,1.124,1.124,1.124,0.027,0.027,0.027,0.000,0.000
100,10,1.107,1.107,1.107,0.030,0.030,0.030,0.000,0.000
100,10,1.122,1.122,1.122,0.033,0.033,0.033,0.000,0.000
100,10,1.094,1.094,1.094,0.046,0.046,0.046,0.000,0.000
100,10,1.096,1.096,1.096,0.027,0.027,0.027,0.000,0.000
100,10,1.101,1.101,1.101,0.027,0.027,0.027,0.000,0.000
100,10,1.065,1.065,1.065,0.035,0.035,0.035,0.000,0.000
100,10,1.079,1.079,1.079,0.032,0.032,0.032,0.000,0.000
100,10,1.161,1.161,1.161,0.033,0.033,0.033,0.000,0.000
100,10,1.078,1.078,1.078,0.027,0.027,0.027,0.000,0.000
100,10,1.104,1.104,1.104,0.033,0.033,0.033,0.000,0.000
100,10,1.091,1.091,1.091,0.033,0.033,0.033,0.000,0.000
100,10,1.139,1.139,1.139,0.038,0.038,0.038,0.000,0.000
100,10,1.133,1.133,1.133,0.030,0.030,0.030,0.000,0.000
100,10,1.155,1.155,1.155,0.027,0.027,0.027,0.000,0.000
100,10,1.111,1.111,1.111,0.032,0.032,0.032,0.000,0.000
100,10,1.161,1.161,1.161,0.029,0.029,0.029,0.000,0.000
100,10,1.109,1.109,1.109,0.031,0.031,0.031,0.000,0.000
100,10,1.080,1.080,1.080,0.039,0.039,0.039,0.000,0.000
100,10,1.118,1.118,1.118,0.029,0.029,0.029,0.000,0.000
100,10,1.101,1.101,1.101,0.031,0.031,0.031,0.000,0.000
100,10,1.054,1.054,1.054,0.032,0.032,0.032,0.000,0.000
100,10,1.090,1.090,1.090,0.030,0.030,0.030,0.000,0.000
100,10,1.124,1.124,1.124,0.031,0.031,0.031,0.000,0.000
100,10,1.061,1.061,1.061,0.032,0.032,0.032,0.000,0.000
100,10,1.152,1.152,1.152,0.037,0.037,0.037,0.000,0.000
100,10,1.082,1.082,1.082,0.030,0.030,0.030,0.000,0.000
100,10,1.095,1.095,1.095,0.028,0.028,0.028,0.000,0.000
100,10,1.132,1.132,1.132,0.029,0.029,0.029,0.000,0.000
100,10,1.073,1.073,1.073,0.027,0.027,0.027,0.000,0.000
100,10,1.132,1.132,1.132,0.031,0.031,0.031,0.000,0.000
100,10,1.107,1.107,1.107,0.028,0.028,0.028,0.000,0.000
100,10,1.106,1.106,1.106,0.027,0.027,0.027,0.000,0.000
100,10,1.094,1.094,1.094,0.030,0.030,0.030,0.000,0.000
100,10,1.144,1.144,1.144,0.028,0.028,0.028,0.000,0.000
100,10,1.037,1.037,1.037,0.033,0.033,0.033,0.000,0.000
100,10,1.082,1.082,1.082,0.032,0.032,0.032,0.000,0.000
100,10,1.039,1.039,1.039,0.030,0.030,0.030,0.000,0.000
100,10,1.152,1.152,1.152,0.027,0.027,0.027,0.000,0.000
100,10,1.126,1.126,1.126,0.026,0.026,0.026,0.000,0.000
100,10,1.111,1.111,1.111,0.027,0.027,0.027,0.000,0.000
100,10,1.097,1.097,1.097,0.029,0.029,0.029,0.000,0.000
100,10,1.163,1.163,1.163,0.031,0.031,0.031,0.000,0.000
100,10,1.122,1.122,1.122,0.032,0.032,0.032,0.000,0.000
100,10,1.139,1.139,1.139,0.029,0.029,0.029,0.000,0.000
100,10,1.132,1.132,1.132,0.027,0.027,0.027,0.000,0.000
100,10,1.148,1.148,1.148,0.034,0.034,0.034,0.000,0.000
100,10,1.081,1.081,1.081,0.028,0.028,0.028,0.000,0.000
100,10,1.101,1.101,1.101,0.032,0.032,0.032,0.000,0.000
100,10,1.125,1.125,1.125,0.027,0.027,0.027,0.000,0.000
100,10,1.092,1.092,1.092,0.027,0.027,0.027,0.000,0.000
100,10,1.180,1.180,1.180,0.026,0.026,0.026,0.000,0.000
100,10,1.136,1.136,1.136,0.033,0.033,0.033,0.000,0.000
100,10,1.062,1.062,1.062,0.028,0.028,0.028,0.000,0.000
100,10,1.109,1.109,1.109,0.029,0.029,0.029,0.000,0.000
100,10,1.053,1.053,1.053,0.036,0.036,0.036,0.000,0.000
100,10,1.131,1.131,1.131,0.030,0.030,0.030,0.000,0.000
100,10,1.088,1.088,1.088,0.035,0.035,0.035,0.000,0.000
100,10,1.095,1.095,1.095,0.030,0.030,0.030,0.000,0.000
100,10,1.163,1.163,1.163,0.033,0.033,0.033,0.000,0.000
100,10,1.068,1.068,1.068,0.030,0.030,0.030,0.000,0.000
100,10,1.115,1.115,1.115,0.031,0.031,0.031,0.000,0.000
100,10,1.229,1.229,1.229,0.029,0.029,0.029,0.000,0.000
